PeakID	Chr	Start	End	Strand	Peak Score	Focus Ratio/Region Size	Annotation	Detailed Annotation	Distance to TSS	Nearest PromoterID	Entrez ID	Nearest Unigene	Nearest Refseq	Nearest Ensembl	Gene Name	Gene Alias	Gene Description
MA2C_peak_223	chrI	7079631	7086382	+	5.3931	NA	Intergenic	Intergenic	-1485	NM_059604	172441	Cel.6620	NM_059604		F22D6.2	-	hypothetical protein
MA2C_peak_1162	chrIII	7334159	7338066	+	5.1991	NA	promoter-TSS (NM_001027445)	promoter-TSS (NM_001027445)	-402	NM_001027445	3564807	Cel.24408	NM_001027445		gsp-2	-	yeast Glc Seven-like Phosphatases
MA2C_peak_832	chrII	11976404	11981187	+	5.1529	NA	exon (NM_182251, exon 2 of 2)	exon (NM_182251, exon 2 of 2)	663	NM_001129179	174837	Cel.7110	NM_001129179		Y17G7B.20	-	hypothetical protein
MA2C_peak_654	chrII	7614445	7617020	+	5.1470	NA	promoter-TSS (NM_063197)	promoter-TSS (NM_063197)	-651	NM_063197	174233	Cel.34286	NM_063197		cdc-42	-	Cell Division Cycle related
MA2C_peak_1064	chrIII	5704929	5708078	+	5.1255	NA	promoter-TSS (NM_065830)	promoter-TSS (NM_065830)	-425	NM_065830	175796	Cel.8234	NM_065830		rpl-23	-	Ribosomal Protein, Large subunit
MA2C_peak_11	chrI	534628	537977	+	5.0844	NA	promoter-TSS (NM_171831)	promoter-TSS (NM_171831)	508	NM_182046	171646	Cel.7722	NM_058348		Y65B4BR.5	-	hypothetical protein
MA2C_peak_1717	chrIV	13238709	13241547	+	5.0624	NA	promoter-TSS (NM_171422)	promoter-TSS (NM_171422)	400	NR_002385	178279	Cel.22878	NM_001047495		rpl-12	-	Ribosomal Protein, Large subunit
MA2C_peak_1386	chrIII	13461750	13467073	+	5.0537	NA	promoter-TSS (NM_067384)	promoter-TSS (NM_067384)	-298	NM_067384	176775	Cel.17370	NM_067383		kel-3	-	KELch-repeat containing protein
MA2C_peak_392	chrI	10434635	10437870	+	5.0405	NA	promoter-TSS (NM_001026539)	promoter-TSS (NM_001026539)	-2	NM_060327	172921	Cel.6902	NM_060327		rpl-30	-	Ribosomal Protein, Large subunit
MA2C_peak_1152	chrIII	7178151	7182401	+	5.0291	NA	promoter-TSS (NM_066171)	promoter-TSS (NM_066171)	98	NM_066172	176007	Cel.20089	NM_066172		rpl-36	-	Ribosomal Protein, Large subunit
MA2C_peak_1364	chrIII	12606516	12609848	+	5.0241	NA	promoter-TSS (NM_067242)	promoter-TSS (NM_067242)	165	NM_067241	176679	Cel.8438	NM_067241		epc-1	-	Enhancer of PolyComb-like
MA2C_peak_810	chrII	11451886	11454485	+	5.0237	NA	promoter-TSS (NM_064040)	promoter-TSS (NM_064040)	-314	NM_064040	174747	Cel.7900	NM_064040		rsp-2	-	SR Protein (splicing factor)
MA2C_peak_339	chrI	9378597	9381449	+	5.0200	NA	intron (NM_001026219, intron 5 of 15)	intron (NM_001026219, intron 5 of 15)	9602	NM_001026219	172761	Cel.5259	NM_001026217		ppfr-1	-	Protein Phosphatase Four Regulatory subunit
MA2C_peak_207	chrI	6788704	6791572	+	5.0075	NA	promoter-TSS (NM_059543)	promoter-TSS (NM_059543)	-397	NM_059543	172401	Cel.20069	NM_059543		C37A2.7	-	hypothetical protein
MA2C_peak_1041	chrIII	5227279	5230605	+	5.0047	NA	exon (NM_065710, exon 3 of 5)	exon (NM_065710, exon 3 of 5)	568	NM_065710	175716	Cel.37995	NM_065710		atp-2	-	ATP synthase subunit
MA2C_peak_991	chrIII	4474357	4477156	+	5.0029	NA	promoter-TSS (NM_065508)	promoter-TSS (NM_065508)	-130	NM_065509	175584	Cel.10397	NM_065509		rps-1	-	Ribosomal Protein, Small subunit
MA2C_peak_728	chrII	9053775	9058031	+	4.9994	NA	TTS (NM_063533)	TTS (NM_063533)	1005	NM_063532	174442	Cel.14308	NM_063532		T24B8.2	-	hypothetical protein
MA2C_peak_1568	chrIV	7908449	7911548	+	4.9926	NA	promoter-TSS (NM_068916)	promoter-TSS (NM_068916)	-541	NM_068916	177578	Cel.5017	NM_068916		C49H3.9	-	hypothetical protein
MA2C_peak_1686	chrIV	11855613	11858463	+	4.9792	NA	promoter-TSS (NM_069845)	promoter-TSS (NM_069845)	-692	NM_069845	3564942	Cel.12975	NM_069845		ech-2	-	Enoyl-CoA Hydratase
MA2C_peak_1657	chrIV	11081096	11083954	+	4.9780	NA	promoter-TSS (NM_069664)	promoter-TSS (NM_069664)	-300	NM_069664	178006	Cel.18192	NM_069664		let-70	-	LEThal
MA2C_peak_708	chrII	8601766	8604480	+	4.9605	NA	promoter-TSS (NM_063421)	promoter-TSS (NM_063421)	221	NR_003407	4926904	Cel.34672	NR_003407		F28C6.11	-	ncRNA
MA2C_peak_967	chrIII	4086136	4088739	+	4.9548	NA	promoter-TSS (NM_065417)	promoter-TSS (NM_065417)	-821	NM_065417	175524	Cel.38007	NM_065417		kin-19	-	protein KINase
MA2C_peak_3	chrI	108413	112276	+	4.9536	NA	promoter-TSS (NM_058274)	promoter-TSS (NM_058274)	-287	NM_058274	171601	Cel.17482	NM_058274		rab-11.1	-	RAB family
MA2C_peak_491	chrI	14755568	14758167	+	4.9422	NA	promoter-TSS (NM_061168)	promoter-TSS (NM_061168)	22	NM_061169	173341	Cel.8844	NM_061169		dnj-12	-	DNaJ domain (prokaryotic heat shock protein)
MA2C_peak_2052	chrV	14684503	14689531	+	4.9277	NA	exon (NM_074225, exon 3 of 5)	exon (NM_074225, exon 3 of 5)	-1487	NM_074224	179970	Cel.4480	NM_074224		C47E8.4	-	hypothetical protein
MA2C_peak_429	chrI	11929219	11931923	+	4.8851	NA	promoter-TSS (NM_060628)	promoter-TSS (NM_060628)	-144	NM_060628	173076	Cel.18323	NM_060628		R06C1.4	-	hypothetical protein
MA2C_peak_119	chrI	4643743	4648174	+	4.8310	NA	TTS (NM_059014)	TTS (NM_059014)	822	NR_003378	4926903		NR_003378		B0041.9	-	ncRNA
MA2C_peak_387	chrI	10330036	10333864	+	4.8240	NA	TTS (NM_060307)	TTS (NM_060307)	1088	NM_060307	172901	Cel.6314	NM_060307		rps-7	-	Ribosomal Protein, Small subunit
MA2C_peak_2055	chrV	15000439	15003488	+	4.8200	NA	promoter-TSS (NM_074291)	promoter-TSS (NM_074291)	113	NM_074290	179999	Cel.23500	NM_074290		fib-1	-	FIBrillarin family
MA2C_peak_1740	chrIV	14823518	14826834	+	4.8199	NA	promoter-TSS (NM_070392)	promoter-TSS (NM_070392)	-37	NM_070392	178407	Cel.17324	NM_070392		Y57G11C.15	-	hypothetical protein
MA2C_peak_219	chrI	7019556	7022905	+	4.8150	NA	promoter-TSS (NM_059594)	promoter-TSS (NM_059594)	-431	NM_059594	172433	Cel.17292	NM_059594		pdi-3	-	Protein Disulfide Isomerase
MA2C_peak_975	chrIII	4193455	4197570	+	4.7948	NA	TTS (NM_001083177)	TTS (NM_001083177)	1589	NM_001083176	175541	Cel.18091	NM_001083176		xbp-1	-	X-box Binding Protein homolog
MA2C_peak_714	chrII	8784515	8789414	+	4.7793	NA	Intergenic	Intergenic	-3398	NM_063466	184162	Cel.15506	NM_063466		sgn-1	-	SarcoGlycaN
MA2C_peak_1156	chrIII	7206993	7210024	+	4.7699	NA	promoter-TSS (NR_002647)	promoter-TSS (NR_002647)	-34	NR_002647	3564962	Cel.34701	NR_002647		R151.11	-	ncRNA
MA2C_peak_616	chrII	6587099	6590348	+	4.7466	NA	promoter-TSS (NM_062935)	promoter-TSS (NM_062935)	-95	NM_062935	174090	Cel.18280	NM_062935		icd-1	-	Inhibitor of Cell Death
MA2C_peak_1255	chrIII	9454849	9457604	+	4.7372	NA	promoter-TSS (NM_066678)	promoter-TSS (NM_066678)	-238	NM_001025962	176328	Cel.18080	NM_001025962		spk-1	-	SR Protein Kinase
MA2C_peak_36	chrI	1831901	1836858	+	4.7280	NA	promoter-TSS (NM_058504)	promoter-TSS (NM_058504)	-503	NM_058504	171750	Cel.19696	NM_058504		rpl-27	-	Ribosomal Protein, Large subunit
MA2C_peak_1274	chrIII	9764313	9766912	+	4.7222	NA	promoter-TSS (NM_066759)	promoter-TSS (NM_066759)	-803	NM_001129239	176380	Cel.22950	NM_001129239		cbp-1	-	CBP/p300 homolog
MA2C_peak_1869	chrV	7774980	7777686	+	4.7122	NA	promoter-TSS (NM_072605)	promoter-TSS (NM_072605)	-224	NM_072606	179154	Cel.8580	NM_072606		rps-30	-	Ribosomal Protein, Small subunit
MA2C_peak_1635	chrIV	10174743	10177727	+	4.7121	NA	promoter-TSS (NM_069458)	promoter-TSS (NM_069458)	-415	NM_069458	177895	Cel.4889	NM_069458		rack-1	-	RACK1 (mammalian Receptor of Activated C Kinase) homolog
MA2C_peak_57	chrI	2874966	2878278	+	4.7023	NA	promoter-TSS (NM_058660)	promoter-TSS (NM_058660)	-309	NM_058660	171853	Cel.18297	NM_058660		rpl-1	-	Ribosomal Protein, Large subunit
MA2C_peak_43	chrI	2069162	2071965	+	4.7005	NA	promoter-TSS (NM_170818)	promoter-TSS (NM_170818)	46	NM_058527	171767	Cel.8701	NM_058526		Y37E3.8	-	hypothetical protein
MA2C_peak_1276	chrIII	9779871	9782720	+	4.6897	NA	promoter-TSS (NM_066765)	promoter-TSS (NM_066765)	144	NM_066764	176383	Cel.19685	NM_066764		vha-1	-	Vacuolar H ATPase
MA2C_peak_116	chrI	4583445	4586445	+	4.6708	NA	promoter-TSS (NM_058997)	promoter-TSS (NM_058997)	-169	NM_058998	172062	Cel.18345	NM_058998		rpl-24.1	-	Ribosomal Protein, Large subunit
MA2C_peak_1244	chrIII	9051802	9055507	+	4.6686	NA	promoter-TSS (NM_066602)	promoter-TSS (NM_066602)	41	NM_066602	176279	Cel.10161	NM_066602		R107.5	-	hypothetical protein
MA2C_peak_1441	chrIV	2387915	2390768	+	4.6680	NA	promoter-TSS (NM_067796)	promoter-TSS (NM_067796)	-100	NM_067797	177028	Cel.6713	NM_067797		trap-3	-	TRanslocon-Associated Protein
MA2C_peak_315	chrI	8813025	8817478	+	4.6599	NA	TTS (NM_059982)	TTS (NM_059982)	935	NM_059983	172693	Cel.8614	NM_059983		rps-15	-	Ribosomal Protein, Small subunit
MA2C_peak_101	chrI	4138137	4140998	+	4.6596	NA	promoter-TSS (NM_058903)	promoter-TSS (NM_058903)	52	NM_001128967	171998	Cel.19005	NM_001128967		E01A2.1	-	hypothetical protein
MA2C_peak_946	chrIII	3321277	3324409	+	4.6587	NA	promoter-TSS (NM_065290)	promoter-TSS (NM_065290)	-116	NM_065290	175435	Cel.7422	NM_065290		Y53G8AR.2	-	hypothetical protein
MA2C_peak_1109	chrIII	6373459	6376259	+	4.6503	NA	promoter-TSS (NM_065992)	promoter-TSS (NM_065992)	86	NM_065992	175901	Cel.7376	NM_065992		rps-13	-	Ribosomal Protein, Small subunit
MA2C_peak_1012	chrIII	4898272	4900852	+	4.6473	NA	promoter-TSS (NM_065625)	promoter-TSS (NM_065625)	-115	NM_065626	175655	Cel.7357	NM_065626		tag-340	-	Temporarily Assigned Gene name
MA2C_peak_1584	chrIV	8431081	8434180	+	4.6346	NA	promoter-TSS (NM_069035)	promoter-TSS (NM_069035)	-390	NM_069035	177644	Cel.5820	NM_069035		T26A8.1	-	hypothetical protein
MA2C_peak_1841	chrV	6224681	6227730	+	4.6286	NA	intron (NM_072195, intron 3 of 5)	intron (NM_072195, intron 3 of 5)	788	NM_072195	3564781	Cel.23182	NM_072195		W06H8.6	-	hypothetical protein
MA2C_peak_1006	chrIII	4752621	4755270	+	4.6277	NA	promoter-TSS (NM_065578)	promoter-TSS (NM_065578)	102	NM_065577	175628	Cel.10142	NM_065577		rps-0	-	Ribosomal Protein, Small subunit
MA2C_peak_61	chrI	2927594	2930486	+	4.6219	NA	promoter-TSS (NM_001129079)	promoter-TSS (NM_001129079)	646	NM_058675	171865	Cel.6508	NM_058675		trap-1	-	TRanslocon-Associated Protein
MA2C_peak_2037	chrV	14009949	14013202	+	4.6192	NA	promoter-TSS (NM_074078)	promoter-TSS (NM_074078)	219	NR_003170	179897	Cel.17681	NM_001047669		F58E10.3	-	hypothetical protein
MA2C_peak_1583	chrIV	8377592	8380423	+	4.6028	NA	promoter-TSS (NR_003447)	promoter-TSS (NR_003447)	-84	NR_003447	4926947	Cel.34678	NR_003447		D2096.14	-	ncRNA
MA2C_peak_397	chrI	10551395	10555447	+	4.5987	NA	promoter-TSS (NM_060361)	promoter-TSS (NM_060361)	481	NM_060360	172939	Cel.8678	NM_060360		F25H2.5	-	hypothetical protein
MA2C_peak_1187	chrIII	7972008	7974664	+	4.5779	NA	promoter-TSS (NM_066336)	promoter-TSS (NM_066336)	-21	NM_066336	176120	Cel.20650	NM_066336		F54H12.6	-	hypothetical protein
MA2C_peak_400	chrI	10565481	10569635	+	4.5779	NA	promoter-TSS (NM_060365)	promoter-TSS (NM_060365)	-323	NM_060365	172943	Cel.20069	NM_060365		rpa-0	-	Replication Protein A homolog
MA2C_peak_331	chrI	9162955	9165967	+	4.5581	NA	exon (NM_060056, exon 3 of 6)	exon (NM_060056, exon 3 of 6)	938	NM_060056	172743	Cel.17795	NM_060056		eft-2	-	Elongation FacTor
MA2C_peak_638	chrII	7104082	7106684	+	4.5554	NA	promoter-TSS (NM_063066)	promoter-TSS (NM_063066)	-112	NM_063067	174166	Cel.8345	NM_063067		rpl-33	-	Ribosomal Protein, Large subunit
MA2C_peak_627	chrII	6888391	6892050	+	4.5370	NA	exon (NM_063008, exon 1 of 4)	exon (NM_063008, exon 1 of 4)	135	NM_063008	174128	Cel.17877	NM_063008		C44B7.10	-	hypothetical protein
MA2C_peak_363	chrI	9787191	9790042	+	4.5191	NA	promoter-TSS (NM_060200)	promoter-TSS (NM_060200)	-123	NM_060200	172832	Cel.23146	NM_060200		cco-1	-	Cytochrome C Oxidase
MA2C_peak_431	chrI	12039906	12043766	+	4.5138	NA	intron (NM_060645, intron 1 of 1)	intron (NM_060645, intron 1 of 1)	811	NM_060645	186499	Cel.20330	NM_060645		F58D5.5	-	hypothetical protein
MA2C_peak_1569	chrIV	7923331	7927196	+	4.4917	NA	TTS (NM_068920)	TTS (NM_068920)	930	NM_068920	177582	Cel.20796	NM_068920		C49H3.3	-	hypothetical protein
MA2C_peak_1838	chrV	6098782	6101631	+	4.4872	NA	exon (NM_072174, exon 1 of 3)	exon (NM_072174, exon 1 of 3)	330	NM_072174	178997	Cel.4918	NM_072174		crt-1	-	CalReTiculin
MA2C_peak_1489	chrIV	4445032	4447815	+	4.4786	NA	promoter-TSS (NM_068166)	promoter-TSS (NM_068166)	428	NM_068168	177212	Cel.17489	NM_068168		htz-1	-	HisTone variant H2AZ homolog
MA2C_peak_1101	chrIII	6205439	6208177	+	4.4785	NA	promoter-TSS (NM_065947)	promoter-TSS (NM_065947)	63	NM_065948	175879	Cel.10141	NM_065948		rps-3	-	Ribosomal Protein, Small subunit
MA2C_peak_1764	chrIV	17277253	17281356	+	4.4695	NA	exon (NM_070667, exon 2 of 4)	exon (NM_070667, exon 2 of 4)	392	NM_070667	178507	Cel.5111	NM_070667		hsp-1	-	Heat Shock Protein
MA2C_peak_2321	chrX	12168997	12172155	+	4.4578	NA	exon (NM_077634, exon 2 of 2)	exon (NM_077634, exon 2 of 2)	1030	NM_077634	181381	Cel.23191	NM_077634		F57G12.1	-	hypothetical protein
MA2C_peak_737	chrII	9280166	9286133	+	4.4529	NA	Intergenic	Intergenic	-2748	NM_182118	174471	Cel.16006	NM_063577		tag-165	-	Temporarily Assigned Gene name
MA2C_peak_825	chrII	11747141	11749785	+	4.4378	NA	promoter-TSS (NM_064107)	promoter-TSS (NM_064107)	-729	NM_064107	174803	Cel.6600	NM_064107		gpb-1	-	G Protein, Beta subunit
MA2C_peak_71	chrI	3265312	3267911	+	4.4182	NA	promoter-TSS (NM_058731)	promoter-TSS (NM_058731)	152	NM_058732	171900	Cel.16472	NM_001047238		zip-4	-	bZIP transcription factor family
MA2C_peak_1901	chrV	9543661	9550462	+	4.4059	NA	promoter-TSS (NM_073065)	promoter-TSS (NM_073065)	5	NM_073065	179341	Cel.17998	NM_073065		his-37	-	HIStone
MA2C_peak_2209	chrX	6089918	6094023	+	4.3904	NA	5' UTR (NM_076618, exon 1 of 5)	5' UTR (NM_076618, exon 1 of 5)	114	NM_076618	180880	Cel.33294	NM_076618		hsp-3	-	Heat Shock Protein
MA2C_peak_1640	chrIV	10365478	10368827	+	4.3861	NA	promoter-TSS (NM_069511)	promoter-TSS (NM_069511)	610	NM_069512	177925	Cel.12478	NM_069512		R11A8.5	-	hypothetical protein
MA2C_peak_1463	chrIV	3382819	3386569	+	4.3829	NA	promoter-TSS (NM_182297)	promoter-TSS (NM_182297)	-550	NM_067934	177105	Cel.4966	NM_067934		B0546.4	-	hypothetical protein
MA2C_peak_965	chrIII	4017475	4020651	+	4.3613	NA	promoter-TSS (NM_065406)	promoter-TSS (NM_065406)	-975	NM_065406	192054	Cel.9962	NM_065406		T02C12.2	-	hypothetical protein
MA2C_peak_151	chrI	5608406	5611160	+	4.3490	NA	promoter-TSS (NM_059239)	promoter-TSS (NM_059239)	496	NM_059240	172216	Cel.34864	NM_059240		vha-10	-	Vacuolar H ATPase
MA2C_peak_438	chrI	12651236	12653953	+	4.3265	NA	promoter-TSS (NM_060800)	promoter-TSS (NM_060800)	266	NM_001026356	173134	Cel.22874	NM_001026355		H28O16.1	-	hypothetical protein
MA2C_peak_1083	chrIII	5938749	5941498	+	4.3164	NA	promoter-TSS (NM_171139)	promoter-TSS (NM_171139)	-70	NM_171139	175840	Cel.17821	NM_171139		ubq-1	-	UBiQuitin
MA2C_peak_573	chrII	5377290	5379939	+	4.3066	NA	promoter-TSS (NM_182252)	promoter-TSS (NM_182252)	-199	NM_182252	266858	Cel.21965	NM_001129132		prdx-2	-	PeRoxireDoXin
MA2C_peak_940	chrIII	3067299	3071041	+	4.2879	NA	TTS (NM_171089)	TTS (NM_171089)	374	NR_003430	4927006		NR_003430		H06I04.8	-	ncRNA
MA2C_peak_1499	chrIV	4747443	4750995	+	4.2858	NA	promoter-TSS (NM_068228)	promoter-TSS (NM_068228)	-216	NM_068228	177243	Cel.32687	NM_068228		cyc-2.1	-	CYtochrome C
MA2C_peak_127	chrI	4788101	4791400	+	4.2773	NA	TTS (NM_059050)	TTS (NM_059050)	2752	NM_059050	172096	Cel.16160	NM_059050		zig-7	-	2 (Zwei) IG-domain protein
MA2C_peak_914	chrIII	1617899	1620609	+	4.2614	NA	promoter-TSS (NM_065027)	promoter-TSS (NM_065027)	-311	NM_065027	175315	Cel.18071	NM_065027		Y22D7AL.10	-	hypothetical protein
MA2C_peak_584	chrII	5659930	5662579	+	4.2582	NA	promoter-TSS (NM_062706)	promoter-TSS (NM_062706)	93	NM_170998	173960	Cel.23108	NM_062707		C25H3.6	-	hypothetical protein
MA2C_peak_819	chrII	11632467	11637417	+	4.2004	NA	Intergenic	Intergenic	-1417	NM_064083	174782	Cel.9037	NM_001026897		din-1	-	DAF-12 Interacting Protein
MA2C_peak_685	chrII	8124280	8131839	+	4.1926	NA	Intergenic	Intergenic	-1831	NM_063302	174307	Cel.22587	NM_063302		ulp-4	-	Ubiquitin-Like Protease
MA2C_peak_169	chrI	6090788	6093438	+	4.1426	NA	Intergenic	Intergenic	-1194	NM_001129096	172291	Cel.6155	NM_001129095		ZK484.1	-	hypothetical protein
MA2C_peak_580	chrII	5592583	5595189	+	4.1423	NA	promoter-TSS (NM_062683)	promoter-TSS (NM_062683)	-486	NM_062685	173945	Cel.17299	NM_001026798		cdc-14	-	Cell Division Cycle related
MA2C_peak_1163	chrIII	7356833	7360049	+	4.1389	NA	promoter-TSS (NM_066225)	promoter-TSS (NM_066225)	555	NM_066224	176046	Cel.5056	NM_066224		F08F8.4	-	hypothetical protein
MA2C_peak_729	chrII	9059269	9063168	+	4.0916	NA	promoter-TSS (NM_001027187)	promoter-TSS (NM_001027187)	-159	NM_001027186	174444	Cel.17491	NM_001027186		T24B8.3	-	hypothetical protein
MA2C_peak_1292	chrIII	10214825	10217390	+	4.0898	NA	TTS (NM_066864)	TTS (NM_066864)	431	NM_066863	176437	Cel.34779	NM_066863		cts-1	-	CiTrate Synthase
MA2C_peak_1675	chrIV	11592381	11595736	+	4.0684	NA	promoter-TSS (NM_001129307)	promoter-TSS (NM_001129307)	-608	NM_001129307	178082	Cel.5312	NM_001129307		F40F11.2	-	hypothetical protein
MA2C_peak_751	chrII	9645417	9648191	+	4.0389	NA	Intergenic	Intergenic	-1007	NM_063675	174517	Cel.18243	NM_063675		sqv-8	-	SQuashed Vulva
MA2C_peak_1230	chrIII	8794812	8798442	+	4.0315	NA	intron (NM_066542, intron 2 of 11)	intron (NM_066542, intron 2 of 11)	3321	NM_066542	176237	Cel.22669	NM_001027439		zfp-1	-	Zinc Finger Protein
MA2C_peak_1211	chrIII	8356018	8359270	+	4.0228	NA	promoter-TSS (NM_001027529)	promoter-TSS (NM_001027529)	-900	NM_001027528	176180	Cel.22996	NM_001027528		rfp-1	-	Ring Finger Protein, UBC associated
MA2C_peak_249	chrI	7594917	7601508	+	3.9950	NA	intron (NM_059724, intron 1 of 8)	intron (NM_059724, intron 1 of 8)	1147	NM_059724	172518	Cel.17236	NM_059723		wdr-23	-	WD Repeat protein
MA2C_peak_1095	chrIII	6145812	6148523	+	3.9803	NA	promoter-TSS (NM_065930)	promoter-TSS (NM_065930)	956	NM_001027694	175865	Cel.8048	NM_001027693		Y42G9A.3	-	hypothetical protein
MA2C_peak_1673	chrIV	11520492	11524944	+	3.9647	NA	TTS (NM_069771)	TTS (NM_069771)	1446	NM_069771	187434	Cel.12578	NM_069771		gfl-1	-	human GAS41-Like
MA2C_peak_2378	chrX	15605740	15609339	+	3.8972	NA	promoter-TSS (NM_078171)	promoter-TSS (NM_078171)	-352	NM_078172	181650	Cel.17300	NM_078172		nipi-3	-	No Induction of Peptide after Drechmeria Infection
MA2C_peak_980	chrIII	4279372	4282144	+	3.8955	NA	promoter-TSS (NM_065455)	promoter-TSS (NM_065455)	-569	NM_065454	175551	Cel.23099	NM_001027545		tag-310	-	Temporarily Assigned Gene name
MA2C_peak_90	chrI	3822798	3825714	+	3.8705	NA	promoter-TSS (NM_058832)	promoter-TSS (NM_058832)	-693	NM_058832	171956	Cel.17433	NM_058832		unc-108	-	UNCoordinated
MA2C_peak_234	chrI	7313687	7316886	+	3.8340	NA	Intergenic	Intergenic	-1009	NM_001128980	3565846	Cel.32713	NM_001128979		F13G3.10	-	hypothetical protein
MA2C_peak_141	chrI	5313303	5316243	+	3.7690	NA	TTS (NM_059163)	TTS (NM_059163)	437	NM_059163	185973	Cel.18680	NM_059163		F48C1.3	-	hypothetical protein
MA2C_peak_1652	chrIV	10934732	10937491	+	3.7466	NA	promoter-TSS (NM_069634)	promoter-TSS (NM_069634)	-236	NM_069634	177989	Cel.18191	NM_069634		lgg-2	-	LC3, GABARAP and GATE-16 family
MA2C_peak_2012	chrV	13084208	13087994	+	3.7320	NA	promoter-TSS (NM_001047628)	promoter-TSS (NM_001047628)	-74	NM_001047628	179793	Cel.4977	NM_001047628		C34B4.2	-	hypothetical protein
MA2C_peak_1052	chrIII	5501815	5505103	+	3.7250	NA	intron (NM_181947, intron 1 of 4)	intron (NM_181947, intron 1 of 4)	1611	NM_181946	175757	Cel.22706	NM_065774		R02F2.1	-	hypothetical protein
MA2C_peak_679	chrII	8015439	8018088	+	3.6819	NA	promoter-TSS (NM_063276)	promoter-TSS (NM_063276)	-848	NM_063276	174284	Cel.5766	NM_063276		zyg-11	-	ZYGote defective: embryonic lethal
MA2C_peak_841	chrII	12677150	12680302	+	3.6801	NA	promoter-TSS (NM_064306)	promoter-TSS (NM_064306)	-218	NM_064306	174898	Cel.14094	NM_064306		Y38E10A.24	-	hypothetical protein
MA2C_peak_1281	chrIII	9824480	9828307	+	3.6666	NA	3' UTR (NM_066780, exon 3 of 3)	3' UTR (NM_066780, exon 3 of 3)	656	NM_066780	176395	Cel.18050	NM_066780		ZK632.10	-	hypothetical protein
MA2C_peak_345	chrI	9444955	9448054	+	3.6355	NA	intron (NM_060107, intron 1 of 4)	intron (NM_060107, intron 1 of 4)	4219	NM_060107	172771	Cel.18412	NM_060107		mec-8	-	MEChanosensory abnormality
MA2C_peak_365	chrI	9853053	9857160	+	3.5954	NA	Intergenic	Intergenic	-3323	NM_060208	172837	Cel.17284	NM_060208		K10C3.2	-	hypothetical protein
MA2C_peak_636	chrII	7056587	7060793	+	3.5613	NA	promoter-TSS (NM_063048)	promoter-TSS (NM_063048)	-737	NM_063048	174155	Cel.9094	NM_063048		ZK1127.10	-	hypothetical protein
MA2C_peak_1967	chrV	11532528	11535477	+	3.5015	NA	intron (NM_073526, intron 1 of 7)	intron (NM_073526, intron 1 of 7)	1456	NM_073526	179584	Cel.5435	NM_073525		ccch-1	-	CCCH-type zinc finger transcription factor
MA2C_peak_2197	chrX	5208836	5212035	+	3.4448	NA	promoter-TSS (NM_171680)	promoter-TSS (NM_171680)	-653	NM_171680	180790	Cel.6642	NM_171678		H28G03.2	-	hypothetical protein
MA2C_peak_1074	chrIII	5839404	5843713	+	3.4233	NA	Intergenic	Intergenic	4680	NM_065858	189187	Cel.27937	NM_065858		W04D12.1	-	hypothetical protein
MA2C_peak_1481	chrIV	4211012	4214158	+	3.3223	NA	intron (NM_068113, intron 2 of 7)	intron (NM_068113, intron 2 of 7)	6617	NM_068113	177185	Cel.13042	NM_068113		F30B5.4	-	hypothetical protein
