PeakID	Chr	Start	End	Strand	Peak Score	Focus Ratio/Region Size	Annotation	Detailed Annotation	Distance to TSS	Nearest PromoterID	Entrez ID	Nearest Unigene	Nearest Refseq	Nearest Ensembl	Gene Name	Gene Alias	Gene Description
MACS_peak_119	chr1	64165515	64169089	+	2799	NA	intron (NM_033563, intron 1 of 3)	intron (NM_033563, intron 1 of 3)	661	NM_033563	93691	Mm.458200	NM_033563	ENSMUSG00000025959	Klf7	9830124P08Rik	Kruppel-like factor 7 (ubiquitous)
MACS_peak_394	chr1	178742410	178745626	+	2537	NA	promoter-TSS (NM_029756)	promoter-TSS (NM_029756)	-925	NM_029756	76816	Mm.171399	NM_029756	ENSMUSG00000026504	Sdccag8	2700048G21Rik|5730470G24Rik|Cccap	serologically defined colon cancer antigen 8
MACS_peak_4155	chr4	63704401	63708312	+	2326	NA	intron (NM_011607, intron 1 of 25)	intron (NM_011607, intron 1 of 25)	1693	NM_011607	21923	Mm.454219	NM_011607	ENSMUSG00000028364	Tnc	AI528729|C130033P17Rik|Hxb|MGC144208|MGC144209|TN|TN-C|Ten|cytotactin|tenascin-C	tenascin C
MACS_peak_2930	chr18	69751506	69757016	+	2326	NA	intron (NM_001083967, intron 8 of 19)	intron (NM_001083967, intron 8 of 19)	248886	NM_001083967	21413	Mm.4269	NM_001083967	ENSMUSG00000053477	Tcf4	5730422P05Rik|ASP-I2|E2-2|E2.2|ITF-2|ITF-2b|ITF2|ME2|MITF-2A|MITF-2B|SEF-2|SEF2|SEF2-1|TFE|Tcf-4|bHLHb19	transcription factor 4
MACS_peak_5010	chr6	108610630	108613694	+	2316	NA	intron (NM_011498, intron 3 of 4)	intron (NM_011498, intron 3 of 4)	1539	NM_011498	20893	Mm.2436	NM_011498	ENSMUSG00000030103	Bhlhe40	Bhlhb2|C130042M06Rik|CR8|Clast5|Dec1|Sharp2|Stra13|Stra14	basic helix-loop-helix family, member e40
MACS_peak_480	chr10	13684042	13688116	+	2124	NA	promoter-TSS (NM_010437)	promoter-TSS (NM_010437)	-106	NM_010437	15273	Mm.484135	NM_010437	ENSMUSG00000015501	Hivep2	MIBP1|Schnurri-2|Shn-2	human immunodeficiency virus type I enhancer binding protein 2
MACS_peak_4558	chr5	71232058	71234860	+	1998	NA	5' UTR (NM_010252, exon 1 of 9)	5' UTR (NM_010252, exon 1 of 9)	397	NM_010252	14405	Mm.255292	NM_010252	ENSMUSG00000001260	Gabrg1	GabaA|GabaA/BZ|MGC107399	gamma-aminobutyric acid (GABA) A receptor, subunit gamma 1
MACS_peak_305	chr1	154469754	154472692	+	1998	NA	intron (NM_016846, intron 1 of 17)	intron (NM_016846, intron 1 of 17)	1018	NM_016846	19731	Mm.245270	NM_016846	ENSMUSG00000026482	Rgl1	KIAA0959|Rgl|mKIAA0959	ral guanine nucleotide dissociation stimulator,-like 1
MACS_peak_3831	chr3	88419671	88422474	+	1998	NA	intron (NM_001198911, intron 2 of 22)	intron (NM_001198911, intron 2 of 22)	943	NM_001198911	16800	Mm.482396	NM_001198911	ENSMUSG00000028059	Arhgef2	AA408978|GEF|GEF-H1|GEFH1|LFP40|Lbcl1|Lfc|P40|mKIAA0651	rho/rac guanine nucleotide exchange factor (GEF) 2
MACS_peak_823	chr11	16651686	16655354	+	1925	NA	intron (NM_207655, intron 1 of 27)	intron (NM_207655, intron 1 of 27)	1314	NM_007912	13649	Mm.439882	NM_007912	ENSMUSG00000020122	Egfr	9030024J15Rik|AI552599|Erbb|Errp|Wa5|wa-2|wa2	epidermal growth factor receptor
MACS_peak_513	chr10	36856960	36861828	+	1925	NA	promoter-TSS (NM_008538)	promoter-TSS (NM_008538)	-662	NM_008538	17118	Mm.30059	NM_008538	ENSMUSG00000069662	Marcks	Macs|PKCSL	myristoylated alanine rich protein kinase C substrate
MACS_peak_10	chr1	9687038	9691433	+	1925	NA	intron (NM_008651, intron 1 of 15)	intron (NM_008651, intron 1 of 15)	1055	NM_008651	17864	Mm.479	NM_008651	ENSMUSG00000025912	Mybl1	A-myb|MGC123416	myeloblastosis oncogene-like 1
MACS_peak_215	chr1	106664336	106668836	+	1925	NA	intron (NM_011800, intron 1 of 11)	intron (NM_011800, intron 1 of 11)	1190	NM_011800	23836	Mm.103640	NM_011800	ENSMUSG00000050840	Cdh20	Cdh7|MGC141415	cadherin 20
MACS_peak_972	chr11	68852445	68855257	+	1925	NA	Intergenic	CpG	-5294	NM_011496	20877	Mm.3488	NM_011496	ENSMUSG00000020897	Aurkb	AIM-1|AIRK2|AL022959|Aik2|Aim1|Ark2|AurB|IPL1|STK-1|Stk12|Stk5	aurora kinase B
MACS_peak_2573	chr17	25703878	25708011	+	1834	NA	exon (NM_011447, exon 2 of 3)	exon (NM_011447, exon 2 of 3)	1687	NM_011447	20681	Mm.258220	NM_011447	ENSMUSG00000024176	Sox8	-	SRY-box containing gene 8
MACS_peak_3032	chr19	8892834	8895640	+	1745	NA	promoter-TSS (NM_027412)	promoter-TSS (NM_027412)	346	NM_001081196	68693	Mm.476519	NM_001081196	ENSMUSG00000071659	Hnrnpul2	1110031M08Rik|AI465155|Hnrpul2	heterogeneous nuclear ribonucleoprotein U-like 2
MACS_peak_1291	chr12	15819157	15824335	+	1731	NA	intron (NM_144551, intron 1 of 2)	CpG	1845	NM_144551	217410	Mm.485040	NM_144551	ENSMUSG00000020601	Trib2	AW319517|TRB-2|TRB2	tribbles homolog 2 (Drosophila)
MACS_peak_5445	chr7	100228617	100232794	+	1731	NA	TTS (NM_021427)	TTS (NM_021427)	2316	NM_021427	58238	Mm.113787	NM_021427		Fam181b	A830059I20Rik|AB041569	family with sequence similarity 181, member B
MACS_peak_2270	chr15	102346873	102349890	+	1731	NA	promoter-TSS (NM_001163643)	promoter-TSS (NM_001163643)	-296	NM_009319	21357	Mm.291485	NM_009319	ENSMUSG00000023051	Tarbp2	Prbp	TAR (HIV) RNA binding protein 2
MACS_peak_6087	chr9	62188043	62192145	+	1731	NA	intron (NM_009672, intron 1 of 6)	CpG	944	NM_009672	11737	Mm.269088	NM_009672	ENSMUSG00000032249	Anp32a	Anp32|I1PP2A|LANP|PHAP1|W91701|pp32	acidic (leucine-rich) nuclear phosphoprotein 32 family, member A
MACS_peak_4743	chr5	137971597	137974485	+	1624	NA	intron (NM_010312, intron 1 of 9)	CpG	1416	NM_010312	14693	Mm.30141	NM_010312	ENSMUSG00000029713	Gnb2	Gnb-2	guanine nucleotide binding protein (G protein), beta 2
MACS_peak_2787	chr18	5592920	5598450	+	1624	NA	intron (NM_011546, intron 1 of 7)	intron (NM_011546, intron 1 of 7)	-3250	NR_033552	791318	Mm.84339	NR_033552		Gm10125	ENSMUSG00000063087	predicted gene 10125
MACS_peak_4830	chr6	22825667	22828422	+	1542	NA	intron (NM_001081306, intron 1 of 29)	intron (NM_001081306, intron 1 of 29)	1542	NM_001081306	19283	Mm.41639	NM_001081306	ENSMUSG00000068748	Ptprz1	AI850339|DSD-1-PG|PTPbeta|PTPzeta|Ptprz|Ptpz|RPTPz|Rptpbeta	protein tyrosine phosphatase, receptor type Z, polypeptide 1
MACS_peak_396	chr1	179373097	179377015	+	1542	NA	promoter-TSS (NM_013915)	promoter-TSS (NM_013915)	264	NM_001012330	30928	Mm.468887	NM_001012330	ENSMUSG00000063659	Zfp238	RP58|Znf238	zinc finger protein 238
MACS_peak_6186	chr9	96916394	96919662	+	1542	NA	intron (NM_145134, intron 1 of 2)	intron (NM_145134, intron 1 of 2)	746	NM_145134	211949	Mm.485539	NM_145134	ENSMUSG00000046997	Spsb4	D030068E18Rik|SSB-4|Ssb4	splA/ryanodine receptor domain and SOCS box containing 4
MACS_peak_435	chr1	191992054	191995808	+	1542	NA	intron (NM_008937, intron 1 of 4)	intron (NM_008937, intron 1 of 4)	628	NM_008937	19130	Mm.392678	NM_008937	ENSMUSG00000010175	Prox1	A230003G05Rik	prospero-related homeobox 1
MACS_peak_2361	chr16	30064644	30068275	+	1542	NA	intron (NM_008235, intron 3 of 3)	CpG	1016	NM_008235	15205	Mm.390859	NM_008235	ENSMUSG00000022528	Hes1	Hry|bHLHb39	hairy and enhancer of split 1 (Drosophila)
MACS_peak_45	chr1	36612410	36615235	+	1542	NA	intron (NM_001126047, intron 1 of 14)	CpG	1404	NM_001126047	20353	Mm.29558	NM_001126047	ENSMUSG00000026121	Sema4c	AI426163|Semacl1|Semaf|Semai|mKIAA1739	sema domain, immunoglobulin domain (Ig), transmembrane domain (TM) and short cytoplasmic domain, (semaphorin) 4C
MACS_peak_667	chr10	84217160	84222666	+	1542	NA	intron (NM_001024918, intron 1 of 17)	intron (NM_001024918, intron 1 of 17)	1120	NM_001024918	71137	Mm.79070	NM_001024918	ENSMUSG00000020037	Rfx4	4933412G19Rik|NYD-sp10	regulatory factor X, 4 (influences HLA class II expression)
MACS_peak_2682	chr17	46164400	46169754	+	1542	NA	intron (NM_009505, intron 1 of 6)	intron (NM_009505, intron 1 of 6)	2249	NM_001025250	22339	Mm.282184	NM_001025250	ENSMUSG00000023951	Vegfa	Vegf|Vegf120|Vegf164|Vegf188|Vpf	vascular endothelial growth factor A
MACS_peak_3288	chr2	32303433	32307353	+	1542	NA	promoter-TSS (NM_194335)	promoter-TSS (NM_194335)	-584	NM_194335	71254	Mm.102341	NM_194335	ENSMUSG00000039164	Naif1	2310007O20Rik|4933440H19Rik	nuclear apoptosis inducing factor 1
MACS_peak_711	chr10	105008740	105012266	+	1542	NA	intron (NM_177368, intron 1 of 11)	CpG	1032	NM_177368	278279	Mm.25225	NM_177368	ENSMUSG00000036019	Tmtc2	8430438D04Rik|D330034A10Rik|MGC116613	transmembrane and tetratricopeptide repeat containing 2
MACS_peak_2849	chr18	35021109	35024300	+	1542	NA	exon (NM_007913, exon 2 of 2)	exon (NM_007913, exon 2 of 2)	1843	NM_007913	13653	Mm.181959	NM_007913	ENSMUSG00000038418	Egr1	A530045N19Rik|ETR103|Egr-1|Krox-1|Krox-24|Krox24|NGF1-A|NGFI-A|NGFIA|TIS8|Zenk|Zfp-6|Zif268|egr	early growth response 1
MACS_peak_2089	chr15	61815132	61821576	+	1535	NA	intron (NM_001177354, intron 1 of 2)	CpG	1458	NM_001177352	17869	Mm.2444	NM_001177352	ENSMUSG00000022346	Myc	AU016757|Myc2|Niard|Nird|bHLHe39	myelocytomatosis oncogene
MACS_peak_4241	chr4	116228008	116231212	+	1522	NA	promoter-TSS (NM_029868)	promoter-TSS (NM_029868)	-722	NM_029868	77110	Mm.485495	NM_029868	ENSMUSG00000034042	Gpbp1l1	5330440M15Rik|BC002292|MGC8183	GC-rich promoter binding protein 1-like 1
MACS_peak_2442	chr16	84773806	84777107	+	1503	NA	intron (NM_023844, intron 1 of 9)	intron (NM_023844, intron 1 of 9)	1088	NM_023844	67374	Mm.41758	NM_023844	ENSMUSG00000053062	Jam2	1110002N23Rik|2410030G21Rik|2410167M24Rik|JAM-2|JAM-B|Jcam2|VE-JAM	junction adhesion molecule 2
MACS_peak_3200	chr2	13494348	13498911	+	1475	NA	intron (NM_011701, intron 1 of 8)	CpG	691	NM_011701	22352	Mm.268000	NM_011701	ENSMUSG00000026728	Vim	MGC102095	vimentin
MACS_peak_1980	chr14	105988211	105991456	+	1450	NA	Intergenic	B3|SINE|B2	306203	NM_011897	24064	Mm.89982	NM_011897	ENSMUSG00000022114	Spry2	sprouty2	sprouty homolog 2 (Drosophila)
MACS_peak_266	chr1	135973308	135976353	+	1450	NA	intron (NM_007570, intron 1 of 1)	intron (NM_007570, intron 1 of 1)	902	NM_007570	12227	Mm.392646	NM_007570	ENSMUSG00000020423	Btg2	AA959598|APRO1|Pc3|TIS21	B-cell translocation gene 2, anti-proliferative
MACS_peak_286	chr1	139795169	139800415	+	1431	NA	Intergenic	Intergenic	-65240	NR_029795	735252		NR_029795		Mir181a-1	Mirn181a-1|Mirn213|miR-213|mmu-mir-213	microRNA 181a-1
MACS_peak_1469	chr12	106921598	106924340	+	1431	NA	promoter-TSS (NM_178613)	promoter-TSS (NM_178613)	482	NM_029654	76559	Mm.125279	NM_029654	ENSMUSG00000041341	Atg2b	2410024A21Rik|AI047755|AI503411|AW558123|C030004M05Rik|C630028L02Rik|KIAA4067|mKIAA4067	ATG2 autophagy related 2 homolog B (S. cerevisiae)
MACS_peak_126	chr1	66221520	66224464	+	1364	NA	intron (NM_008632, intron 1 of 13)	intron (NM_008632, intron 1 of 13)	1089	NM_001039934	17756	Mm.256966	NM_001039934	ENSMUSG00000015222	Mtap2	MAP-2|MAP2|Mtap-2	microtubule-associated protein 2
MACS_peak_3703	chr3	28160597	28165474	+	1364	NA	intron (NM_026910, intron 1 of 32)	intron (NM_026910, intron 1 of 32)	899	NM_001163009	665113	Mm.483052	NM_001163007	ENSMUSG00000027692	Tnik	1500031A17Rik|4831440I19Rik|AI451411|C530008O15Rik|C630040K21Rik|KIAA0551|MGC189819|MGC189859	TRAF2 and NCK interacting kinase
MACS_peak_3451	chr2	115890443	115894229	+	1364	NA	Intergenic	Intergenic	-1542	NM_010825	17536	Mm.471935	NM_001136072	ENSMUSG00000027210	Meis2	A430109D20Rik|Mrg1|Stra10	Meis homeobox 2
MACS_peak_3736	chr3	49558630	49561963	+	1364	NA	exon (NM_130448, exon 1 of 4)	exon (NM_130448, exon 1 of 4)	942	NM_130448	73173	Mm.87246	NM_130448	ENSMUSG00000037892	Pcdh18	3110038E07Rik|BB095589|PCDH68L	protocadherin 18
MACS_peak_2897	chr18	55146012	55150204	+	1364	NA	exon (NM_175751, exon 2 of 10)	exon (NM_175751, exon 2 of 10)	1726	NM_175751	269023	Mm.192984	NM_175751	ENSMUSG00000052713	Zfp608	4932417D18Rik|MGC116601|Znf608	zinc finger protein 608
MACS_peak_348	chr1	167389262	167392028	+	1364	NA	promoter-TSS (NM_028759)	promoter-TSS (NM_028759)	-51	NM_028759	74106	Mm.227605	NM_028759	ENSMUSG00000026571	Dcaf6	1200006M05Rik|Iqwd1|PC326	DDB1 and CUL4 associated factor 6
MACS_peak_218	chr1	108067330	108072440	+	1364	NA	exon (NM_133821, exon 1 of 17)	exon (NM_133821, exon 1 of 17)	1439	NM_133821	98432	Mm.24115	NM_133821	ENSMUSG00000044340	Phlpp1	AI836256|Phlpp|Plekhe1|SCOP|mKIAA0606	PH domain and leucine rich repeat protein phosphatase 1
MACS_peak_3694	chr3	19857061	19860062	+	1364	NA	intron (NM_001042611, intron 1 of 19)	intron (NM_001042611, intron 1 of 19)	1507	NM_007752	12870	Mm.13787	NM_001042611	ENSMUSG00000003617	Cp	D3Ertd555e	ceruloplasmin
MACS_peak_3932	chr3	105506281	105512073	+	1364	NA	intron (NM_001163356, intron 1 of 1)	intron (NM_001163356, intron 1 of 1)	801	NM_001163356	109050	Mm.212591	NM_001163356	ENSMUSG00000048458	6530418L21Rik	-	RIKEN cDNA 6530418L21 gene
MACS_peak_1502	chr13	10356757	10360487	+	1364	NA	intron (NM_033269, intron 1 of 4)	intron (NM_033269, intron 1 of 4)	1427	NM_033269	12671	Mm.342315	NM_033269		Chrm3	Chrm-3|M3|M3R	cholinergic receptor, muscarinic 3, cardiac
MACS_peak_5842	chr8	97516847	97520093	+	1364	NA	intron (NM_018882, intron 1 of 13)	CT-rich|Low_complexity|Low_complexity	10171	NM_018882	14766	Mm.290834	NM_001198894	ENSMUSG00000031785	Gpr56	Cyt28|TM7LN4|TM7XN1	G protein-coupled receptor 56
MACS_peak_3746	chr3	52844641	52848432	+	1364	NA	intron (NM_175386, intron 1 of 3)	intron (NM_175386, intron 1 of 3)	1067	NM_175386	108927	Mm.118617	NM_175386	ENSMUSG00000048332	Lhfp	2810489O06Rik|AI194968	lipoma HMGIC fusion partner
MACS_peak_1338	chr12	54349696	54353232	+	1364	NA	intron (NM_013780, intron 1 of 11)	intron (NM_013780, intron 1 of 11)	1800	NM_013780	27386	Mm.466545	NM_013780	ENSMUSG00000021010	Npas3	4930423H22Rik|bHLHe12	neuronal PAS domain protein 3
MACS_peak_6210	chr9	106355319	106358088	+	1364	NA	intron (NM_021567, intron 1 of 12)	intron (NM_021567, intron 1 of 12)	515	NM_021567	59092	Mm.286394	NM_021567	ENSMUSG00000023495	Pcbp4	1200003L19Rik|AlphaCP-4	poly(rC) binding protein 4
MACS_peak_3815	chr3	87774255	87778982	+	1364	NA	intron (NM_016701, intron 1 of 3)	intron (NM_016701, intron 1 of 3)	1603	NM_016701	18008	Mm.331129	NM_016701	ENSMUSG00000004891	Nes	AA166324|C78523|ESTM46	nestin
MACS_peak_720	chr10	110943745	110946658	+	1364	NA	3' UTR (NM_009344, exon 2 of 2)	3' UTR (NM_009344, exon 2 of 2)	1859	NM_009344	21664	Mm.3117	NM_009344	ENSMUSG00000020205	Phlda1	DT1P1B11|TDAG51|Tdag	pleckstrin homology-like domain, family A, member 1
MACS_peak_102	chr1	58641417	58644244	+	1364	NA	promoter-TSS (NM_025597)	promoter-TSS (NM_025597)	347	NM_172513	213056	Mm.26272	NM_172513	ENSMUSG00000038174	Fam126b	C130065N10Rik|D1Ertd53e|D630010C10	family with sequence similarity 126, member B
MACS_peak_1969	chr14	94287650	94291232	+	1364	NA	Intergenic	Intergenic	-1490	NM_001081377	211712	Mm.458162	NM_001081377	ENSMUSG00000055421	Pcdh9	1500001L12Rik|A730003J17Rik|AU021802|C530050I23Rik|C630029H24Rik|Gm1213|Gm297	protocadherin 9
MACS_peak_4540	chr5	63153658	63157135	+	1364	NA	intron (NM_178407, intron 1 of 32)	intron (NM_178407, intron 1 of 32)	2020	NM_178407	212285	Mm.244403	NM_178407	ENSMUSG00000037999	Arap2	Centd1|Gm148|mKIAA0580	ArfGAP with RhoGAP domain, ankyrin repeat and PH domain 2
MACS_peak_4220	chr4	108505307	108508262	+	1306	NA	promoter-TSS (NM_027453)	promoter-TSS (NM_027453)	-499	NM_025334	66073	Mm.159965	NM_025334	ENSMUSG00000028567	Txndc12	0610040B21Rik|ERp16|ERp19	thioredoxin domain containing 12 (endoplasmic reticulum)
MACS_peak_2596	chr17	28044127	28047434	+	1292	NA	promoter-TSS (NM_181413)	promoter-TSS (NM_181413)	-505	NM_181413	224650	Mm.32556	NM_181413	ENSMUSG00000024219	Anks1	Anks1a|MGC59413|mKIAA0229	ankyrin repeat and SAM domain containing 1
MACS_peak_2066	chr15	53174618	53177415	+	1279	NA	exon (NM_010162, exon 1 of 11)	exon (NM_010162, exon 1 of 11)	1722	NM_010162	14042	Mm.309395	NM_010162	ENSMUSG00000061731	Ext1	AA409028	exostoses (multiple) 1
MACS_peak_2967	chr19	3322993	3326010	+	1278	NA	intron (NM_013495, intron 1 of 18)	intron (NM_013495, intron 1 of 18)	1200	NM_013495	12894	Mm.18522	NM_013495	ENSMUSG00000024900	Cpt1a	C730027G07|CPTI|Cpt1	carnitine palmitoyltransferase 1a, liver
MACS_peak_359	chr1	170358840	170363040	+	1278	NA	intron (NM_183355, intron 1 of 8)	intron (NM_183355, intron 1 of 8)	1449	NM_183355	18514	Mm.440114	NM_008783	ENSMUSG00000052534	Pbx1	2310056B04Rik|AI848790|AU015730|D230003C07Rik|Pbx-1	pre B-cell leukemia transcription factor 1
MACS_peak_6332	chrX	71488925	71492473	+	1278	NA	intron (NM_010227, intron 1 of 45)	intron (NM_010227, intron 1 of 45)	1174	NM_010227	192176	Mm.295533	NM_010227	ENSMUSG00000031328	Flna	ABP-280|Dilp2|F730004A14Rik|Fln1|filamin-1	filamin, alpha
MACS_peak_1029	chr11	77029059	77031844	+	1278	NA	intron (NM_177710, intron 1 of 14)	intron (NM_177710, intron 1 of 14)	524	NM_177710	237860	Mm.440666	NM_177710	ENSMUSG00000037926	Ssh2	BB104748|BC030940|SSH-2|mSSH-2L	slingshot homolog 2 (Drosophila)
MACS_peak_5722	chr8	56039749	56042554	+	1278	NA	intron (NM_153581, intron 1 of 6)	intron (NM_153581, intron 1 of 6)	1070	NM_153581	234267	Mm.241700	NM_153581	ENSMUSG00000031517	Gpm6a	Gpm6|M6A|MGC38999	glycoprotein m6a
MACS_peak_127	chr1	66368240	66371538	+	1278	NA	intron (NM_008632, intron 4 of 13)	A-rich|Low_complexity|Low_complexity	-145132	NM_175510	329178	Mm.44798	NM_175510	ENSMUSG00000055567	Unc80	C030018G13Rik|C230061B10Rik|UNC-80	unc-80 homolog (C. elegans)
MACS_peak_1819	chr14	21526198	21529042	+	1278	NA	intron (NM_027996, intron 1 of 25)	intron (NM_027996, intron 1 of 25)	846	NM_027996	268721	Mm.275082	NM_027996	ENSMUSG00000021819	2310021P13Rik	4832404P21Rik|Kiaa0913|mKIAA0913	RIKEN cDNA 2310021P13 gene
MACS_peak_1583	chr13	29041239	29046059	+	1278	NA	exon (NM_009238, exon 1 of 1)	exon (NM_009238, exon 1 of 1)	1902	NM_009238	20677	Mm.455819	NM_009238	ENSMUSG00000076431	Sox4	AA682046|Sox-4	SRY-box containing gene 4
MACS_peak_5946	chr9	20446809	20449951	+	1272	NA	5' UTR (NM_025401, exon 1 of 5)	5' UTR (NM_025401, exon 1 of 5)	618	NM_025401	66177	Mm.390165	NM_025401	ENSMUSG00000084786	Ubl5	1110030M22Rik|beacon	ubiquitin-like 5
MACS_peak_3050	chr19	12079332	12082212	+	1272	NA	Intergenic	Intergenic	30458	NM_146680	258675	Mm.271517	NM_146680	ENSMUSG00000067529	Olfr1423	MOR239-3	olfactory receptor 1423
MACS_peak_521	chr10	40601951	40604893	+	1262	NA	promoter-TSS (NM_027879)	promoter-TSS (NM_027879)	82	NM_031877	83767	Mm.41353	NM_031877	ENSMUSG00000019831	Wasf1	AI195380|AI838537|Scar|WAVE|WAVE-1	WASP family 1
MACS_peak_1358	chr12	68319547	68324061	+	1186	NA	intron (NM_207010, intron 1 of 15)	CpG	1732	NM_207010	320772	Mm.481303	NM_001193266	ENSMUSG00000034912	Mdga2	6720489L24Rik|9330209L04Rik|Mamdc1	MAM domain containing glycosylphosphatidylinositol anchor 2
MACS_peak_505	chr10	32607885	32610743	+	1186	NA	intron (NM_001025286, intron 1 of 3)	intron (NM_001025286, intron 1 of 3)	407	NM_001013411	432450	Mm.49665	NM_001013411	ENSMUSG00000069671	Nkain2	6330571D19Rik|AW455467|Tcba1	Na+/K+ transporting ATPase interacting 2
MACS_peak_4284	chr4	125780609	125783395	+	1186	NA	intron (NM_028800, intron 1 of 10)	intron (NM_028800, intron 1 of 10)	801	NM_001145827	74178	Mm.440269	NM_001145827	ENSMUSG00000042608	Stk40	2310004N11Rik|AI428792	serine/threonine kinase 40
MACS_peak_2056	chr15	41278370	41281319	+	1186	NA	intron (NM_001130166, intron 1 of 16)	intron (NM_001130166, intron 1 of 16)	816	NM_001130166	170719	Mm.254267	NM_130885	ENSMUSG00000022307	Oxr1	2210416C20Rik|C7|C7B|MGC103081|MGC107466	oxidation resistance 1
MACS_peak_1936	chr14	67485743	67488595	+	1186	NA	promoter-TSS (NM_001034881)	promoter-TSS (NM_001034881)	268	NM_009955	12934	Mm.475100	NM_009955	ENSMUSG00000022048	Dpysl2	AI851130|Crmp2|DRP2|Musunc33|TOAD-64|Ulip2	dihydropyrimidinase-like 2
MACS_peak_5002	chr6	99470954	99474030	+	1186	NA	Intergenic	CpG	-87153	NM_053202	108655	Mm.485266	NM_001197321	ENSMUSG00000030067	Foxp1	3110052D19Rik|4932443N09Rik|AI461938|AW494214	forkhead box P1
MACS_peak_3345	chr2	63934173	63937181	+	1186	NA	intron (NM_021716, intron 1 of 2)	intron (NM_021716, intron 1 of 2)	392	NM_021716	60344	Mm.438921	NM_021716	ENSMUSG00000075324	Fign	fi|fidget	fidgetin
MACS_peak_3822	chr3	88018029	88023381	+	1186	NA	Intergenic	Intergenic	1185	NR_029817	387133		NR_029817		Mir9-1	Mirn9|Mirn9-1|mmu-mir-9-1	microRNA 9-1
MACS_peak_3436	chr2	105515081	105517941	+	1186	NA	promoter-TSS (NM_013627)	promoter-TSS (NM_013627)	-91	NM_013627	18508	Mm.33870	NM_013627	ENSMUSG00000027168	Pax6	1500038E17Rik|AEY11|Dey|Gsfaey11|Pax-6|Sey	paired box gene 6
MACS_peak_4873	chr6	39504894	39508145	+	1186	NA	intron (NM_172477, intron 1 of 18)	ID_B1|SINE|B4	1314	NM_172477	209773	Mm.440021	NM_172477	ENSMUSG00000038456	Dennd2a	B930096L08Rik|C130031G22|mKIAA1277	DENN/MADD domain containing 2A
MACS_peak_4469	chr5	30430806	30433592	+	1186	NA	intron (NM_001167879, intron 1 of 5)	intron (NM_001167879, intron 1 of 5)	463	NM_001167879	242915	Mm.332287	NM_001167879	ENSMUSG00000044576	Fam59b	Gm444	family with sequence similarity 59, member B
MACS_peak_6279	chr9	123387273	123391710	+	1186	NA	exon (NM_013860, exon 1 of 8)	exon (NM_013860, exon 1 of 8)	1672	NM_013860	29806	Mm.10987	NM_013860	ENSMUSG00000025239	Limd1	AW822033|D9Ertd192e	LIM domains containing 1
MACS_peak_2432	chr16	74408234	74413332	+	1186	NA	intron (NM_175549, intron 1 of 27)	intron (NM_175549, intron 1 of 27)	374	NM_175549	268902	Mm.171736	NM_175549	ENSMUSG00000052516	Robo2	2600013A04Rik|9430089E08Rik|BB097918|D230004I22Rik|mKIAA1568	roundabout homolog 2 (Drosophila)
MACS_peak_6254	chr9	117158565	117162032	+	1186	NA	intron (NM_178660, intron 1 of 13)	intron (NM_178660, intron 1 of 13)	1303	NM_001172123	207181	Mm.326411	NM_001172121	ENSMUSG00000039607	Rbms3	6720477E09Rik|MGC118437	RNA binding motif, single stranded interacting protein
MACS_peak_5520	chr7	124524171	124527730	+	1186	NA	intron (NM_175645, intron 1 of 11)	intron (NM_175645, intron 1 of 11)	1457	NM_175645	233781	Mm.461427	NM_175645	ENSMUSG00000030657	Xylt1	8030490L12	xylosyltransferase 1
MACS_peak_134	chr1	69732040	69734956	+	1186	NA	promoter-TSS (NM_011770)	promoter-TSS (NM_011770)	-964	NM_011770	22779	Mm.106343	NM_011770	ENSMUSG00000025997	Ikzf2	A730095J18Rik|Helios|Zfpn1a2|Znfn1a2	IKAROS family zinc finger 2
MACS_peak_5194	chr7	19944121	19946894	+	1186	NA	promoter-TSS (NM_145822)	promoter-TSS (NM_145822)	-675	NM_145822	70333	Mm.171370	NM_145822	ENSMUSG00000047649	Cd3eap	1190028F09|2610103M17Rik|ASE-1|Ase1|CAST|PAF49	CD3E antigen, epsilon polypeptide associated protein
MACS_peak_1479	chr12	112906815	112911029	+	1186	NA	intron (NM_021273, intron 5 of 7)	CpG	1627	NM_021273	12709	Mm.16831	NM_021273	ENSMUSG00000001270	Ckb	B-CK|Bck|Ck-3|Ck3|Ckbb	creatine kinase, brain
MACS_peak_3788	chr3	69120144	69123569	+	1186	NA	exon (NM_178726, exon 1 of 4)	exon (NM_178726, exon 1 of 4)	1016	NM_178726	242083	Mm.40577	NM_178726	ENSMUSG00000027784	Ppm1l	3222401G13|5930404J21Rik|AI481720|AW045850|KIAA4175|PP2C|PP2Cepsilon|Pp2ce|Ppp2ce|mKIAA4175	protein phosphatase 1 (formerly 2C)-like
MACS_peak_6003	chr9	41388062	41392479	+	1186	NA	TTS (NR_029822)	TTS (NR_029822)	261	NR_029822	387236		NR_029822		Mir125b-1	Mirn125b|Mirn125b-1	microRNA 125b-1
MACS_peak_5495	chr7	117100287	117104454	+	1176	NA	intron (NM_021494, intron 1 of 22)	intron (NM_021494, intron 1 of 22)	1566	NM_021494	19347	Mm.21904	NM_021494	ENSMUSG00000035901	Dennd5a	1500012B19Rik|AJ245569|AW496491|ORF37|Rab6ip1|mKIAA1091	DENN/MADD domain containing 5A
MACS_peak_819	chr11	7110866	7114506	+	1153	NA	intron (NM_008343, intron 1 of 4)	intron (NM_008343, intron 1 of 4)	1240	NM_008343	16009	Mm.29254	NM_008343	ENSMUSG00000020427	Igfbp3	AI649005|IGFBP-3|IGgfbp3	insulin-like growth factor binding protein 3
MACS_peak_399	chr1	180247481	180250475	+	1153	NA	promoter-TSS (NM_025511)	promoter-TSS (NM_025511)	-306	NM_025511	66359	Mm.453372	NM_025511	ENSMUSG00000026500	Fam36a	2310005N03Rik	family with sequence similarity 36, member A
MACS_peak_188	chr1	90594997	90598550	+	1146	NA	3' UTR (NM_177305, exon 1 of 1)	3' UTR (NM_177305, exon 1 of 1)	1993	NM_177305	320982	Mm.477970	NM_177305	ENSMUSG00000049866	Arl4c	A630084M22Rik|Arl7|LAK	ADP-ribosylation factor-like 4C
MACS_peak_5796	chr8	81552236	81555131	+	1131	NA	intron (NM_178267, intron 1 of 14)	CpG	1347	NM_178267	622675	Mm.48724	NM_178267	ENSMUSG00000071064	Zfp827	2810449M09Rik|D630040G17Rik|Znf827	zinc finger protein 827
MACS_peak_994	chr11	70050748	70053868	+	1114	NA	promoter-TSS (NM_001177601)	promoter-TSS (NM_001177601)	-892	NM_145758	104457	Mm.39265	NM_001177601	ENSMUSG00000020831	0610010K14Rik	1110020A23Rik|AL033328|AU045833|Bap18|RP23-198E14.7	RIKEN cDNA 0610010K14 gene
MACS_peak_3901	chr3	96303495	96307097	+	1114	NA	Intergenic	Intergenic	-23812	NM_027126	69585	Mm.171314	NM_027126	ENSMUSG00000038403	Hfe2	2310035L15Rik|5230400G09Rik|AI414844|AI789733|DL-M|HJV|Rgmc|hemojuvelin	hemochromatosis type 2 (juvenile) (human homolog)
MACS_peak_1785	chr13	111184796	111188645	+	1114	NA	intron (NM_152804, intron 3 of 13)	intron (NM_152804, intron 3 of 13)	1468	NM_152804	20620	Mm.380	NM_152804	ENSMUSG00000021701	Plk2	Snk	polo-like kinase 2 (Drosophila)
MACS_peak_2696	chr17	47026099	47029041	+	1113	NA	promoter-TSS (NM_178385)	promoter-TSS (NM_178385)	0	NM_178385	72726	Mm.33780	NM_178385	ENSMUSG00000036430	Tbcc	2810055C19Rik|MGC103238	tubulin-specific chaperone C
MACS_peak_3673	chr2	181598388	181601737	+	1113	NA	intron (NM_025901, intron 1 of 2)	intron (NM_025901, intron 1 of 2)	997	NM_025901	67005	Mm.306482	NM_025901	ENSMUSG00000038628	Polr3k	12.3kDa|1500004O14Rik|AI196849|AU014893|C11|RPC10|RPC11	polymerase (RNA) III (DNA directed) polypeptide K
MACS_peak_31	chr1	25884070	25888652	+	1113	NA	5' UTR (NM_175642, exon 1 of 31)	5' UTR (NM_175642, exon 1 of 31)	191	NM_175642	210933	Mm.336569	NM_175642	ENSMUSG00000033569	Bai3	A830096D10Rik|MGC107444	brain-specific angiogenesis inhibitor 3
MACS_peak_3832	chr3	88424429	88427660	+	1113	NA	intron (NM_001198913, intron 1 of 21)	intron (NM_001198913, intron 1 of 21)	728	NM_001198912	16800	Mm.482396	NM_001198911	ENSMUSG00000028059	Arhgef2	AA408978|GEF|GEF-H1|GEFH1|LFP40|Lbcl1|Lfc|P40|mKIAA0651	rho/rac guanine nucleotide exchange factor (GEF) 2
MACS_peak_4596	chr5	96589313	96592502	+	1113	NA	promoter-TSS (NM_178854)	promoter-TSS (NM_178854)	102	NM_144910	231464	Mm.384746	NM_144910	ENSMUSG00000034724	Cnot6l	4932442K20Rik|DKFZp434K098|MGC29037	CCR4-NOT transcription complex, subunit 6-like
MACS_peak_3364	chr2	71891940	71895587	+	1113	NA	intron (NM_001204166, intron 1 of 27)	intron (NM_001204166, intron 1 of 27)	1089	NM_001204166	56508	Mm.196153	NM_001204165	ENSMUSG00000049044	Rapgef4	1300003D15Rik|5730402K07Rik|6330581N18Rik|EPAC 2|Epac-2|Epac2|KIAA4040|mKIAA4040	Rap guanine nucleotide exchange factor (GEF) 4
MACS_peak_3982	chr3	123209653	123212610	+	1113	NA	promoter-TSS (NR_028573)	promoter-TSS (NR_028573)	123	NR_028574	69895	Mm.482410	NR_028574		Snhg8	1110065M07Rik|2010109N14Rik	small nucleolar RNA host gene 8
MACS_peak_5940	chr9	16304005	16307140	+	1113	NA	Intergenic	Intergenic	-122897	NM_001080814	270120	Mm.195010	NM_001080814	ENSMUSG00000074505	Fat3	9430076A06Rik|D430038H04Rik|Gm1132|Gm510|MFAT3F	FAT tumor suppressor homolog 3 (Drosophila)
MACS_peak_4539	chr5	58105544	58110714	+	1113	NA	intron (NR_015588, intron 1 of 4)	intron (NR_015588, intron 1 of 4)	1029	NR_015588	319216	Mm.446765	NR_015588		4932441J04Rik	-	RIKEN cDNA 4932441J04 gene
MACS_peak_1831	chr14	26584279	26588100	+	1113	NA	intron (NM_001101433, intron 1 of 3)	intron (NM_001101433, intron 1 of 3)	2153	NM_001101433	71918	Mm.41904	NM_001101433	ENSMUSG00000055538	Zcchc24	2310047A01Rik	zinc finger, CCHC domain containing 24
MACS_peak_2436	chr16	77329350	77332957	+	1113	NA	intron (NR_015543, intron 1 of 4)	intron (NR_015543, intron 1 of 4)	1580	NR_015543	77994	Mm.394688	NR_015543		2810055G20Rik	D730043B02Rik	RIKEN cDNA 2810055G20 gene
MACS_peak_623	chr10	79611692	79614814	+	1113	NA	intron (NM_021565, intron 2 of 8)	CpG-1254	2218	NM_021565	59090	Mm.143813	NM_021565	ENSMUSG00000035621	Midn	3000003C15Rik	midnolin
MACS_peak_3156	chr19	56796997	56801487	+	1113	NA	3' UTR (NM_007419, exon 1 of 1)	3' UTR (NM_007419, exon 1 of 1)	2380	NM_007419	11554	Mm.46797	NM_007419	ENSMUSG00000035283	Adrb1	Adrb-1|beta-AR	adrenergic receptor, beta 1
MACS_peak_332	chr1	162964185	162967400	+	1104	NA	5' UTR (NR_002840, exon 1 of 4)	5' UTR (NR_002840, exon 1 of 4)	495	NR_002840	14455	Mm.270065	NR_002840		Gas5	Gas-5|MGC6251	growth arrest specific 5
MACS_peak_1821	chr14	21747910	21750973	+	1045	NA	intron (NM_009502, intron 1 of 20)	intron (NM_009502, intron 1 of 20)	786	NM_009502	22330	Mm.279361	NM_009502	ENSMUSG00000021823	Vcl	9430097D22|AA571387|AI462105|AW545629	vinculin
MACS_peak_1328	chr12	47916448	47920019	+	1015	NA	intron (NM_021361, intron 1 of 4)	intron (NM_021361, intron 1 of 4)	1529	NM_021361	664883	Mm.247195	NM_021361	ENSMUSG00000021047	Nova1	9430099M15Rik|G630039L02|Nova-1	neuro-oncological ventral antigen 1
MACS_peak_1986	chr14	117324407	117327537	+	1015	NA	intron (NM_011821, intron 1 of 8)	CpG	1435	NM_001079844	23888	Mm.440025	NM_001079844	ENSMUSG00000058571	Gpc6	6720429C22Rik|AI480529|MGC32221	glypican 6
MACS_peak_1489	chr12	120474575	120478430	+	1015	NA	5' UTR (NM_177290, exon 1 of 14)	5' UTR (NM_177290, exon 1 of 14)	247	NM_177290	320910	Mm.217000	NM_177290	ENSMUSG00000025321	Itgb8	4832412O06Rik	integrin beta 8
MACS_peak_739	chr10	119910141	119914701	+	1015	NA	intron (NM_010441, intron 1 of 4)	CpG	1570	NM_010441	15364	Mm.157190	NM_010441	ENSMUSG00000056758	Hmga2	9430083A20Rik|HMGI-C|Hmgic|MGC103393|pg|pygmy	high mobility group AT-hook 2
MACS_peak_3955	chr3	109142891	109148169	+	1015	NA	intron (NM_020505, intron 1 of 26)	intron (NM_020505, intron 1 of 26)	1929	NM_020505	57257	Mm.282257	NM_020505	ENSMUSG00000033721	Vav3	A530094I06Rik|AA986410|MGC27838	vav 3 oncogene
MACS_peak_1321	chr12	39504732	39511984	+	1015	NA	intron (NM_007960, intron 2 of 12)	intron (NM_007960, intron 2 of 12)	1513	NM_007960	14009	Mm.4866	NM_001163154	ENSMUSG00000004151	Etv1	ER81|Etsrp81	ets variant gene 1
MACS_peak_3051	chr19	12084615	12087511	+	1015	NA	Intergenic	Intergenic	25167	NM_146680	258675	Mm.271517	NM_146680	ENSMUSG00000067529	Olfr1423	MOR239-3	olfactory receptor 1423
MACS_peak_6205	chr9	105395623	105398457	+	1015	NA	intron (NM_175025, intron 1 of 27)	CpG	407	NM_175025	235574	Mm.326247	NM_175025	ENSMUSG00000032570	Atp2c1	1700121J11Rik|ATP2C1A|AW061228|BCPM|D930003G21Rik|HHD|MGC58010|SPCA|pmr1	ATPase, Ca++-sequestering
MACS_peak_4041	chr3	158221924	158225087	+	1015	NA	intron (NM_001081358, intron 1 of 27)	intron (NM_001081358, intron 1 of 27)	1680	NM_001081358	242274	Mm.132162	NM_001081358	ENSMUSG00000028176	Lrrc7	AK122498|densin|mKIAA1365	leucine rich repeat containing 7
MACS_peak_2816	chr18	23196926	23200804	+	1015	NA	5' UTR (NM_199024, exon 1 of 10)	5' UTR (NM_199024, exon 1 of 10)	1289	NM_199024	319211	Mm.209896	NM_001161483	ENSMUSG00000041923	Nol4	1700013J13Rik|4930568N03Rik|Gm1262	nucleolar protein 4
MACS_peak_2055	chr15	40485164	40489219	+	1015	NA	intron (NM_011766, intron 1 of 7)	CpG	603	NM_011766	22762	Mm.39496	NM_011766	ENSMUSG00000022306	Zfpm2	B330005D23Rik|FOG-2|FOG2	zinc finger protein, multitype 2
MACS_peak_3315	chr2	38678257	38681702	+	1015	NA	intron (NM_010264, intron 3 of 10)	intron (NM_010264, intron 3 of 10)	-28276	NR_029568	387176		NR_029568		Mir181a-2	Mirn181|Mirn181a|Mirn181a-2|miR-181|mir-181a	microRNA 181a-2
MACS_peak_1806	chr14	12385620	12389381	+	1015	NA	intron (NM_008981, intron 1 of 29)	intron (NM_008981, intron 1 of 29)	1433	NM_008981	19270	Mm.431266	NM_008981	ENSMUSG00000021745	Ptprg	5430405N12Rik|AW046354|AW549872|RPTPgamma	protein tyrosine phosphatase, receptor type, G
MACS_peak_1100	chr11	88576180	88578983	+	1015	NA	intron (NM_001201341, intron 4 of 7)	intron (NM_001201341, intron 4 of 7)	1962	NM_054043	76626	Mm.474737	NM_054043	ENSMUSG00000069769	Msi2	1700105C15Rik|AI451722|AI563628|AW489193|MGC118040|MGC130496|Msi2h	Musashi homolog 2 (Drosophila)
MACS_peak_1735	chr13	85426362	85429840	+	1015	NA	exon (NM_145452, exon 1 of 25)	exon (NM_145452, exon 1 of 25)	990	NM_145452	218397	Mm.259653	NM_145452	ENSMUSG00000021549	Rasa1	Gap|MGC7759|RasGAP|Rasa	RAS p21 protein activator 1
MACS_peak_3759	chr3	58217969	58225044	+	1015	NA	exon (NM_001081229, exon 1 of 4)	exon (NM_001081229, exon 1 of 4)	1895	NM_001081229	72033	Mm.218409	NM_001081229	ENSMUSG00000027806	Tsc22d2	1810043J12Rik|5530402M19Rik	TSC22 domain family, member 2
MACS_peak_142	chr1	72871345	72874699	+	1015	NA	intron (NM_008342, intron 1 of 3)	intron (NM_008342, intron 1 of 3)	1945	NM_008342	16008	Mm.141936	NM_008342	ENSMUSG00000039323	Igfbp2	AI255832|Igfbp-2|mIGFBP-2	insulin-like growth factor binding protein 2
MACS_peak_982	chr11	69222002	69225794	+	1015	NA	intron (NM_001017426, intron 1 of 22)	CpG	3279	NM_001017426	216850	Mm.472522	NM_001017426	ENSMUSG00000018476	Kdm6b	1700064E03Rik|BC038313|Jmjd3|KIAA0346|mKIAA0346	KDM1 lysine (K)-specific demethylase 6B
MACS_peak_248	chr1	132611929	132615022	+	1015	NA	promoter-TSS (NM_178691)	promoter-TSS (NM_178691)	-429	NM_178691	226418	Mm.106553	NM_178691	ENSMUSG00000046404	Yod1	9930028C20Rik|Hshin7	YOD1 OTU deubiquitinating enzyme 1 homologue (S. cerevisiae)
MACS_peak_3878	chr3	95030925	95035147	+	1015	NA	promoter-TSS (NM_019914)	promoter-TSS (NM_019914)	162	NM_001038708	57912	Mm.28189	NM_001038708	ENSMUSG00000046722	Cdc42se1	1300002M12Rik|AW558204|Cdcse1|SCIP1|Spec1	CDC42 small effector 1
MACS_peak_757	chr10	126725076	126729618	+	1015	NA	promoter-TSS (NM_007837)	promoter-TSS (NM_007837)	-502	NM_007837	13198	Mm.110220	NM_007837	ENSMUSG00000025408	Ddit3	CHOP-10|CHOP10|chop|gadd153	DNA-damage inducible transcript 3
MACS_peak_3495	chr2	124435099	124440156	+	1015	NA	intron (NM_199241, intron 1 of 18)	intron (NM_199241, intron 1 of 18)	1595	NM_199239	214968	Mm.330536	NM_172537	ENSMUSG00000027200	Sema6d	1110067B02Rik|AA409156|D330011G23|Sema6D-1|Sema6D-2|Sema6D-4|Sema6D-5|Sema6D-6|mKIAA1479	sema domain, transmembrane domain (TM), and cytoplasmic domain, (semaphorin) 6D
MACS_peak_1722	chr13	78339884	78342688	+	1015	NA	Intergenic	Intergenic	-3043	NM_010151	13865	Mm.439653	NM_010151	ENSMUSG00000069171	Nr2f1	COUP-TF1|COUP-TFI|COUPTFA|EAR3|Erbal3|MGC118474|SVP44|Tcfcoup1	nuclear receptor subfamily 2, group F, member 1
MACS_peak_2890	chr18	47524914	47529772	+	1006	NA	intron (NM_018744, intron 1 of 18)	intron (NM_018744, intron 1 of 18)	1179	NM_018744	20358	Mm.40909	NM_018744	ENSMUSG00000019647	Sema6a	9330158E07|A730020P05Rik|AI851735|Sema6A-1|Semaq|VIa	sema domain, transmembrane domain (TM), and cytoplasmic domain, (semaphorin) 6A
MACS_peak_108	chr1	59819385	59823556	+	986	NA	promoter-TSS (NM_007561)	promoter-TSS (NM_007561)	-11	NM_007561	12168	Mm.391654	NM_007561	ENSMUSG00000067336	Bmpr2	2610024H22Rik|AL117858|AW546137|BB189135|BMP-2|BMPR-2|BMPR-II|BMPRII|BRK-3	bone morphogenic protein receptor, type II (serine/threonine kinase)
MACS_peak_2020	chr15	25341475	25344909	+	986	NA	promoter-TSS (NR_027376)	promoter-TSS (NR_027376)	327	NM_027395	70350	Mm.29586	NM_027395	ENSMUSG00000045763	Basp1	2610024P12Rik|CAP-23|CAP23|Ckap3|NAP-22|NAP22	brain abundant, membrane attached signal protein 1
MACS_peak_6252	chr9	114597258	114600063	+	986	NA	intron (NM_146229, intron 2 of 12)	intron (NM_146229, intron 2 of 12)	711	NM_146229	235661	Mm.128627	NM_146229	ENSMUSG00000032435	Dync1li1	1110053F02Rik|Dnclic1|LIC-1|MGC32416	dynein cytoplasmic 1 light intermediate chain 1
MACS_peak_4163	chr4	82146147	82151206	+	986	NA	intron (NM_008687, intron 1 of 8)	intron (NM_008687, intron 1 of 8)	2536	NM_001113210	18028	Mm.317947	NM_001113209	ENSMUSG00000008575	Nfib	6720429L07Rik|E030026I10Rik	nuclear factor I/B
MACS_peak_2087	chr15	59478858	59482888	+	984	NA	exon (NM_144549, exon 1 of 3)	exon (NM_144549, exon 1 of 3)	664	NM_144549	211770	Mm.40298	NM_144549	ENSMUSG00000032501	Trib1	A530090O15Rik|TRB-1|Trb1	tribbles homolog 1 (Drosophila)
MACS_peak_231	chr1	122014814	122018306	+	968	NA	exon (NM_001037999, exon 2 of 4)	exon (NM_001037999, exon 2 of 4)	936	NM_001037999	13167	Mm.2785	NM_001037999	ENSMUSG00000026385	Dbi	ACBD1|Acbp|EP|endozepine	diazepam binding inhibitor
MACS_peak_5654	chr8	11000983	11005008	+	968	NA	intron (NM_001081212, intron 1 of 1)	intron (NM_001081212, intron 1 of 1)	5435	NM_001081212	384783	Mm.407207	NM_001081212	ENSMUSG00000038894	Irs2	Irs-2	insulin receptor substrate 2
MACS_peak_4136	chr4	54958734	54961942	+	967	NA	promoter-TSS (NM_172867)	promoter-TSS (NM_172867)	-479	NM_172867	242466	Mm.102904	NM_172867	ENSMUSG00000060206	Zfp462	6030417H05|9430078C22Rik|Gt4-2|Zfpip	zinc finger protein 462
MACS_peak_3181	chr2	4479931	4483437	+	967	NA	intron (NM_001177844, intron 1 of 11)	(TC)n|Simple_repeat|Simple_repeat	884	NM_001177844	209630	Mm.408418	NM_001177843	ENSMUSG00000026657	Frmd4a	2700017I06Rik|5330420J21|AI594879|C230040M21Rik|Frmd4|Gm13190|OTTMUSG00000010806|mKIAA1294	FERM domain containing 4A
MACS_peak_3811	chr3	86721793	86725120	+	950	NA	intron (NM_001195500, intron 1 of 11)	intron (NM_001195500, intron 1 of 11)	1350	NM_001195496	70762	Mm.44490	NM_001195496	ENSMUSG00000028078	Dclk2	6330415M09Rik|AU044875|CL2|CLICK2|Click-II|Dcamkl2	doublecortin-like kinase 2
MACS_peak_4184	chr4	94715782	94720496	+	950	NA	5' UTR (NM_010591, exon 1 of 1)	5' UTR (NM_010591, exon 1 of 1)	774	NM_010591	16476	Mm.275071	NM_010591	ENSMUSG00000052684	Jun	AP-1|Junc|c-jun	Jun oncogene
MACS_peak_2191	chr15	85502157	85505296	+	950	NA	Intergenic	Intergenic	-33307	NR_029729	723966		NR_029729		Mirlet7c-2	Mirnlet7c-2	microRNA let7c-2
MACS_peak_1949	chr14	73636787	73640036	+	950	NA	exon (NM_175116, exon 1 of 1)	exon (NM_175116, exon 1 of 1)	713	NM_175116	67168	Mm.390681	NM_175116	ENSMUSG00000033446	Lpar6	2610302I02Rik|P2ry5|P2y5	lysophosphatidic acid receptor 6
MACS_peak_6134	chr9	71740584	71747170	+	950	NA	intron (NM_011544, intron 8 of 20)	intron (NM_011544, intron 8 of 20)	-124468	NM_026599	68178	Mm.99961	NM_026599	ENSMUSG00000032232	Cgnl1	4933421H10Rik|9930020M10Rik|AI503810|Jacop	cingulin-like 1
MACS_peak_4767	chr5	141083657	141087122	+	950	NA	intron (NM_008494, intron 1 of 7)	intron (NM_008494, intron 1 of 7)	2094	NM_008494	16848	Mm.12834	NM_008494	ENSMUSG00000029570	Lfng	AW061165	LFNG O-fucosylpeptide 3-beta-N-acetylglucosaminyltransferase
MACS_peak_3332	chr2	56966487	56969753	+	950	NA	promoter-TSS (NM_013613)	promoter-TSS (NM_013613)	-671	NM_013613	18227	Mm.3507	NM_001139509	ENSMUSG00000026826	Nr4a2	HZF-3|NOT|Nurr1|RNR-1|TINOR|TINUR	nuclear receptor subfamily 4, group A, member 2
MACS_peak_5642	chr7	152120245	152129660	+	950	NA	intron (NM_007631, intron 1 of 4)	intron (NM_007631, intron 1 of 4)	878	NM_007631	12443	Mm.273049	NM_007631	ENSMUSG00000070348	Ccnd1	AI327039|Cyl-1|PRAD1|bcl-1|cD1	cyclin D1
MACS_peak_4018	chr3	143864687	143868049	+	950	NA	intron (NM_010723, intron 1 of 4)	intron (NM_010723, intron 1 of 4)	-1008	NM_001161769	16911		NM_001161769	ENSMUSG00000028266	Lmo4	A730077C12Rik|Crp3|Etohi4	LIM domain only 4
MACS_peak_1730	chr13	83866328	83870437	+	950	NA	intron (NR_015561, intron 1 of 3)	intron (NR_015561, intron 1 of 3)	671	NR_015561	320203	Mm.245636	NR_015561		C130071C03Rik	2810449C10Rik	RIKEN cDNA C130071C03 gene
MACS_peak_4443	chr5	22938045	22941812	+	949	NA	promoter-TSS (NM_026984)	promoter-TSS (NM_026984)	-319	NM_026984	69188	Mm.403814	NM_026984	ENSMUSG00000029004	Mll5	1810033J14Rik|9530077A04Rik|D230038D11Rik|FLJ10078|Kmt2E	myeloid/lymphoid or mixed-lineage leukemia 5
MACS_peak_891	chr11	48666629	48670106	+	935	NA	Intergenic	MTC|LTR|MaLR	16481	NM_008326	15944	Mm.29938	NM_008326	ENSMUSG00000046879	Irgm1	Ifi1|Iigp3|Iipg3|Irgm|LRG-47	immunity-related GTPase family M member 1
MACS_peak_18	chr1	16093427	16097177	+	935	NA	promoter-TSS (NM_011291)	promoter-TSS (NM_011291)	-661	NM_133832	98711	Mm.274376	NM_133832	ENSMUSG00000025921	Rdh10	3110069K09Rik|4921506A21Rik|AI875664|AW549993|D1Ertd762e|m366Asp	retinol dehydrogenase 10 (all-trans)
MACS_peak_707	chr10	98726013	98729917	+	897	NA	intron (NM_026268, intron 2 of 2)	intron (NM_026268, intron 2 of 2)	2100	NM_026268	67603	Mm.1791	NM_026268	ENSMUSG00000019960	Dusp6	1300019I03Rik|MGC98540|MKP-3|MKP3|PYST1	dual specificity phosphatase 6
MACS_peak_252	chr1	133419304	133423789	+	887	NA	exon (NM_001081011, exon 2 of 23)	exon (NM_001081011, exon 2 of 23)	2392	NM_001081011	14270	Mm.276259	NM_001081011	ENSMUSG00000026425	Srgap2	9930124L22Rik|AI448945|FBP2|Fnbp2|srGAP3	SLIT-ROBO Rho GTPase activating protein 2
MACS_peak_6125	chr9	68500426	68503231	+	848	NA	intron (NM_013646, intron 1 of 10)	CpG	219	NM_013646	19883	Mm.485549	NM_013646	ENSMUSG00000032238	Rora	9530021D13Rik|Nr1f1|ROR1|ROR2|ROR3|nmf267|sg|staggerer	RAR-related orphan receptor alpha
MACS_peak_4977	chr6	86798497	86802255	+	848	NA	promoter-TSS (NR_028298)	promoter-TSS (NR_028298)	865	NM_001040106	269774	Mm.221038	NM_001040106	ENSMUSG00000057230	Aak1	5530400K14Rik|9630042K20|AU067724|AU067726|BC028270|C79663|D6Ertd245e|MGC40785|R75501|mKIAA1048	AP2 associated kinase 1
MACS_peak_1398	chr12	79326259	79329313	+	848	NA	exon (NM_145965, exon 1 of 23)	exon (NM_145965, exon 1 of 23)	144	NM_145965	268566	Mm.453131	NM_145965	ENSMUSG00000047454	Gphn	5730552E08Rik|AI662856|BC027112|C230040D23|GPH|GPHRYN|MGC150066|MGC38765|geph	gephyrin
MACS_peak_6063	chr9	56919228	56923421	+	848	NA	intron (NM_001110351, intron 1 of 21)	intron (NM_001110351, intron 1 of 21)	1477	NM_001110351	20466	Mm.15755	NM_001110350	ENSMUSG00000042557	Sin3a	AW553200|KIAA4126|Sin3|mKIAA4126|mSin3A	transcriptional regulator, SIN3A (yeast)
MACS_peak_5801	chr8	83401852	83404796	+	848	NA	intron (NM_021356, intron 1 of 9)	CpG	1054	NM_021356	14388	Mm.277409	NM_021356	ENSMUSG00000031714	Gab1	AA408973|AW107238	growth factor receptor bound protein 2-associated protein 1
MACS_peak_2663	chr17	36052824	36055788	+	848	NA	promoter-TSS (NM_025878)	promoter-TSS (NM_025878)	165	NM_001163818	52040	Mm.482281	NM_001163818	ENSMUSG00000039220	Ppp1r10	2610025H06Rik|Cat53|D17Ertd808e|Fb19|Pnuts	protein phosphatase 1, regulatory subunit 10
MACS_peak_2929	chr18	69503575	69511037	+	848	NA	intron (NM_001083967, intron 2 of 19)	intron (NM_001083967, intron 2 of 19)	1931	NM_001083967	21413	Mm.4269	NM_001083967	ENSMUSG00000053477	Tcf4	5730422P05Rik|ASP-I2|E2-2|E2.2|ITF-2|ITF-2b|ITF2|ME2|MITF-2A|MITF-2B|SEF-2|SEF2|SEF2-1|TFE|Tcf-4|bHLHb19	transcription factor 4
MACS_peak_4995	chr6	93860982	93864046	+	848	NA	intron (NM_010367, intron 2 of 21)	intron (NM_010367, intron 2 of 21)	1034	NM_001083321	14924	Mm.217216	NM_001029850	ENSMUSG00000045095	Magi1	AIP3|BAP1|Baiap1|Gukmi1|KIAA4129|MAGI1c|Magi-1|TNRC19|WWP3|mKIAA4129	membrane associated guanylate kinase, WW and PDZ domain containing 1
MACS_peak_4289	chr4	126429550	126432509	+	848	NA	promoter-TSS (NM_011986)	promoter-TSS (NM_011986)	15	NM_001035526	100317	Mm.206206	NM_001035525	ENSMUSG00000028830	AU040320	A730047D20Rik|Kiaa0319l	expressed sequence AU040320
MACS_peak_3734	chr3	45179991	45186387	+	848	NA	exon (NM_011043, exon 1 of 1)	exon (NM_011043, exon 1 of 1)	869	NM_001098171	18526	Mm.242644	NM_001098170	ENSMUSG00000049100	Pcdh10	6430521D13Rik|6430703F07Rik|OL-pc|mKIAA1400	protocadherin 10
MACS_peak_3816	chr3	87802035	87804975	+	848	NA	intron (NM_001109758, intron 1 of 7)	intron (NM_001109758, intron 1 of 7)	773	NM_007529	12032	Mm.4598	NM_001109758	ENSMUSG00000004892	Bcan	Cspg7	brevican
MACS_peak_1739	chr13	89878514	89882303	+	848	NA	intron (NM_172955, intron 1 of 5)	intron (NM_172955, intron 1 of 5)	1709	NM_001081249	13003	Mm.410783	NM_001081249	ENSMUSG00000021614	Vcan	5430420N07Rik|9430051N09|Cspg2|DPEAAE|NG2|PG-M|PG-M(V0)|PG-M(V1)|hdf	versican
MACS_peak_3707	chr3	30498315	30502219	+	848	NA	promoter-TSS (NM_030557)	promoter-TSS (NM_030557)	-742	NM_030557	80732	Mm.200378	NM_030557	ENSMUSG00000037730	Mynn	2810011C24Rik|AA415053|AI661031|AW049392|Mynr|SBBIZ1	myoneurin
MACS_peak_1898	chr14	55672348	55675932	+	848	NA	Intergenic	Intergenic	-17788	NR_004444	432855	Mm.444987	NR_004444		Zfhx2as	-	zinc finger homeobox 2, antisense
MACS_peak_974	chr11	68873643	68877900	+	848	NA	TTS (NM_028005)	TTS (NM_028005)	2494	NM_028005	71923	Mm.340257	NM_028005	ENSMUSG00000045176	2310047M10Rik	-	RIKEN cDNA 2310047M10 gene
MACS_peak_3076	chr19	28084274	28087025	+	848	NA	promoter-TSS (NM_011265)	promoter-TSS (NM_011265)	7	NM_011265	19726	Mm.313321	NM_001166414	ENSMUSG00000040929	Rfx3	C230093O12Rik|MRFX3	regulatory factor X, 3 (influences HLA class II expression)
MACS_peak_4578	chr5	81449037	81454547	+	848	NA	intron (NM_198702, intron 1 of 27)	intron (NM_198702, intron 1 of 27)	1174	NM_198702	319387	Mm.461016	NM_198702	ENSMUSG00000037605	Lphn3	5430402I23Rik|CIRL-3|D130075K09Rik|Gm1379|LEC3|MGC99439|mKIAA0768	latrophilin 3
MACS_peak_1729	chr13	83860531	83863300	+	848	NA	Intergenic	Intergenic	-5796	NR_015561	320203	Mm.245636	NR_015561		C130071C03Rik	2810449C10Rik	RIKEN cDNA C130071C03 gene
MACS_peak_482	chr10	17441558	17444933	+	848	NA	5' UTR (NM_010828, exon 1 of 2)	5' UTR (NM_010828, exon 1 of 2)	211	NM_010828	17684	Mm.272321	NM_010828	ENSMUSG00000039910	Cited2	AI835299|ER154-like|Mrg1|Msg2|p35srj	Cbp/p300-interacting transactivator, with Glu/Asp-rich carboxy-terminal domain, 2
MACS_peak_1829	chr14	26276627	26281567	+	848	NA	intron (NM_183208, intron 1 of 23)	CpG	426	NM_183208	328365	Mm.392057	NM_183208	ENSMUSG00000007817	Zmiz1	BC065120|E330020C23|ENSMUSG00000072684|Gm10397|I920194n01|Rai17|Zimp10	zinc finger, MIZ-type containing 1
MACS_peak_190	chr1	92894344	92897477	+	848	NA	intron (NM_001111312, intron 1 of 12)	intron (NM_001111312, intron 1 of 12)	606	NM_001111312	16978	Mm.395990	NM_001111311	ENSMUSG00000026305	Lrrfip1	AU024550|Fliiap1	leucine rich repeat (in FLII) interacting protein 1
MACS_peak_133	chr1	69151238	69155757	+	848	NA	intron (NM_010154, intron 1 of 26)	intron (NM_010154, intron 1 of 26)	1136	NM_010154	13869	Mm.442420	NM_010154	ENSMUSG00000062209	Erbb4	Her4|c-erbB-4	v-erb-a erythroblastic leukemia viral oncogene homolog 4 (avian)
MACS_peak_3147	chr19	50750564	50753758	+	848	NA	intron (NM_021377, intron 1 of 25)	intron (NM_021377, intron 1 of 25)	941	NM_021377	58178	Mm.313672	NM_021377	ENSMUSG00000043531	Sorcs1	Sorcs	VPS10 domain receptor protein SORCS 1
MACS_peak_3895	chr3	96048630	96052523	+	848	NA	promoter-TSS (NM_178216).2	promoter-TSS (NM_178216).2	-98	NM_178216	15077	Mm.422680	NM_178216	ENSMUSG00000070392	Hist2h3c1	BE691662|H3-615|H3f2|Hist2h3ca1	histone cluster 2, H3c1
MACS_peak_3094	chr19	36628621	36631489	+	848	NA	intron (NM_172637, intron 1 of 20)	intron (NM_172637, intron 1 of 20)	926	NM_001163471	226098	Mm.61107	NM_001163471	ENSMUSG00000041180	Hectd2	4921524L07|A630025O09Rik|AW212605	HECT domain containing 2
MACS_peak_4919	chr6	55401600	55404427	+	848	NA	intron (NM_007407, intron 1 of 16)	intron (NM_007407, intron 1 of 16)	1039	NM_007407	11517	Mm.44245	NM_001025372	ENSMUSG00000029778	Adcyap1r1	2900024I10Rik|AI846590|PAC1|PAC1R|PACAP1-R	adenylate cyclase activating polypeptide 1 receptor 1
MACS_peak_2184	chr15	84682752	84687015	+	848	NA	intron (NR_030731, intron 2 of 11)	CpG	1676	NM_001081166	271305	Mm.101022	NM_001081166	ENSMUSG00000016624	Phf21b	A730032D07Rik	PHD finger protein 21B
MACS_peak_4580	chr5	84843485	84847003	+	848	NA	intron (NM_007937, intron 1 of 15)	CpG	1163	NM_007937	13839	Mm.438006	NM_007937	ENSMUSG00000029245	Epha5	AI854630|AW125296|Cek7|Ehk1|Els1|Hek7|Rek7|bsk	Eph receptor A5
MACS_peak_581	chr10	67739311	67742511	+	848	NA	exon (NM_023598, exon 2 of 10)	exon (NM_023598, exon 2 of 10)	563	NM_023598	71371	Mm.440357	NM_023598	ENSMUSG00000019947	Arid5b	4930580B11|5430435G07Rik|AI467247|Desrt|Mrf2|Mrf2alpha|Mrf2beta	AT rich interactive domain 5B (MRF1-like)
MACS_peak_1922	chr14	62299347	62302136	+	848	NA	intron (NR_028264, intron 1 of 6)	CpG	469	NR_028264	668253	Mm.483605	NR_028264		Dleu2	1810047A16Rik|4932411A06Rik|7730401J12Rik|AI197277|AI788824|Alt1|Gm9069|Leu2	deleted in lymphocytic leukemia, 2
MACS_peak_931	chr11	58766917	58770095	+	848	NA	promoter-TSS (NM_206882)	promoter-TSS (NM_206882)	319	NM_178218	319162	Mm.212549	NM_178218	ENSMUSG00000078851	Hist3h2a	-	histone cluster 3, H2a
MACS_peak_1257	chr11	120048374	120051700	+	848	NA	intron (NR_030682, intron 1 of 2)	intron (NR_030682, intron 1 of 2)	1133	NR_030682	100042332	Mm.269766	NR_030682		2810410L24Rik	-	RIKEN cDNA 2810410L24 gene
MACS_peak_4944	chr6	83002871	83005625	+	848	NA	promoter-TSS (NM_007517)	promoter-TSS (NM_007517)	317	NM_019752	64704	Mm.21880	NM_019752	ENSMUSG00000068329	Htra2	AI481710|Omi|Prss25|mnd2	HtrA serine peptidase 2
MACS_peak_3415	chr2	94103356	94106300	+	848	NA	Intergenic	Intergenic	-3272	NR_030431	735259		NR_030431		Mir670	Mirn670|mmu-mir-670	microRNA 670
MACS_peak_59	chr1	42746839	42753227	+	848	NA	intron (NR_027826, intron 1 of 3)	intron (NR_027826, intron 1 of 3)	1637	NR_027826	66297	Mm.45203	NR_027826		2610017I09Rik	-	RIKEN cDNA 2610017I09 gene
MACS_peak_5935	chr9	14416297	14419139	+	848	NA	intron (NM_001081395, intron 1 of 12)	intron (NM_001081395, intron 1 of 12)	1726	NM_001081395	75723	Mm.159552	NM_001081395	ENSMUSG00000013076	Amotl1	2310010G08Rik|2310067L22Rik|4932416D09Rik|FLJ00155|JEAP|mFLJ00155	angiomotin-like 1
MACS_peak_1769	chr13	102535793	102538636	+	848	NA	intron (NM_001077495, intron 1 of 15)	CpG	958	NM_001077495	18708	Mm.259333	NM_001024955	ENSMUSG00000041417	Pik3r1	AA414921|C530050K14|PI3K|p50alpha|p55alpha|p85alpha	phosphatidylinositol 3-kinase, regulatory subunit, polypeptide 1 (p85 alpha)
MACS_peak_5715	chr8	47824611	47827856	+	848	NA	intron (NM_008391, intron 1 of 8)	CpG	1134	NM_008391	16363	Mm.1149	NM_008391	ENSMUSG00000031627	Irf2	9830146E22Rik|AI646973|Irf-2|MGC117893	interferon regulatory factor 2
MACS_peak_1876	chr14	51682815	51686107	+	820	NA	Intergenic	Intergenic	6656	NM_207558	404319	Mm.377276	NM_207558	ENSMUSG00000035932	Olfr750	GA_x5J8B7W5WBF-6267395-6266441|GA_x6K02T2PMLR-6808276-6807281|MOR103-18	olfactory receptor 750
MACS_peak_863	chr11	31769927	31775257	+	820	NA	exon (NM_026252, exon 1 of 10)	exon (NM_026252, exon 1 of 10)	381	NM_026252	67579	Mm.339792	NM_026252	ENSMUSG00000020300	Cpeb4	4930447D24Rik|AI851572|mKIAA1673	cytoplasmic polyadenylation element binding protein 4
MACS_peak_4375	chr4	147241770	147244680	+	820	NA	promoter-TSS (NM_001025365)	promoter-TSS (NM_001025365)	137	NM_010244	14349	Mm.422607	NM_010244	ENSMUSG00000070583	Fv1	Fv-1|Rv-1|Rv1	Friend virus susceptibility 1
MACS_peak_5177	chr7	16984541	16988234	+	808	NA	promoter-TSS (NM_198631)	promoter-TSS (NM_198631)	-158	NM_198631	330474	Mm.333594	NM_198631	ENSMUSG00000059273	Zc3h4	Bwq1|Gm768|KIAA1064|Kiaa1064-hp|MGC67629|mKIAA1064	zinc finger CCCH-type containing 4
MACS_peak_5172	chr7	16631793	16634589	+	808	NA	Intergenic	CpG	-24100	NM_001099277	666528	Mm.290718	NM_001099277	ENSMUSG00000078796	Zfp541	EG666528|Znf541	zinc finger protein 541
MACS_peak_61	chr1	42768022	42770776	+	791	NA	Intergenic	Intergenic	12218	NR_027891	73100	Mm.480115	NR_027891		2900092D14Rik	-	RIKEN cDNA 2900092D14 gene
MACS_peak_4474	chr5	31188464	31191886	+	791	NA	Intergenic	CpG	-1050	NM_174849	231093	Mm.440364	NM_001048192	ENSMUSG00000029165	Agbl5	4930455N08|9430057O19Rik|CCP5	ATP/GTP binding protein-like 5
MACS_peak_829	chr11	18915607	18920624	+	791	NA	intron (NM_010789, intron 1 of 11)	intron (NM_010789, intron 1 of 11)	857	NM_001193271	17268	Mm.445192	NM_001193271	ENSMUSG00000020160	Meis1	C530044H18Rik|Evi8	Meis homeobox 1
MACS_peak_2412	chr16	55819280	55822231	+	791	NA	intron (NM_001159395, intron 2 of 12)	intron (NM_001159395, intron 2 of 12)	1496	NM_001159394	80859	Mm.247272	NM_001159394	ENSMUSG00000035356	Nfkbiz	AA408868|INAP|Mail	nuclear factor of kappa light polypeptide gene enhancer in B-cells inhibitor, zeta
MACS_peak_1776	chr13	105075592	105078676	+	791	NA	promoter-TSS (NM_001081020)	promoter-TSS (NM_001081020)	-819	NM_001081020	108154	Mm.208125	NM_001081020	ENSMUSG00000046169	Adamts6	5031426K13|A930019D11Rik|ADAM-TS6	a disintegrin-like and metallopeptidase (reprolysin type) with thrombospondin type 1 motif, 6
MACS_peak_166	chr1	82279505	82283988	+	791	NA	intron (NM_010570, intron 1 of 1)	intron (NM_010570, intron 1 of 1)	6268	NM_010570	16367	Mm.4952	NM_010570	ENSMUSG00000055980	Irs1	G972R|IRS-1	insulin receptor substrate 1
MACS_peak_280	chr1	138026830	138029849	+	791	NA	exon (NM_001039472, exon 1 of 35)	exon (NM_001039472, exon 1 of 35)	361	NM_001039472	16565	Mm.276135	NM_001039472	ENSMUSG00000041642	Kif21b	2610511N21Rik|KIAA0449|mKIAA0449	kinesin family member 21B
MACS_peak_378	chr1	173258054	173260819	+	791	NA	5' UTR (NM_001128609, exon 1 of 6)	5' UTR (NM_001128609, exon 1 of 6)	160	NM_011615	21945	Mm.270139	NM_001128609	ENSMUSG00000013973	Dedd	CASP8IP1|DEFT|Dedpro1|FLDED1|KE05	death effector domain-containing
MACS_peak_424	chr1	185856436	185859669	+	783	NA	promoter-TSS (NM_028516)	promoter-TSS (NM_028516)	-175	NM_028516	73363	Mm.50115	NM_028516	ENSMUSG00000044854	1700056E22Rik	-	RIKEN cDNA 1700056E22 gene
MACS_peak_1928	chr14	65566638	65569740	+	765	NA	promoter-TSS (NM_153414)	promoter-TSS (NM_153414)	495	NM_177338	219150	Mm.344074	NM_177338	ENSMUSG00000021972	Hmbox1	AI451877|AI604847|F830020C16Rik	homeobox containing 1
MACS_peak_2085	chr15	59146191	59148938	+	750	NA	exon (NM_009270, exon 1 of 11)	exon (NM_009270, exon 1 of 11)	917	NM_009270	20775	Mm.296169	NM_009270	ENSMUSG00000022351	Sqle	AI323792	squalene epoxidase
MACS_peak_2290	chr16	4878384	4881276	+	736	NA	promoter-TSS (NM_145359)	promoter-TSS (NM_145359)	21	NM_145359	207740	Mm.268895	NM_145359	ENSMUSG00000039568	Fam100a	1500031H01Rik|BC013706	family with sequence similarity 100, member A
MACS_peak_1196	chr11	106648717	106651954	+	733	NA	promoter-TSS (NM_007840)	promoter-TSS (NM_007840)	-231	NM_177088	320162	Mm.441582	NM_001166685	ENSMUSG00000018372	Ccdc45	4732496G21Rik|AI118346|AI448335|D330027A14Rik|F630025I20Rik	coiled-coil domain containing 45
MACS_peak_4226	chr4	109336630	109340090	+	723	NA	promoter-TSS (NM_007671)	promoter-TSS (NM_007671)	-383	NM_007671	12580	Mm.1912	NM_007671	ENSMUSG00000028551	Cdkn2c	C77269|INK4c|INK4d|p18|p18INK4c	cyclin-dependent kinase inhibitor 2C (p18, inhibits CDK4)
MACS_peak_2141	chr15	78672601	78675628	+	723	NA	intron (NM_027219, intron 1 of 2)	intron (NM_027219, intron 1 of 2)	1037	NM_027219	104445	Mm.307488	NM_027219	ENSMUSG00000049521	Cdc42ep1	1810058K22Rik|AA980734|Borg5|CEP1|MGC103067|MSE55	CDC42 effector protein (Rho GTPase binding) 1
MACS_peak_1278	chr12	3307429	3310456	+	722	NA	intron (NM_016676, intron 1 of 5)	intron (NM_016676, intron 1 of 5)	1027	NM_016676	19325	Mm.378993	NM_016676	ENSMUSG00000020671	Rab10	AW107754	RAB10, member RAS oncogene family
MACS_peak_2008	chr15	8657225	8660709	+	688	NA	intron (NM_148938, intron 1 of 9)	intron (NM_148938, intron 1 of 9)	1840	NM_148938	20512	Mm.204834	NM_148938	ENSMUSG00000005360	Slc1a3	AI504299|B430115D02Rik|Eaat1|GLAST|GLAST-1|GLU-T|GluT-1|Gmt1|MGluT1	solute carrier family 1 (glial high affinity glutamate transporter), member 3
MACS_peak_6239	chr9	109954325	109957493	+	687	NA	intron (NM_001205330, intron 8 of 18)	intron (NM_001205330, intron 8 of 18)	62177	NM_133347	72831	Mm.276305	NM_133347	ENSMUSG00000032480	Dhx30	2810477H02Rik|C130058C04Rik|Ddx30|HELG|Ret-CoR	DEAH (Asp-Glu-Ala-His) box polypeptide 30
MACS_peak_2811	chr18	16965245	16969120	+	687	NA	5' UTR (NM_007664, exon 1 of 16)	5' UTR (NM_007664, exon 1 of 16)	376	NM_007664	12558	Mm.257437	NM_007664	ENSMUSG00000024304	Cdh2	CDHN|N-cadherin|Ncad	cadherin 2
MACS_peak_6174	chr9	91256131	91259285	+	687	NA	intron (NM_009573, intron 1 of 2)	intron (NM_009573, intron 1 of 2)	2929	NM_009573	22771	Mm.477226	NM_009573	ENSMUSG00000032368	Zic1	ZIC|ZNF201	zinc finger protein of the cerebellum 1
MACS_peak_1430	chr12	86813552	86816807	+	687	NA	intron (NM_010234, intron 1 of 3)	CpG	328	NM_010234	14281	Mm.246513	NM_010234	ENSMUSG00000021250	Fos	D12Rfj1|c-fos|cFos	FBJ osteosarcoma oncogene
MACS_peak_5430	chr7	90014139	90017379	+	687	NA	promoter-TSS (NM_175366)	promoter-TSS (NM_175366)	-84	NM_175366	108797	Mm.306789	NM_175366	ENSMUSG00000057706	Mex3b	4931439A04Rik|M-04814|Rkhd3|mKIAA2009	mex3 homolog B (C. elegans)
MACS_peak_5880	chr8	118229112	118233441	+	687	NA	promoter-TSS (NM_001025577)	promoter-TSS (NM_001025577)	-482	NM_001025577	17132	Mm.439772	NM_001025577	ENSMUSG00000055435	Maf	2810401A20Rik|A230108G15Rik|AW047063|c-maf	avian musculoaponeurotic fibrosarcoma (v-maf) AS42 oncogene homolog
MACS_peak_1731	chr13	83871221	83875476	+	687	NA	intron (NR_015561, intron 3 of 3)	intron (NR_015561, intron 3 of 3)	-5071	NR_029545	723967		NR_029545		Mir9-2	Mirn9-2|mmu-mir-9-2	microRNA 9-2
MACS_peak_5362	chr7	56500827	56505099	+	687	NA	intron (NM_175272, intron 1 of 37)	intron (NM_175272, intron 1 of 37)	1404	NM_175272	78286	Mm.471488	NM_001111016	ENSMUSG00000052512	Nav2	5330421F07Rik|AU067780|BQ960892|HELAD1|POMFIL2|RAINB1|RAINB2|Unc53H2|mKIAA3015	neuron navigator 2
MACS_peak_3379	chr2	79474005	79476876	+	687	NA	promoter-TSS (NM_080558)	promoter-TSS (NM_080558)	-142	NM_080558	70599	Mm.272881	NM_080558	ENSMUSG00000027007	Ssfa2	5730488C15Rik|CS-1|CS1|KRAP|SPAG13|mKIAA1927	sperm specific antigen 2
MACS_peak_2883	chr18	45717867	45720978	+	687	NA	promoter-TSS (NM_080465)	promoter-TSS (NM_080465)	-386	NM_080465	140492	Mm.458654	NM_080465	ENSMUSG00000054477	Kcnn2	KCa2.2|SK2|SKCA2	potassium intermediate/small conductance calcium-activated channel, subfamily N, member 2
MACS_peak_4071	chr4	22411891	22415251	+	687	NA	TTS (NM_008899)	TTS (NM_008899)	1707	NM_008899	18992	Mm.389520	NM_008899	ENSMUSG00000052621	Pou3f2	9430075J19Rik|A230098E07Rik|Brn-2|Brn2|Otf7	POU domain, class 3, transcription factor 2
MACS_peak_3986	chr3	126861990	126865461	+	687	NA	Intergenic	Intergenic	-162355	NM_178655	109676	Mm.461850	NM_001034168	ENSMUSG00000032826	Ank2	AI835472|AW491075|Ank-2	ankyrin 2, brain
MACS_peak_1575	chr13	23676001	23679070	+	687	NA	exon (NM_001177653, exon 2 of 2)	exon (NM_001177653, exon 2 of 2)	4064	NM_175654	319156	Mm.260530	NM_175654	ENSMUSG00000061482	Hist1h4d	-	histone cluster 1, H4d
MACS_peak_5516	chr7	123173284	123178957	+	687	NA	intron (NM_001025559, intron 1 of 15)	intron (NM_001025559, intron 1 of 15)	-1559	NM_001025560	20679	Mm.323365	NM_001025559	ENSMUSG00000051910	Sox6	AI987981	SRY-box containing gene 6
MACS_peak_5074	chr6	127097954	127100972	+	687	NA	intron (NM_009829, intron 1 of 4)	intron (NM_009829, intron 1 of 4)	1603	NM_009829	12444	Mm.333406	NM_009829	ENSMUSG00000000184	Ccnd2	2600016F06Rik|AI256817|BF642806|C86853|Vin-1|Vin1|cD2	cyclin D2
MACS_peak_4198	chr4	102242690	102245887	+	687	NA	intron (NM_001177980, intron 1 of 9)	(TG)n|Simple_repeat|Simple_repeat	1623	NM_001177980	18578	Mm.20181	NM_001177980	ENSMUSG00000028525	Pde4b	Dpde4|R74983|dunce	phosphodiesterase 4B, cAMP specific
MACS_peak_1837	chr14	29317456	29320876	+	687	NA	5' UTR (NM_009524, exon 1 of 5)	5' UTR (NM_009524, exon 1 of 5)	507	NM_009524	22418	Mm.287544	NM_009524	ENSMUSG00000021994	Wnt5a	8030457G12Rik|Wnt-5a	wingless-related MMTV integration site 5A
MACS_peak_5919	chr8	130880782	130884149	+	687	NA	promoter-TSS (NM_008737)	promoter-TSS (NM_008737)	-508	NM_008737	18186	Mm.271745	NM_008737	ENSMUSG00000025810	Nrp1	C530029I03|NP-1|NPN-1|Npn1|Nrp	neuropilin 1
MACS_peak_1629	chr13	51940663	51944652	+	687	NA	intron (NM_011817, intron 1 of 3)	CpG-3852	613	NM_011817	23882	Mm.281298	NM_011817	ENSMUSG00000021453	Gadd45g	AI327420|C86281|CR6|DDIT2|OIG37	growth arrest and DNA-damage-inducible 45 gamma
MACS_peak_1658	chr13	60275286	60278105	+	687	NA	3' UTR (NM_008086, exon 1 of 1)	3' UTR (NM_008086, exon 1 of 1)	2201	NM_008086	14451	Mm.22701	NM_008086	ENSMUSG00000052957	Gas1	AW554192|Gas-1	growth arrest specific 1
MACS_peak_2952	chr18	81179468	81183288	+	687	NA	intron (NM_178280, intron 1 of 3)	intron (NM_178280, intron 1 of 3)	1939	NM_178280	20689	Mm.215917	NM_178280	ENSMUSG00000024565	Sall3	B130022O04Rik|Msal|Msal-1|Sal|Salt|Spalt	sal-like 3 (Drosophila)
MACS_peak_4955	chr6	83389433	83393051	+	687	NA	promoter-TSS (NR_028382)	promoter-TSS (NR_028382)	430	NM_183138	194388	Mm.211030	NM_183138	ENSMUSG00000034832	Tet3	B430006D22Rik|BC037432|D230004J03Rik	tet oncogene family member 3
MACS_peak_5435	chr7	94733008	94737217	+	687	NA	intron (NM_001143834, intron 1 of 10)	intron (NM_001143834, intron 1 of 10)	2434	NM_001143834	108071	Mm.235018	NM_001081414	ENSMUSG00000049583	Grm5	6430542K11Rik|AI850523|Gprc1e|mGluR5|mGluR5b	glutamate receptor, metabotropic 5
MACS_peak_2073	chr15	57525068	57528128	+	687	NA	intron (NM_199449, intron 1 of 3)	CpG	376	NM_199449	387609	Mm.36557	NM_199449	ENSMUSG00000071757	Zhx2	Afr-1|Afr1|Raf|mKIAA0854	zinc fingers and homeoboxes 2
MACS_peak_1565	chr13	23621658	23624975	+	687	NA	TTS (NM_153173)	TTS (NM_153173)	403	NM_153173	69386	Mm.158272	NM_153173	ENSMUSG00000060981	Hist1h4h	1700024H08Rik|MGC41466	histone cluster 1, H4h
MACS_peak_1181	chr11	102976074	102979525	+	687	NA	5' UTR (NM_138753, exon 1 of 1)	5' UTR (NM_138753, exon 1 of 1)	160	NM_138753	192231	Mm.8763	NM_138753	ENSMUSG00000048878	Hexim1	7330426E13Rik|CLP-1|Clp1|HIS1	hexamethylene bis-acetamide inducible 1
MACS_peak_578	chr10	66998918	67001942	+	687	NA	promoter-TSS (NM_010118)	promoter-TSS (NM_010118)	-187	NM_010118	13654	Mm.290421	NM_010118	ENSMUSG00000037868	Egr2	Egr-2|Krox-20|Krox20|NGF1-B|Zfp-25|Zfp-6	early growth response 2
MACS_peak_60	chr1	42755043	42760164	+	687	NA	TTS (NM_008900)	TTS (NM_008900)	422	NR_027891	73100	Mm.480115	NR_027891		2900092D14Rik	-	RIKEN cDNA 2900092D14 gene
MACS_peak_2745	chr17	73266849	73269859	+	687	NA	intron (NM_029999, intron 1 of 2)	intron (NM_029999, intron 1 of 2)	709	NM_029999	77889	Mm.154109	NM_029999	ENSMUSG00000024063	Lbh	1810009F10Rik|6720416L16Rik	limb-bud and heart
MACS_peak_4773	chr5	143579782	143583390	+	687	NA	Intergenic	Intergenic	-2520	NM_001122730	231861	Mm.480618	NM_001122730	ENSMUSG00000039477	Tnrc18	BC025631|EG381742|MGC59613|Zfp469	trinucleotide repeat containing 18
MACS_peak_4966	chr6	85909497	85912479	+	687	NA	intron (NM_028099, intron 1 of 8)	intron (NM_028099, intron 1 of 8)	673	NM_028099	72102	Mm.24007	NM_028099	ENSMUSG00000030002	Dusp11	2010300F21Rik|AI481497	dual specificity phosphatase 11 (RNA/RNP complex 1-interacting)
MACS_peak_1388	chr12	76409030	76412316	+	678	NA	intron (NM_023275, intron 1 of 4)	intron (NM_023275, intron 1 of 4)	1373	NM_023275	80837	Mm.27467	NM_023275	ENSMUSG00000046768	Rhoj	1110005O19Rik|AW210585|Arhj|TC10L|TCL	ras homolog gene family, member J
MACS_peak_2790	chr18	6512471	6517058	+	678	NA	intron (NM_007935, intron 1 of 13)	intron (NM_007935, intron 1 of 13)	1321	NM_007935	13831	Mm.312133	NM_007935	ENSMUSG00000024240	Epc1	2400007E14Rik|5730566F07Rik|A930032N02Rik	enhancer of polycomb homolog 1 (Drosophila)
MACS_peak_3829	chr3	88334791	88337633	+	678	NA	promoter-TSS (NM_001029890)	promoter-TSS (NM_001029890)	-105	NM_001029890	72640	Mm.402169	NM_001029890	ENSMUSG00000074480	Mex3a	2700083E18Rik|Gm411|Rkhd4	mex3 homolog A (C. elegans)
MACS_peak_3719	chr3	34548038	34550983	+	669	NA	exon (NM_011443, exon 1 of 1)	exon (NM_011443, exon 1 of 1)	583	NM_011443	20674	Mm.65396	NM_011443	ENSMUSG00000074637	Sox2	Sox-2|lcc|ysb	SRY-box containing gene 2
MACS_peak_1260	chr11	120208156	120212051	+	667	NA	promoter-TSS (NM_009609)	promoter-TSS (NM_009609)	-305	NM_009609	11465	Mm.470166	NM_009609	ENSMUSG00000062825	Actg1	AL023024|Actg|Actl|E51|MGC117491|MGC28612	actin, gamma, cytoplasmic 1
MACS_peak_253	chr1	133424513	133427298	+	667	NA	intron (NM_175382, intron 1 of 3)	intron (NM_175382, intron 1 of 3)	1339	NM_175382	108900	Mm.31278	NM_175382	ENSMUSG00000055184	Fam72a	2700049P18Rik|MGC117955|P17	family with sequence similarity 72, member A
MACS_peak_1724	chr13	81021997	81025975	+	664	NA	intron (NM_001042591, intron 1 of 7)	intron (NM_001042591, intron 1 of 7)	1303	NM_001042591	105171	Mm.423137	NM_001042591	ENSMUSG00000074794	Arrdc3	AI450344|MGC107410|mKIAA1376	arrestin domain containing 3
MACS_peak_1577	chr13	23774946	23778250	+	638	NA	promoter-TSS (NM_178189)	promoter-TSS (NM_178189)	530	NM_023422	68024	Mm.261676	NM_023422	ENSMUSG00000018102	Hist1h2bc	2610022J01Rik|H2bfs|R74621	histone cluster 1, H2bc
MACS_peak_5503	chr7	117771251	117774365	+	638	NA	3' UTR (NM_009627, exon 4 of 4)	3' UTR (NM_009627, exon 4 of 4)	1625	NM_009627	11535	Mm.1408	NM_009627	ENSMUSG00000030790	Adm	AM	adrenomedullin
MACS_peak_217	chr1	107886265	107890551	+	638	NA	intron (NM_001122676, intron 1 of 13)	intron (NM_001122676, intron 1 of 13)	1425	NM_001122675	227449	Mm.210188	NM_001122675	ENSMUSG00000038866	Zcchc2	9930114B20Rik|AW212015	zinc finger, CCHC domain containing 2
MACS_peak_454	chr1	196445618	196448397	+	638	NA	intron (NM_008882, intron 1 of 31)	CpG	984	NM_008882	18845	Mm.2251	NM_008882	ENSMUSG00000026640	Plxna2	2810428A13Rik|AA589422|AW457381|OCT|Plxn2|mKIAA0463	plexin A2
MACS_peak_3512	chr2	127951175	127954151	+	638	NA	intron (NM_207681, intron 1 of 4)	CpG	889	NM_009754	12125	Mm.453214	NM_009754	ENSMUSG00000027381	Bcl2l11	1500006F24Rik|Bim|Bod	BCL2-like 11 (apoptosis facilitator)
MACS_peak_3431	chr2	103405256	103409780	+	638	NA	exon (NM_178890, exon 1 of 17)	exon (NM_178890, exon 1 of 17)	1051	NM_178890	99382	Mm.35850	NM_178890	ENSMUSG00000032724	Abtb2	AW539457	ankyrin repeat and BTB (POZ) domain containing 2
MACS_peak_1720	chr13	78333931	78337555	+	638	NA	intron (NM_010151, intron 1 of 2)	intron (NM_010151, intron 1 of 2)	2500	NM_010151	13865	Mm.439653	NM_010151	ENSMUSG00000069171	Nr2f1	COUP-TF1|COUP-TFI|COUPTFA|EAR3|Erbal3|MGC118474|SVP44|Tcfcoup1	nuclear receptor subfamily 2, group F, member 1
MACS_peak_1732	chr13	83876338	83881038	+	638	NA	TTS (NR_029545)	TTS (NR_029545)	269	NR_029545	723967		NR_029545		Mir9-2	Mirn9-2|mmu-mir-9-2	microRNA 9-2
MACS_peak_5706	chr8	46019522	46024338	+	627	NA	Intergenic	Intergenic	-13632	NM_001081286	14107	Mm.27365	NM_001081286	ENSMUSG00000070047	Fat1	2310038E12Rik|AU023433|Fath|mFat1	FAT tumor suppressor homolog 1 (Drosophila)
MACS_peak_835	chr11	20640360	20643162	+	627	NA	promoter-TSS (NM_181411)	promoter-TSS (NM_181411)	-274	NM_181411	216549	Mm.356580	NM_181411	ENSMUSG00000049659	Aftph	9130023F12Rik|AU015099|AU016543|AU018432|AU019184|AU044244	aftiphilin
MACS_peak_5093	chr6	134869784	134873070	+	604	NA	intron (NM_009875, intron 1 of 2)	intron (NM_009875, intron 1 of 2)	1008	NM_009875	12576	Mm.2958	NM_009875	ENSMUSG00000003031	Cdkn1b	AA408329|AI843786|Kip1|p27|p27Kip1	cyclin-dependent kinase inhibitor 1B
MACS_peak_2169	chr15	81686390	81689368	+	604	NA	intron (NM_020507, intron 1 of 1)	intron (NM_020507, intron 1 of 1)	877	NM_020507	57259	Mm.323595	NM_020507	ENSMUSG00000048546	Tob2	2900090N22Rik|4930545K18Rik|AV071822|mKIAA1663	transducer of ERBB2, 2
MACS_peak_11	chr1	9734668	9737958	+	604	NA	exon (NM_173443, exon 1 of 3)	exon (NM_173443, exon 1 of 3)	2150	NM_173443	70675	Mm.440951	NM_173443	ENSMUSG00000045210	Vcpip1	4932442A08|5730421J18Rik|5730538E15Rik|VCIP135|mKIAA1850	valosin containing protein (p97)/p47 complex interacting protein 1
MACS_peak_743	chr10	120910127	120913046	+	594	NA	intron (NM_138956, intron 1 of 4)	intron (NM_138956, intron 1 of 4)	1720	NM_138956	192678	Mm.41265	NM_138956	ENSMUSG00000025795	Rassf3	AW212023|AW322379	Ras association (RalGDS/AF-6) domain family member 3
MACS_peak_2502	chr17	10506861	10511098	+	585	NA	intron (NM_021881, intron 1 of 6)	intron (NM_021881, intron 1 of 6)	3247	NM_021881	19317	Mm.393248	NM_001159516	ENSMUSG00000062078	Qk	1110003F05Rik|1500005P18|QkI|l(17)-1Wis|l17Wis1	quaking
MACS_peak_1097	chr11	87881061	87883886	+	570	NA	intron (NM_016686, intron 1 of 5)	CpG	630	NM_016686	22344	Mm.46628	NM_016686	ENSMUSG00000018377	Vezf1	AI848691|AW046909|db1	vascular endothelial zinc finger 1
MACS_peak_1319	chr12	36882083	36885085	+	538	NA	promoter-TSS (NM_025840)	promoter-TSS (NM_025840)	-127	NM_146033	217473	Mm.130422	NM_146033	ENSMUSG00000036188	Ankmy2	AI035571|MGC18754|ZMYND20	ankyrin repeat and MYND domain containing 2
MACS_peak_4673	chr5	123226994	123229758	+	530	NA	intron (NM_145358, intron 1 of 15)	intron (NM_145358, intron 1 of 15)	1043	NM_001199676	207565	Mm.289237	NM_001199676	ENSMUSG00000029471	Camkk2	6330570N16Rik|AW061083|mKIAA0787	calcium/calmodulin-dependent protein kinase kinase 2, beta
MACS_peak_297	chr1	152838254	152841153	+	530	NA	intron (NM_001024720, intron 1 of 106)	intron (NM_001024720, intron 1 of 106)	862	NM_001024720	545370	Mm.379425	NM_001024720	ENSMUSG00000066842	Hmcn1	EG545370|Gm201	hemicentin 1
MACS_peak_384	chr1	174133761	174136879	+	530	NA	intron (NM_011063, intron 1 of 3)	(TG)n|Simple_repeat|Simple_repeat	1592	NM_011063	18611	Mm.544	NM_011063	ENSMUSG00000013698	Pea15a	Mat1|PEA-15|Pea15|Pkcs15	phosphoprotein enriched in astrocytes 15A
MACS_peak_5252	chr7	29155998	29158755	+	530	NA	5' UTR (NM_001083912, exon 1 of 19)	5' UTR (NM_001083912, exon 1 of 19)	305	NM_138752	101497	Mm.235700	NM_001083912	ENSMUSG00000037552	Plekhg2	AI194308|Clg|Cslg	pleckstrin homology domain containing, family G (with RhoGef domain) member 2
MACS_peak_1350	chr12	57796261	57799769	+	530	NA	exon (NM_011041, exon 2 of 4)	exon (NM_011041, exon 2 of 4)	1389	NM_011041	18511	Mm.5035	NM_011041	ENSMUSG00000001497	Pax9	Pax-9	paired box gene 9
MACS_peak_1568	chr13	23634440	23637248	+	530	NA	promoter-TSS (NM_178197)	promoter-TSS (NM_178197)	-77	NM_013548	260423	Mm.474786	NM_013548	ENSMUSG00000059309	Hist1h3f	H3.2-221|Hist1	histone cluster 1, H3f
MACS_peak_3072	chr19	26678489	26683008	+	530	NA	intron (NM_011416, intron 1 of 32)	CpG	1098	NM_011416	67155	Mm.313303	NM_011416	ENSMUSG00000024921	Smarca2	2610209L14Rik|SNF2alpha|Snf2l2|brahma|brm	SWI/SNF related, matrix associated, actin dependent regulator of chromatin, subfamily a, member 2
MACS_peak_5832	chr8	94877887	94881907	+	530	NA	3' UTR (NR_033641, exon 1 of 7)	3' UTR (NR_033641, exon 1 of 7)	122	NR_033641	71296	Mm.86664	NR_033641		4933436C20Rik	-	RIKEN cDNA 4933436C20 gene
MACS_peak_3847	chr3	89194940	89199225	+	530	NA	promoter-TSS (NM_009565)	promoter-TSS (NM_009565)	43	NM_009565	22724	Mm.262184	NM_009565	ENSMUSG00000028042	Zbtb7b	MGC102577|Thpok|Zfp67|c-Krox	zinc finger and BTB domain containing 7B
MACS_peak_5344	chr7	52959334	52963129	+	530	NA	intron (NM_016974, intron 1 of 3)	intron (NM_016974, intron 1 of 3)	614	NM_016974	13170	Mm.378235	NM_016974	ENSMUSG00000059824	Dbp	-	D site albumin promoter binding protein
MACS_peak_2444	chr16	85801168	85804045	+	530	NA	exon (NM_009621, exon 1 of 9)	exon (NM_009621, exon 1 of 9)	754	NM_009621	11504	Mm.1421	NM_009621	ENSMUSG00000022893	Adamts1	ADAM-TS1|ADAMTS|ADAMTS-1|C3-C5|METH-1|METH1	a disintegrin-like and metallopeptidase (reprolysin type) with thrombospondin type 1 motif, 1
MACS_peak_5352	chr7	53652283	53655543	+	530	NA	intron (NM_001112739, intron 1 of 3)	intron (NM_001112739, intron 1 of 3)	2046	NM_001112739	16502	Mm.249386	NM_001112739	ENSMUSG00000058975	Kcnc1	C230009H10Rik|KShIIIB|KV4|Kcr2-1|Kv3.1|NGK2|Shaw	potassium voltage gated channel, Shaw-related subfamily, member 1
MACS_peak_2773	chr17	86565532	86568278	+	530	NA	promoter-TSS (NM_011104)	promoter-TSS (NM_011104)	-220	NM_011104	18754	Mm.24614	NM_011104	ENSMUSG00000045038	Prkce	5830406C15Rik|PKC[e]|PKCepsilon|Pkce|R75156	protein kinase C, epsilon
MACS_peak_5390	chr7	77502623	77507210	+	530	NA	exon (NM_009697, exon 1 of 3)	exon (NM_009697, exon 1 of 3)	563	NM_009697	11819	Mm.158143	NM_009697	ENSMUSG00000030551	Nr2f2	2700033K02Rik|9430015G03Rik|ARP-1|Aporp1|COUP-TF2|COUP-TFII|COUPTFB|EAR3|SVP40|Tcfcoup2	nuclear receptor subfamily 2, group F, member 2
MACS_peak_1352	chr12	60112041	60115028	+	530	NA	promoter-TSS (NM_009147)	promoter-TSS (NM_009147)	-530	NM_009147	20334	Mm.209207	NM_009147	ENSMUSG00000020986	Sec23a	Msec23|Sec23r	SEC23A (S. cerevisiae)
MACS_peak_2902	chr18	58367063	58370659	+	530	NA	intron (NM_010181, intron 1 of 64)	intron (NM_010181, intron 1 of 64)	719	NM_010181	14119	Mm.20271	NM_010181	ENSMUSG00000024598	Fbn2	BC063774|Fib-2|KIAA4226|mKIAA4226|sne|sy	fibrillin 2
MACS_peak_3328	chr2	52716460	52719637	+	530	NA	intron (NM_172409, intron 1 of 26)	intron (NM_172409, intron 1 of 26)	1146	NM_172409	71409	Mm.394427	NM_172409	ENSMUSG00000036053	Fmnl2	5430425K04Rik|Man	formin-like 2
MACS_peak_2809	chr18	14127702	14132269	+	530	NA	intron (NM_145492, intron 1 of 7)	CpG-6761	1257	NM_145492	225207	Mm.40325	NM_145492	ENSMUSG00000024420	Zfp521	B930086A16Rik|Evi3|Znf521	zinc finger protein 521
MACS_peak_2516	chr17	15511103	15514381	+	530	NA	promoter-TSS (NM_007865)	promoter-TSS (NM_007865)	45	NM_007865	13388	Mm.4875	NM_007865	ENSMUSG00000014773	Dll1	Delta1	delta-like 1 (Drosophila)
MACS_peak_4871	chr6	38482921	38485779	+	530	NA	promoter-TSS (NM_025363)	promoter-TSS (NM_025363)	-511	NM_025363	66117	Mm.158971	NM_025363	ENSMUSG00000019689	1110001J03Rik	Fmc1	RIKEN cDNA 1110001J03 gene
MACS_peak_2439	chr16	77499597	77504002	+	530	NA	5' UTR (NR_015543, exon 4 of 5)	5' UTR (NR_015543, exon 4 of 5)	-97382	NR_029535	387229		NR_029535		Mir99a	Mirn99a|mmu-mir-99a	microRNA 99a
MACS_peak_1169	chr11	101947903	101950815	+	530	NA	intron (NM_016695, intron 1 of 12)	intron (NM_016695, intron 1 of 12)	470	NM_016695	50997	Mm.36242	NM_016695	ENSMUSG00000017314	Mpp2	D11Bwg0652e|Dlg2|Dlgh2|Pals4	membrane protein, palmitoylated 2 (MAGUK p55 subfamily member 2)
MACS_peak_2940	chr18	75854875	75857758	+	530	NA	intron (NM_201354, intron 1 of 11)	CpG	1034	NM_201354	269037	Mm.36745	NM_201354	ENSMUSG00000052928	Ctif	Gm672|MGC67202	CBP80/20-dependent translation initiation factor
MACS_peak_4880	chr6	42298855	42301805	+	530	NA	exon (NM_011777, exon 2 of 10)	exon (NM_011777, exon 2 of 10)	503	NM_011777	22793	Mm.282303	NM_011777	ENSMUSG00000029860	Zyx	9530098H06Rik|R75157	zyxin
MACS_peak_2856	chr18	36354768	36357511	+	530	NA	exon (NM_001167891, exon 1 of 10)	exon (NM_001167891, exon 1 of 10)	675	NM_001167891	100042150	Mm.380390	NM_001167891	ENSMUSG00000060275	Nrg2	Don1|NTAK	neuregulin 2
MACS_peak_3805	chr3	84755878	84759239	+	530	NA	intron (NM_080428, intron 1 of 10)	intron (NM_080428, intron 1 of 10)	1425	NM_080428	50754	Mm.196475	NM_001177773	ENSMUSG00000028086	Fbxw7	1110001A17Rik|AGO|Cdc4|Fbw7|Fbwd6|Fbx30|Fbxo30|Fbxw6|SEL-10	F-box and WD-40 domain protein 7
MACS_peak_2096	chr15	67006425	67009193	+	530	NA	intron (NM_009177, intron 1 of 8)	intron (NM_009177, intron 1 of 8)	635	NM_009177	20442	Mm.461082	NM_009177	ENSMUSG00000013846	St3gal1	5330418N22Rik|AI467004|MGC90735|ST3GalI|Siat4|Siat4a|St3gal-1	ST3 beta-galactoside alpha-2,3-sialyltransferase 1
MACS_peak_3769	chr3	62142247	62145621	+	530	NA	exon (NM_001081295, exon 1 of 14)	exon (NM_001081295, exon 1 of 14)	1235	NM_001081295	622434	Mm.153974	NM_001081295	ENSMUSG00000036885	Arhgef26	4631416L12Rik|8430436L14Rik|AI303572|AW491953|SGEF	Rho guanine nucleotide exchange factor (GEF) 26
MACS_peak_5234	chr7	28041634	28044394	+	528	NA	promoter-TSS (NM_010950)	promoter-TSS (NM_010950)	-766	NM_010950	18223	Mm.458153	NM_010950	ENSMUSG00000063160	Numbl	nbl	numb-like
MACS_peak_6315	chrX	39503232	39506064	+	528	NA	intron (NM_021465, intron 1 of 32)	intron (NM_021465, intron 1 of 32)	770	NM_021465	20843	Mm.290422	NM_001077712	ENSMUSG00000025862	Stag2	9230105L23Rik|B230112I07Rik|SA-2|SAP2	stromal antigen 2
MACS_peak_1354	chr12	60230613	60233419	+	515	NA	promoter-TSS (NM_001165253)	promoter-TSS (NM_001165253)	-424	NM_001165253	217615	Mm.438038	NM_001165253	ENSMUSG00000021000	Ctage5	D12Bwg0579e|MGC30562|Mea6|Mgea|Mgea6	CTAGE family, member 5
MACS_peak_4678	chr5	123589150	123591986	+	489	NA	Intergenic	Intergenic	-7930	NM_175092	23912	Mm.253876	NM_175092	ENSMUSG00000029449	Rhof	AI845056|AV026554|Arhf|Ifld1|Rif	ras homolog gene family, member f
MACS_peak_2738	chr17	71196956	71203283	+	489	NA	promoter-TSS (NM_001164076)	promoter-TSS (NM_001164076)	431	NM_009372	21815	Mm.101034	NM_001164074	ENSMUSG00000047407	Tgif1	AA959811|AI462167|Tgif	TGFB-induced factor homeobox 1
MACS_peak_550	chr10	58682728	58685930	+	489	NA	promoter-TSS (NM_172939)	promoter-TSS (NM_172939)	266	NM_001024911	103080	Mm.397041	NM_001024910	ENSMUSG00000019917	Sept10	4921515A04Rik|9430099J10Rik|AA408298|AI874685	septin 10
MACS_peak_4794	chr5	147887584	147890431	+	489	NA	promoter-TSS (NM_080795)	promoter-TSS (NM_080795)	-110	NM_009087	20018	Mm.317557	NM_009087	ENSMUSG00000029642	Polr1d	1110003G10Rik|16kDa|AU018636|C81327|MGC107156|Rpo1-3|mRPA16	polymerase (RNA) I polypeptide D
MACS_peak_5774	chr8	74093127	74095988	+	398	NA	intron (NM_011977, intron 2 of 13)	CpG	1731	NM_011977	26457	Mm.38165	NM_011977	ENSMUSG00000031808	Slc27a1	FATP1|Fatp	solute carrier family 27 (fatty acid transporter), member 1
MACS_peak_2192	chr15	85508723	85511786	+	380	NA	Intergenic	Intergenic	-26779	NR_029729	723966		NR_029729		Mirlet7c-2	Mirnlet7c-2	microRNA let7c-2
MACS_peak_3274	chr2	30325620	30329443	+	380	NA	TTS (NM_030244)	TTS (NM_030244)	2188	NM_030244	72500	Mm.295464	NM_030244	ENSMUSG00000089762	Ier5l	2610524G09Rik	immediate early response 5-like
MACS_peak_2660	chr17	35836604	35842291	+	380	NA	promoter-TSS (NM_001198831)	promoter-TSS (NM_001198831)	-458	NM_001198831	12305	Mm.5021	NM_001198831	ENSMUSG00000003534	Ddr1	6030432F18|AI323681|CD167a|Cak|Nep|PTK3A	discoidin domain receptor family, member 1
MACS_peak_661	chr10	82994308	82997299	+	380	NA	intron (NM_153543, intron 1 of 22)	intron (NM_153543, intron 1 of 22)	1082	NM_153543	216188	Mm.263138	NM_153543	ENSMUSG00000020256	Aldh1l2	D330038I09Rik|MGC19039|mtFDH	aldehyde dehydrogenase 1 family, member L2
