PeakID	Chr	Start	End	Strand	Peak Score	Focus Ratio/Region Size	Annotation	Detailed Annotation	Distance to TSS	Nearest PromoterID	Entrez ID	Nearest Unigene	Nearest Refseq	Nearest Ensembl	Gene Name	Gene Alias	Gene Description
MA2C_peak_4348	chrIV	4443182	4449841	+	4.0542	NA	promoter-TSS (NM_068166)	promoter-TSS (NM_068166)	516	NM_068168	177212	Cel.17489	NM_068168		htz-1	-	HisTone variant H2AZ homolog
MA2C_peak_42	chrI	379614	383880	+	4.0481	NA	intron (NM_058326, intron 1 of 8)	intron (NM_058326, intron 1 of 8)	158	NM_058326	266819	Cel.139	NM_058326		pqn-59	-	Prion-like-(Q/N-rich)-domain-bearing protein
MA2C_peak_7350	chrX	13223286	13227785	+	4.0399	NA	promoter-TSS (NM_077792)	promoter-TSS (NM_077792)	-905	NM_077792	181446	Cel.184	NM_077792		skr-19	-	SKp1 Related (ubiquitin ligase complex component)
MA2C_peak_333	chrI	4136137	4142098	+	4.0387	NA	promoter-TSS (NM_058903)	promoter-TSS (NM_058903)	-164	NM_058903	171997	Cel.6044	NM_058903		E01A2.6	-	hypothetical protein
MA2C_peak_4929	chrIV	11854009	11859413	+	4.0374	NA	promoter-TSS (NM_069845)	promoter-TSS (NM_069845)	-365	NM_069845	3564942	Cel.12975	NM_069845		ech-2	-	Enoyl-CoA Hydratase
MA2C_peak_2469	chrII	11630728	11637870	+	4.0077	NA	promoter-TSS (NM_182101)	promoter-TSS (NM_182101)	-774	NM_064083	174782	Cel.9037	NM_001026897		din-1	-	DAF-12 Interacting Protein
MA2C_peak_5107	chrIV	14821681	14827084	+	3.9960	NA	intron (NM_070392, intron 1 of 3)	intron (NM_070392, intron 1 of 3)	757	NM_070392	178407	Cel.17324	NM_070392		Y57G11C.15	-	hypothetical protein
MA2C_peak_3245	chrIII	5937485	5941498	+	3.9906	NA	promoter-TSS (NM_171139)	promoter-TSS (NM_171139)	-702	NM_171139	175840	Cel.17821	NM_171139		ubq-1	-	UBiQuitin
MA2C_peak_919	chrI	9786091	9791972	+	3.9562	NA	exon (NM_060200, exon 2 of 4)	exon (NM_060200, exon 2 of 4)	292	NM_060200	172832	Cel.23146	NM_060200		cco-1	-	Cytochrome C Oxidase
MA2C_peak_7369	chrX	13524120	13528295	+	3.9455	NA	promoter-TSS (NM_077858)	promoter-TSS (NM_077858)	-463	NM_077858	181473	Cel.22599	NM_077858		pab-2	-	PolyA Binding protein
MA2C_peak_526	chrI	6151195	6157896	+	3.9437	NA	intron (NM_059373, intron 1 of 3)	intron (NM_059373, intron 1 of 3)	468	NM_059373	172300	Cel.23075	NM_059373		T09B4.5	-	hypothetical protein
MA2C_peak_5707	chrV	9342950	9347851	+	3.9432	NA	exon (NM_073019, exon 6 of 6)	exon (NM_073019, exon 6 of 6)	951	NM_073018	179318	Cel.3098	NM_073018		K07B1.7	-	hypothetical protein
MA2C_peak_480	chrI	5690261	5694274	+	3.9309	NA	promoter-TSS (NM_059263)	promoter-TSS (NM_059263)	426	NM_059264	172234	Cel.7511	NM_059264		npp-7	-	Nuclear Pore complex Protein
MA2C_peak_2447	chrII	11451286	11455835	+	3.9214	NA	promoter-TSS (NM_064040)	promoter-TSS (NM_064040)	-336	NM_182114	174748	Cel.6471	NM_064041		rsp-1	-	SR Protein (splicing factor)
MA2C_peak_4594	chrIV	7907899	7912198	+	3.9040	NA	promoter-TSS (NM_068916)	promoter-TSS (NM_068916)	-535	NM_171388	177580	Cel.13272	NM_171388		ntl-4	-	NOT-Like (yeast CCR4/NOT complex component)
MA2C_peak_3019	chrIII	4016075	4021401	+	3.9034	NA	Intergenic	Intergenic	-1119	NM_065405	175519	Cel.10737	NM_065405		tbb-2	-	Tubulin, Beta
MA2C_peak_3048	chrIII	4274911	4285044	+	3.8975	NA	promoter-TSS (NM_001027545)	promoter-TSS (NM_001027545)	183	NM_065455	175551	Cel.23099	NM_001027545		tag-310	-	Temporarily Assigned Gene name
MA2C_peak_2078	chrII	7613895	7617870	+	3.8969	NA	promoter-TSS (NM_063197)	promoter-TSS (NM_063197)	-501	NM_063197	174233	Cel.34286	NM_063197		cdc-42	-	Cell Division Cycle related
MA2C_peak_4752	chrIV	9770376	9774532	+	3.8964	NA	promoter-TSS (NM_069342)	promoter-TSS (NM_069342)	-30	NM_069342	177815	Cel.6492	NM_069342		cav-1	-	CAVeolin
MA2C_peak_5790	chrV	10714771	10719882	+	3.8906	NA	intron (NM_073334, intron 1 of 4)	intron (NM_073334, intron 1 of 4)	14802	NM_073333	182242	Cel.7899	NM_073333		pph-1	-	Protein PHosphatase
MA2C_peak_2098	chrII	7808339	7815049	+	3.8651	NA	exon (NM_063240, exon 2 of 2)	exon (NM_063240, exon 2 of 2)	523	NM_063240	174260	Cel.19541	NM_063240		cki-1	-	CKI family (Cyclin-dependent Kinase Inhibitor)
MA2C_peak_667	chrI	7472096	7476146	+	3.8636	NA	exon (NM_059697, exon 2 of 4)	exon (NM_059697, exon 2 of 4)	2821	NM_059697	172501	Cel.16662	NM_059697		T28F4.1	-	hypothetical protein
MA2C_peak_146	chrI	1831851	1838059	+	3.8629	NA	promoter-TSS (NM_058504)	promoter-TSS (NM_058504)	73	NM_058504	171750	Cel.19696	NM_058504		rpl-27	-	Ribosomal Protein, Large subunit
MA2C_peak_6804	chrX	5994235	5998898	+	3.8589	NA	intron (NM_076601, intron 1 of 2)	intron (NM_076601, intron 1 of 2)	450	NM_076601	180866	Cel.19710	NM_076601		inx-3	-	INneXin
MA2C_peak_3585	chrIII	9051702	9057357	+	3.8400	NA	promoter-TSS (NM_066602)	promoter-TSS (NM_066602)	-433	NM_066604	176280	Cel.7456	NM_066604		cls-2	-	CLASP family of microtubule-binding proteins
MA2C_peak_549	chrI	6280427	6289523	+	3.8384	NA	promoter-TSS (NM_059412)	promoter-TSS (NM_059412)	0	NM_059412	172326	Cel.16843	NM_059412		C10G11.7	-	hypothetical protein
MA2C_peak_649	chrI	7188403	7196759	+	3.8364	NA	intron (NR_002347, intron 3 of 5)	intron (NR_002347, intron 3 of 5)	1324	NR_002347	172458	Cel.5062	NM_001026410		hlh-2	-	Helix Loop Helix
MA2C_peak_2226	chrII	9052425	9058182	+	3.8349	NA	intron (NM_063532, intron 2 of 3)	intron (NM_063532, intron 2 of 3)	405	NM_063532	174442	Cel.14308	NM_063532		T24B8.2	-	hypothetical protein
MA2C_peak_4478	chrIV	6321373	6325589	+	3.8178	NA	promoter-TSS (NM_001028402)	promoter-TSS (NM_001028402)	-684	NM_001028403	177392	Cel.17870	NM_001028402		sqd-1	-	homologous to Drosophila SQD (squid) protein
MA2C_peak_3662	chrIII	9779221	9783820	+	3.8159	NA	promoter-TSS (NM_066765)	promoter-TSS (NM_066765)	369	NM_066764	176383	Cel.19685	NM_066764		vha-1	-	Vacuolar H ATPase
MA2C_peak_631	chrI	7080031	7086382	+	3.8018	NA	Intergenic	Intergenic	-1685	NM_059604	172441	Cel.6620	NM_059604		F22D6.2	-	hypothetical protein
MA2C_peak_6535	chrX	2699210	2706292	+	3.8015	NA	intron (NM_001129703, intron 4 of 11)	intron (NM_001129703, intron 4 of 11)	3100	NM_001129703	180569	Cel.5866	NM_001129703		igcm-3	-	ImmunoGlobulin-like Cell adhesion Molecule family
MA2C_peak_328	chrI	3991816	3997038	+	3.7978	NA	Intergenic	Intergenic	-1284	NM_058882	171987	Cel.21314	NM_058882		F28H1.1	-	hypothetical protein
MA2C_peak_7230	chrX	11294562	11301375	+	3.7960	NA	TTS (NM_077485)	TTS (NM_077485)	-1309	NM_077484	181318	Cel.19403	NM_077484		inx-2	-	INneXin
MA2C_peak_5181	chrIV	17085949	17089967	+	3.7906	NA	promoter-TSS (NM_070625)	promoter-TSS (NM_070625)	-55	NM_070626	178483	Cel.8146	NM_070626		snr-1	-	Small Nuclear Ribonucleoprotein
MA2C_peak_7137	chrX	10201066	10208691	+	3.7851	NA	exon (NM_001029491, exon 2 of 8)	exon (NM_001029491, exon 2 of 8)	475	NM_001029491	181231	Cel.17916	NM_001029491		sex-1	-	Signal Element on X
MA2C_peak_2530	chrII	12220744	12226384	+	3.7788	NA	Intergenic	Intergenic	-1709	NM_064194	174862	Cel.13892	NM_064194		rsr-2	-	SR protein related
MA2C_peak_4654	chrIV	8509937	8514901	+	3.7752	NA	promoter-TSS (NM_001026148)	promoter-TSS (NM_001026148)	-986	NM_001026148	3565561	Cel.9137	NM_001026148		C09G4.4	-	hypothetical protein
MA2C_peak_5078	chrIV	14069113	14074012	+	3.7730	NA	promoter-TSS (NM_001028263)	promoter-TSS (NM_001028263)	44	NM_001028264	178362	Cel.6220	NM_001028263		lst-3	-	Lateral Signaling Target
MA2C_peak_989	chrI	10432285	10438614	+	3.7694	NA	promoter-TSS (NM_060327)	promoter-TSS (NM_060327)	361	NM_001026540	172920	Cel.17753	NM_001026538		pab-1	-	PolyA Binding protein
MA2C_peak_2380	chrII	10781951	10787454	+	3.7690	NA	promoter-TSS (NM_063919)	promoter-TSS (NM_063919)	-670	NM_063919	174659	Cel.9173	NM_063919		cdl-1	-	Cell Death Lethal
MA2C_peak_3238	chrIII	5904656	5908793	+	3.7669	NA	promoter-TSS (NM_001129206)	promoter-TSS (NM_001129206)	-276	NM_065881	175833	Cel.7344	NM_065881		C28H8.4	-	hypothetical protein
MA2C_peak_3109	chrIII	4903458	4907607	+	3.7635	NA	promoter-TSS (NM_065627)	promoter-TSS (NM_065627)	-135	NM_065627	184991	Cel.19966	NM_065627		F26F4.8	-	hypothetical protein
MA2C_peak_3772	chrIII	10746431	10750624	+	3.7362	NA	promoter-TSS (NM_066968)	promoter-TSS (NM_066968)	218	NM_066969	176504	Cel.7654	NM_066969		K01G5.5	-	hypothetical protein
MA2C_peak_5183	chrIV	17117228	17121291	+	3.7359	NA	promoter-TSS (NM_070635)	promoter-TSS (NM_070635)	-381	NM_070636	178491	Cel.11645	NM_070636		itsn-1	-	ITSN (intersectin) family
MA2C_peak_1370	chrI	14754968	14761101	+	3.7345	NA	exon (NM_061169, exon 4 of 5)	exon (NM_061169, exon 4 of 5)	1189	NM_061169	173341	Cel.8844	NM_061169		dnj-12	-	DNaJ domain (prokaryotic heat shock protein)
MA2C_peak_1862	chrII	5415786	5421968	+	3.7304	NA	promoter-TSS (NM_062626)	promoter-TSS (NM_062626)	-344	NM_062626	173924	Cel.15538	NM_062626		EEED8.15	-	hypothetical protein
MA2C_peak_1969	chrII	6488391	6494043	+	3.7252	NA	TTS (NM_062907)	TTS (NM_062907)	727	NM_062910	189046	Cel.37016	NM_062910		T28D9.11	-	hypothetical protein
MA2C_peak_3233	chrIII	5852325	5859692	+	3.7236	NA	promoter-TSS (NM_171136)	promoter-TSS (NM_171136)	18	NM_065862	175820	Cel.8090	NM_065862		alh-9	-	ALdehyde deHydrogenase
MA2C_peak_564	chrI	6458244	6463095	+	3.7226	NA	intron (NM_059457, intron 1 of 9)	intron (NM_059457, intron 1 of 9)	234	NM_059457	172350	Cel.7559	NM_059457		knl-2	-	Kinetochore NuLl
MA2C_peak_675	chrI	7517539	7522067	+	3.7214	NA	Intergenic	Intergenic	-2309	NM_059707	172505	Cel.17339	NM_059707		goa-1	-	G protein,O, Alpha subunit
MA2C_peak_2513	chrII	11977304	11981489	+	3.7130	NA	promoter-TSS (NM_001129179)	promoter-TSS (NM_001129179)	62	NM_001129179	174837	Cel.7110	NM_001129179		Y17G7B.20	-	hypothetical protein
MA2C_peak_5559	chrV	6878032	6882155	+	3.7106	NA	Intergenic	Intergenic	-1233	NM_001028881	179077	Cel.18368	NM_001028881		unc-70	-	UNCoordinated
MA2C_peak_6812	chrX	6088868	6094381	+	3.7076	NA	exon (NM_076618, exon 2 of 5)	exon (NM_076618, exon 2 of 5)	460	NM_076618	180880	Cel.33294	NM_076618		hsp-3	-	Heat Shock Protein
MA2C_peak_4953	chrIV	12120386	12125339	+	3.7046	NA	promoter-TSS (NM_001083228)	promoter-TSS (NM_001083228)	-263	NM_001083228	178157	Cel.4924	NM_001083228		aly-3	-	Ref/ALY RNA export adaptor family
MA2C_peak_1191	chrI	12964637	12969609	+	3.7043	NA	promoter-TSS (NM_001025879)	promoter-TSS (NM_001025879)	-259	NM_001025879	173167	Cel.7257	NM_001025879		tba-2	-	TuBulin, Alpha
MA2C_peak_2776	chrIII	346635	351013	+	3.7033	NA	promoter-TSS (NM_064787)	promoter-TSS (NM_064787)	-216	NM_064788	175195	Cel.17149	NM_001027639		gei-4	-	GEX Interacting protein
MA2C_peak_2462	chrII	11564562	11570120	+	3.6997	NA	promoter-TSS (NM_001027032)	promoter-TSS (NM_001027032)	-407	NM_001027032	174771	Cel.14989	NM_001027031		F54D5.5	-	hypothetical protein
MA2C_peak_394	chrI	4785697	4792000	+	3.6990	NA	Intergenic	Intergenic	3654	NM_059050	172096	Cel.16160	NM_059050		zig-7	-	2 (Zwei) IG-domain protein
MA2C_peak_2151	chrII	8410337	8417143	+	3.6978	NA	exon (NM_063370, exon 5 of 8)	exon (NM_063370, exon 5 of 8)	1138	NM_063370	174341	Cel.17364	NM_063370		F49E12.6	-	hypothetical protein
MA2C_peak_5393	chrV	4345553	4350002	+	3.6940	NA	exon (NM_071798, exon 2 of 4)	exon (NM_071798, exon 2 of 4)	627	NM_071798	178831	Cel.17496	NM_071798		mcm-7	-	yeast MCM (licensing factor) related
MA2C_peak_2675	chrII	14247121	14252869	+	3.6922	NA	promoter-TSS (NM_064569)	promoter-TSS (NM_064569)	-601	NM_064569	175081	Cel.7507	NM_064569		hmg-1.1	-	HMG
MA2C_peak_3460	chrIII	8008532	8013220	+	3.6874	NA	intron (NM_066344, intron 1 of 6)	intron (NM_066344, intron 1 of 6)	169	NM_181926	176126	Cel.7557	NM_066344		cit-1.2	-	CyclIn T
MA2C_peak_1571	chrII	1782920	1789950	+	3.6861	NA	promoter-TSS (NM_182227)	promoter-TSS (NM_182227)	-155	NM_182227	173549	Cel.22125	NM_182227		C08F1.10	-	hypothetical protein
MA2C_peak_2198	chrII	8784665	8791664	+	3.6845	NA	Intergenic	Intergenic	-2321	NM_063469	174406	Cel.18273	NM_063469		F07H5.13	-	hypothetical protein
MA2C_peak_2227	chrII	9058514	9067885	+	3.6826	NA	TTS (NM_063535)	TTS (NM_063535)	-2140	NM_001027186	174444	Cel.17491	NM_001027186		T24B8.3	-	hypothetical protein
MA2C_peak_3777	chrIII	10816522	10820760	+	3.6818	NA	Intergenic	Intergenic	-1914	NM_066985	176512	Cel.22455	NM_001129236		sca-1	-	SERCA (Sarco-Endoplasmic Reticulum Calcium ATPase)
MA2C_peak_2144	chrII	8215495	8225662	+	3.6729	NA	exon (NM_001027088, exon 7 of 9)	exon (NM_001027088, exon 7 of 9)	1691	NM_001136349	174322	Cel.23043	NM_001027088		ifg-1	-	Initiation Factor 4G (eIF4G) family
MA2C_peak_3214	chrIII	5717844	5723765	+	3.6680	NA	Intergenic	Intergenic	-1996	NM_065835	175802	Cel.16964	NM_065835		wrm-1	-	Worm aRMadillo
MA2C_peak_2399	chrII	10986594	10992045	+	3.6656	NA	intron (NM_001026771, intron 13 of 27)	intron (NM_001026771, intron 13 of 27)	-4111	NM_001026772	174685	Cel.5177	NM_001026771		ptp-3	-	Protein Tyrosine Phosphatase
MA2C_peak_699	chrI	7704785	7715644	+	3.6651	NA	Intergenic	Intergenic	-3163	NM_059746	172536	Cel.17221	NM_001128989		F27D4.2	-	hypothetical protein
MA2C_peak_598	chrI	6788654	6794423	+	3.6642	NA	exon (NM_059544, exon 3 of 13)	exon (NM_059544, exon 3 of 13)	512	NM_059544	172402	Cel.19139	NM_059544		pqn-20	-	Prion-like-(Q/N-rich)-domain-bearing protein
MA2C_peak_3374	chrIII	7178201	7185253	+	3.6629	NA	promoter-TSS (NM_066174)	promoter-TSS (NM_066174)	-193	NM_066174	176009	Cel.10521	NM_066174		eip-24	-	Etoposide-Induced Protein homolog
MA2C_peak_3069	chrIII	4472807	4477156	+	3.6622	NA	promoter-TSS (NM_065509)	promoter-TSS (NM_065509)	130	NM_065508	175583	Cel.5016	NM_065508		pqn-45	-	Prion-like-(Q/N-rich)-domain-bearing protein
MA2C_peak_2401	chrII	11039205	11044416	+	3.6614	NA	promoter-TSS (NM_063965)	promoter-TSS (NM_063965)	-678	NM_063965	174690	Cel.17447	NM_063965		cey-1	-	Y-box
MA2C_peak_6942	chrX	7658817	7663579	+	3.6602	NA	promoter-TSS (NM_076892)	promoter-TSS (NM_076892)	-270	NM_076892	181026	Cel.6797	NM_076892		pcca-1	-	Propionyl Coenzyme A Carboxylase Alpha subunit
MA2C_peak_6829	chrX	6251689	6256099	+	3.6552	NA	TTS (NM_076647)	TTS (NM_076647)	1659	NM_076647	189229	Cel.18309	NM_076647		W05H9.3	-	hypothetical protein
MA2C_peak_3660	chrIII	9763613	9768062	+	3.6543	NA	promoter-TSS (NM_066759)	promoter-TSS (NM_066759)	-578	NM_001129239	176380	Cel.22950	NM_001129239		cbp-1	-	CBP/p300 homolog
MA2C_peak_900	chrI	9617368	9621717	+	3.6524	NA	promoter-TSS (NM_001129042)	promoter-TSS (NM_001129042)	210	NM_060151	172802	Cel.19610	NM_060151		lin-53	-	abnormal cell LINeage
MA2C_peak_57	chrI	533676	538027	+	3.6517	NA	promoter-TSS (NM_058348)	promoter-TSS (NM_058348)	57	NM_182046	171646	Cel.7722	NM_058348		Y65B4BR.5	-	hypothetical protein
MA2C_peak_4897	chrIV	11519882	11527744	+	3.6496	NA	promoter-TSS (NM_069772)	promoter-TSS (NM_069772)	-800	NM_069772	178074	Cel.16881	NM_069772		mep-1	-	Mog interacting, Ectopic P granules
MA2C_peak_4060	chrIV	172594	178252	+	3.6489	NA	Intergenic	Intergenic	-3585	NM_067474	176832	Cel.19772	NM_067474		tcl-2	-	T Cell Lineage defect
MA2C_peak_6853	chrX	6617461	6625111	+	3.6486	NA	intron (NM_171710, intron 1 of 15)	intron (NM_171710, intron 1 of 15)	1418	NM_171710	180933	Cel.7150	NM_171709		kqt-1	-	potassium channel, KvQLT family
MA2C_peak_5298	chrV	1866362	1873083	+	3.6463	NA	TTS (NM_071120)	TTS (NM_071120)	508	NM_071119	178669	Cel.2362	NM_071119		knl-3	-	Kinetochore NuLl
MA2C_peak_576	chrI	6575822	6582578	+	3.6419	NA	intron (NM_059496, intron 1 of 7)	intron (NM_059496, intron 1 of 7)	5195	NM_059496	266837	Cel.17486	NM_059496		let-607	-	LEThal
MA2C_peak_1059	chrI	11090603	11096023	+	3.6351	NA	intron (NM_001026479, intron 22 of 30)	intron (NM_001026479, intron 22 of 30)	1204	NM_001026478	173007	Cel.17110	NM_001026478		hmr-1	-	HaMmeRhead embryonic lethal
MA2C_peak_595	chrI	6754701	6758670	+	3.6325	NA	promoter-TSS (NM_170889)	promoter-TSS (NM_170889)	-336	NM_170889	172395	Cel.16629	NM_170888		hrpf-1	-	HnRNP F homolog
MA2C_peak_2248	chrII	9258831	9263190	+	3.6293	NA	intron (NM_063572, intron 2 of 5)	intron (NM_063572, intron 2 of 5)	891	NM_063571	174467	Cel.17495	NM_063571		aqp-2	-	AQuaPorin or aquaglyceroporin related
MA2C_peak_3358	chrIII	6977191	6982217	+	3.6287	NA	promoter-TSS (NM_001027384)	promoter-TSS (NM_001027384)	-116	NM_001027384	3565545	Cel.18126	NM_001027384		ceh-20	-	Homeobox
MA2C_peak_4803	chrIV	10365078	10369077	+	3.6197	NA	promoter-TSS (NM_069511)	promoter-TSS (NM_069511)	685	NM_069512	177925	Cel.12478	NM_069512		R11A8.5	-	hypothetical protein
MA2C_peak_2686	chrII	14404146	14408195	+	3.6193	NA	intron (NM_001026949, intron 1 of 5)	intron (NM_001026949, intron 1 of 5)	760	NM_001026950	175098	Cel.34172	NM_001026946		nurf-1	-	NURF (nucleosome remodeling factor) complex homolog
MA2C_peak_5513	chrV	6224481	6231330	+	3.6142	NA	promoter-TSS (NM_072195)	promoter-TSS (NM_072195)	-912	NM_072195	3564781	Cel.23182	NM_072195		W06H8.6	-	hypothetical protein
MA2C_peak_5895	chrV	11948809	11961605	+	3.6127	NA	Intergenic	Intergenic	-3161	NM_073599	179635	Cel.3315	NM_073599		F58H1.5	-	hypothetical protein
MA2C_peak_4845	chrIV	10931927	10937842	+	3.6118	NA	TTS (NM_069633)	TTS (NM_069633)	991	NM_069634	177989	Cel.18191	NM_069634		lgg-2	-	LC3, GABARAP and GATE-16 family
MA2C_peak_6050	chrV	14009199	14013252	+	3.6091	NA	exon (NM_001047669, exon 2 of 7)	exon (NM_001047669, exon 2 of 7)	569	NR_003170	179897	Cel.17681	NM_001047669		F58E10.3	-	hypothetical protein
MA2C_peak_236	chrI	2874666	2879016	+	3.6083	NA	promoter-TSS (NM_058660)	promoter-TSS (NM_058660)	-90	NM_058662	171854	Cel.6519	NM_058662		Y71F9AL.9	-	hypothetical protein
MA2C_peak_16	chrI	107347	113181	+	3.6082	NA	promoter-TSS (NM_058274)	promoter-TSS (NM_058274)	-207	NM_058274	171601	Cel.17482	NM_058274		rab-11.1	-	RAB family
MA2C_peak_7177	chrX	10594611	10599650	+	3.6026	NA	Intergenic	Intergenic	-3866	NM_171972	181259	Cel.23080	NM_171769		sdn-1	-	SynDecaN
MA2C_peak_1882	chrII	5659330	5663729	+	3.6025	NA	promoter-TSS (NM_062706)	promoter-TSS (NM_062706)	368	NM_170998	173960	Cel.23108	NM_062707		C25H3.6	-	hypothetical protein
MA2C_peak_7641	chrX	17433699	17437698	+	3.5997	NA	exon (NM_078424, exon 4 of 9)	exon (NM_078424, exon 4 of 9)	1312	NM_078424	181773	Cel.7340	NM_078424		C36E6.1	-	hypothetical protein
MA2C_peak_660	chrI	7312787	7317536	+	3.5989	NA	promoter-TSS (NM_001128980)	promoter-TSS (NM_001128980)	-884	NM_001128980	3565846	Cel.32713	NM_001128979		F13G3.10	-	hypothetical protein
MA2C_peak_217	chrI	2725319	2729294	+	3.5985	NA	promoter-TSS (NM_058630)	promoter-TSS (NM_058630)	291	NM_058631	171834	Cel.19416	NM_058631		snr-7	-	Small Nuclear Ribonucleoprotein
MA2C_peak_1204	chrI	13257887	13266239	+	3.5953	NA	TTS (NM_060929)	TTS (NM_060929)	652	NM_060929	173189	Cel.18715	NM_060928		F44F1.6	-	hypothetical protein
MA2C_peak_4395	chrIV	5076176	5081383	+	3.5875	NA	Intergenic	Intergenic	-4541	NM_068318	177280	Cel.9143	NM_068318		C02B10.5	-	hypothetical protein
MA2C_peak_3870	chrIII	11917072	11922412	+	3.5834	NA	promoter-TSS (NM_067153)	promoter-TSS (NM_067153)	381	NM_067152	176625	Cel.17350	NM_067152		ccf-1	-	yeast CCR4 Associated Factor family
MA2C_peak_2362	chrII	10546085	10552235	+	3.5828	NA	promoter-TSS (NM_063871)	promoter-TSS (NM_063871)	-329	NM_063871	174623	Cel.7449	NM_063871		mnk-1	-	MAP kinase iNtegrating Kinase (MNK) homolog
MA2C_peak_3387	chrIII	7334209	7339667	+	3.5825	NA	promoter-TSS (NR_002643)	promoter-TSS (NR_002643)	424	NM_001027445	3564807	Cel.24408	NM_001027445		gsp-2	-	yeast Glc Seven-like Phosphatases
MA2C_peak_6686	chrX	4612294	4618164	+	3.5746	NA	exon (NM_171672, exon 7 of 13)	exon (NM_171672, exon 7 of 13)	5167	NM_171672	180734	Cel.359	NM_171672		pqn-65	-	Prion-like-(Q/N-rich)-domain-bearing protein
MA2C_peak_7172	chrX	10566356	10571255	+	3.5728	NA	promoter-TSS (NM_077370)	promoter-TSS (NM_077370)	-398	NM_077370	181257	Cel.6603	NM_077369		F57C7.1	-	hypothetical protein
MA2C_peak_7115	chrX	9929658	9933834	+	3.5725	NA	promoter-TSS (NM_001029241)	promoter-TSS (NM_001029241)	-352	NM_001029241	181206	Cel.5655	NM_001029240		C17G1.4	-	hypothetical protein
MA2C_peak_3401	chrIII	7496558	7500658	+	3.5723	NA	promoter-TSS (NM_066245)	promoter-TSS (NM_066245)	681	NM_066246	176062	Cel.10858	NM_066246		C07H6.9	-	hypothetical protein
MA2C_peak_4276	chrIV	3382458	3386819	+	3.5705	NA	promoter-TSS (NM_182297)	promoter-TSS (NM_182297)	-494	NM_067934	177105	Cel.4966	NM_067934		B0546.4	-	hypothetical protein
MA2C_peak_4822	chrIV	10664325	10671867	+	3.5663	NA	exon (NM_001028111, exon 3 of 14)	exon (NM_001028111, exon 3 of 14)	1297	NM_001028111	177956	Cel.18380	NM_001028110		epi-1	-	abnormal EPIthelia
MA2C_peak_7290	chrX	12169447	12173955	+	3.5656	NA	promoter-TSS (NM_077634)	promoter-TSS (NM_077634)	-95	NM_077634	181381	Cel.23191	NM_077634		F57G12.1	-	hypothetical protein
MA2C_peak_3311	chrIII	6450146	6454795	+	3.5622	NA	promoter-TSS (NM_001027626)	promoter-TSS (NM_001027626)	-156	NM_001027625	175918	Cel.7462	NM_001027625		set-1	-	SET (trithorax/polycomb) domain containing
MA2C_peak_5577	chrV	7193876	7198014	+	3.5555	NA	promoter-TSS (NM_072425)	promoter-TSS (NM_072425)	174	NM_072424	179106	Cel.17224	NM_072424		F09G2.9	-	hypothetical protein
MA2C_peak_3771	chrIII	10738914	10744366	+	3.5537	NA	promoter-TSS (NM_066964)	promoter-TSS (NM_066964)	703	NM_066966	176501	Cel.10334	NM_066966		tbb-1	-	Tubulin, Beta
MA2C_peak_5070	chrIV	13886923	13891075	+	3.5527	NA	intron (NM_070273, intron 1 of 6)	intron (NM_070273, intron 1 of 6)	942	NM_070273	178354	Cel.6468	NM_070273		lin-66	-	abnormal cell LINeage
MA2C_peak_6608	chrX	3540214	3544679	+	3.5486	NA	promoter-TSS (NM_076209)	promoter-TSS (NM_076209)	-100	NM_076209	180645	Cel.17942	NM_001029543		rgs-7	-	Regulator of G protein Signaling
MA2C_peak_5617	chrV	7976271	7981621	+	3.5483	NA	Intergenic	Intergenic	-1192	NM_001028680	179171	Cel.6189	NM_001028679		let-413	-	LEThal
MA2C_peak_6895	chrX	7148614	7154322	+	3.5472	NA	promoter-TSS (NM_076803)	promoter-TSS (NM_076803)	-376	NM_076803	180980	Cel.20145	NM_076803		lam-2	-	LAMinin related.  See also lmb-
MA2C_peak_1117	chrI	11909145	11913767	+	3.5426	NA	promoter-TSS (NM_060622)	promoter-TSS (NM_060622)	142	NM_060623	173072	Cel.36376	NM_060623		ubc-12	-	UBiquitin Conjugating enzyme
MA2C_peak_2095	chrII	7779995	7784744	+	3.5424	NA	exon (NM_063236, exon 4 of 5)	exon (NM_063236, exon 4 of 5)	860	NM_063236	174256	Cel.15973	NM_063236		spdl-1	-	SPinDLy (Drosophila chromosome segregation) homolog
MA2C_peak_1889	chrII	5713020	5717019	+	3.5422	NA	promoter-TSS (NM_062719)	promoter-TSS (NM_062719)	126	NM_062723	259688	Cel.28882	NM_062723		C18A3.9	-	hypothetical protein
MA2C_peak_4538	chrIV	7164933	7169884	+	3.5421	NA	Intergenic	Intergenic	-1285	NM_068727	191765	Cel.25061	NM_068727		skr-16	-	SKp1 Related (ubiquitin ligase complex component)
MA2C_peak_2294	chrII	9642962	9649093	+	3.5406	NA	Intergenic	Intergenic	-1639	NM_063674	174516	Cel.13686	NM_063674		fzr-1	-	FiZzy Related family
MA2C_peak_3916	chrIII	12366752	12371178	+	3.5400	NA	promoter-TSS (NM_067207)	promoter-TSS (NM_067207)	-919	NM_067207	176660	Cel.17919	NM_067207		his-72	-	HIStone
MA2C_peak_6133	chrV	15186991	15191156	+	3.5379	NA	promoter-TSS (NM_074350)	promoter-TSS (NM_074350)	651	NM_074349	190718	Cel.6363	NM_074349		bath-36	-	BTB and MATH domain containing
MA2C_peak_1794	chrII	4696878	4701432	+	3.5377	NA	promoter-TSS (NM_062434)	promoter-TSS (NM_062434)	446	NM_062435	173808	Cel.23287	NM_062435		scc-1	-	yeast SCC (mitotic condensin subunit) homolog
MA2C_peak_4220	chrIV	2639085	2643678	+	3.5351	NA	promoter-TSS (NM_001028392)	promoter-TSS (NM_001028392)	74	NM_067837	177047	Cel.7550	NM_067837		Y69A2AR.3	-	hypothetical protein
MA2C_peak_2311	chrII	9887447	9893647	+	3.5342	NA	exon (NM_001136335, exon 2 of 6)	exon (NM_001136335, exon 2 of 6)	456	NM_063735	174543	Cel.17294	NM_001136335		C08H9.2	-	hypothetical protein
MA2C_peak_2081	chrII	7661240	7665889	+	3.5330	NA	promoter-TSS (NM_063205)	promoter-TSS (NM_063205)	119	NM_063204	174237	Cel.15378	NM_063204		F18A1.7	-	hypothetical protein
MA2C_peak_4858	chrIV	11117229	11123689	+	3.5323	NA	intron (NM_069679, intron 2 of 4)	intron (NM_069679, intron 2 of 4)	1143	NM_069679	178014	Cel.16874	NM_069679		T05E11.3	-	hypothetical protein
MA2C_peak_5106	chrIV	14794783	14798932	+	3.5317	NA	promoter-TSS (NM_001083268)	promoter-TSS (NM_001083268)	-521	NM_001083268	178403	Cel.6647	NM_001047580		coq-3	-	COenzyme Q (ubiquinone) biosynthesis
MA2C_peak_3840	chrIII	11558380	11562693	+	3.5302	NA	promoter-TSS (NM_067089)	promoter-TSS (NM_067089)	-496	NM_067089	176585	Cel.9635	NM_067089		Y66D12A.12	-	hypothetical protein
MA2C_peak_6724	chrX	4968871	4972920	+	3.5293	NA	promoter-TSS (NM_001029635)	promoter-TSS (NM_001029635)	-15	NM_001029635	180769	Cel.34797	NM_001029635		calu-1	-	CALUmenin (calcium-binding protein) homolog
MA2C_peak_5435	chrV	4960247	4966593	+	3.5269	NA	promoter-TSS (NM_071934)	promoter-TSS (NM_071934)	-348	NM_071934	178887	Cel.17409	NM_071934		tam-1	-	Tandem Array expression Modifier
MA2C_peak_385	chrI	4696781	4703774	+	3.5264	NA	Intergenic	Intergenic	-1701	NM_059025	172079	Cel.16826	NM_059025		tag-192	-	Temporarily Assigned Gene name
MA2C_peak_930	chrI	9902723	9912935	+	3.5226	NA	intron (NM_060221, intron 1 of 7)	intron (NM_060221, intron 1 of 7)	2706	NM_060221	172845	Cel.19699	NM_060221		ztf-11	-	Zinc finger Transcription Factor family
MA2C_peak_3669	chrIII	9814120	9820347	+	3.5211	NA	promoter-TSS (NM_066775)	promoter-TSS (NM_066775)	-198	NM_066775	176390	Cel.17175	NM_066775		cnx-1	-	CalNeXin
MA2C_peak_6137	chrV	15392568	15397669	+	3.5199	NA	promoter-TSS (NM_074423)	promoter-TSS (NM_074423)	-187	NM_074423	180039	Cel.2431	NM_074423		T06E6.1	-	hypothetical protein
MA2C_peak_4054	chrIV	125383	130443	+	3.5190	NA	TTS (NM_067466)	TTS (NM_067466)	1184	NM_067466	176828	Cel.22887	NM_067466		F29C4.2	-	hypothetical protein
MA2C_peak_3034	chrIII	4192855	4198423	+	3.5171	NA	TTS (NM_001083177)	TTS (NM_001083177)	-1619	NM_181938	175542	Cel.17456	NM_065440		asd-1	-	Alternative Splicing Defective
MA2C_peak_6103	chrV	14828859	14833661	+	3.5168	NA	promoter-TSS (NM_001029019)	promoter-TSS (NM_001029019)	-135	NM_074257	179981	Cel.2009	NM_001029018		ret-1	-	RETiculon protein
MA2C_peak_2149	chrII	8323880	8330281	+	3.5134	NA	TTS (NM_001026815)	TTS (NM_001026815)	1682	NM_063353	182937	Cel.15784	NM_063353		oxidoreductase	-	hypothetical protein
MA2C_peak_5016	chrIV	13027908	13032778	+	3.5113	NA	promoter-TSS (NM_001047485)	promoter-TSS (NM_001047485)	-867	NM_070091	178250	Cel.7508	NM_001028036		mbk-2	-	MiniBrain Kinase (Drosophila) homolog
MA2C_peak_2851	chrIII	1452845	1460271	+	3.5111	NA	promoter-TSS (NM_001027792)	promoter-TSS (NM_001027792)	-808	NM_001027791	259490	Cel.221	NM_001027791		Y82E9BR.17	-	hypothetical protein
MA2C_peak_4712	chrIV	9266637	9271820	+	3.5074	NA	promoter-TSS (NM_069218)	promoter-TSS (NM_069218)	-846	NM_069218	189435	Cel.12146	NM_069218		flh-3	-	FLYWCH zinc finger transcription factor homolog
MA2C_peak_1041	chrI	10821705	10828556	+	3.5052	NA	exon (NM_060429, exon 2 of 4)	exon (NM_060429, exon 2 of 4)	1760	NM_182085	172989	Cel.7331	NM_060429		C35E7.5	-	hypothetical protein
MA2C_peak_5799	chrV	10893418	10898773	+	3.5011	NA	TTS (NM_073375)	TTS (NM_073375)	424	NM_182333	179508	Cel.23476	NM_182333		F32D8.13	-	hypothetical protein
MA2C_peak_806	chrI	8812625	8817678	+	3.5009	NA	TTS (NM_059982)	TTS (NM_059982)	1035	NM_059983	172693	Cel.8614	NM_059983		rps-15	-	Ribosomal Protein, Small subunit
MA2C_peak_3514	chrIII	8443087	8449338	+	3.4976	NA	exon (NM_066467, exon 3 of 6)	exon (NM_066467, exon 3 of 6)	616	NM_066467	176195	Cel.7695	NM_066467		Msi3p	-	hypothetical protein
MA2C_peak_1067	chrI	11197879	11208476	+	3.4940	NA	intron (NM_072208, intron 4 of 11)	intron (NM_072208, intron 4 of 11)	-3737	NM_060476	173014	Cel.17090	NM_060476		ztf-6	-	Zinc finger Transcription Factor family
MA2C_peak_2456	chrII	11534827	11541258	+	3.4925	NA	TTS (NM_064064)	TTS (NM_064064)	689	NM_171042	259465	Cel.20386	NM_171042		Y62F5A.9	-	hypothetical protein
MA2C_peak_3070	chrIII	4498787	4504036	+	3.4912	NA	exon (NM_171104, exon 3 of 8)	exon (NM_171104, exon 3 of 8)	-2400	NM_065513	175587	Cel.17887	NM_001025990		atf-7	-	ATF (cAMP-dependent transciption factor) family
MA2C_peak_866	chrI	9412041	9416740	+	3.4903	NA	intron (NM_060100, intron 3 of 6)	intron (NM_060100, intron 3 of 6)	3784	NM_060100	172766	Cel.4925	NM_060100		C17E4.2	-	hypothetical protein
MA2C_peak_4942	chrIV	12028868	12032999	+	3.4863	NA	promoter-TSS (NM_069877)	promoter-TSS (NM_069877)	-88	NM_069877	178138	Cel.36459	NM_069877		T12G3.6	-	hypothetical protein
MA2C_peak_1796	chrII	4704407	4708557	+	3.4804	NA	promoter-TSS (NM_182184)	promoter-TSS (NM_182184)	-6	NM_182184	173810	Cel.16955	NM_062437		F10G7.9	-	hypothetical protein
MA2C_peak_3249	chrIII	5956208	5960574	+	3.4800	NA	promoter-TSS (NM_065895)	promoter-TSS (NM_065895)	-198	NM_181937	175844	Cel.18121	NM_065894		psf-1	-	Polypyrimidine-tract-binding protein (PTB)-associated-Splicing Factor homolog
MA2C_peak_3027	chrIII	4093153	4099257	+	3.4759	NA	TTS (NM_065421)	TTS (NM_065421)	187	NM_001025969	3565954	Cel.31096	NM_001025969		C03C10.7	-	hypothetical protein
MA2C_peak_924	chrI	9852553	9857860	+	3.4750	NA	Intergenic	Intergenic	-3423	NM_060208	172837	Cel.17284	NM_060208		K10C3.2	-	hypothetical protein
MA2C_peak_2807	chrIII	866519	871644	+	3.4712	NA	intron (NM_064879, intron 1 of 2)	intron (NM_064879, intron 1 of 2)	767	NM_064879	188843	Cel.9993	NM_064879		T24C4.2	-	hypothetical protein
MA2C_peak_2480	chrII	11746691	11751123	+	3.4711	NA	Intergenic	Intergenic	-1173	NM_064107	174803	Cel.6600	NM_064107		gpb-1	-	G Protein, Beta subunit
MA2C_peak_2721	chrII	14814677	14819077	+	3.4680	NA	TTS (NM_064671)	TTS (NM_064671)	1457	NM_064671	175141	Cel.30455	NM_064671		W01D2.1	-	hypothetical protein
MA2C_peak_3122	chrIII	4995971	5000217	+	3.4673	NA	promoter-TSS (NM_065658)	promoter-TSS (NM_065658)	31	NM_065658	175677	Cel.17231	NM_065658		C27F2.8	-	hypothetical protein
MA2C_peak_1553	chrII	1648691	1656590	+	3.4639	NA	exon (NM_061625, exon 2 of 2)	exon (NM_061625, exon 2 of 2)	860	NM_061625	173535	Cel.13827	NM_061625		fbxb-15	-	F-box B protein
MA2C_peak_2764	chrIII	177717	183294	+	3.4616	NA	TTS (NM_064769)	TTS (NM_064769)	964	NM_064769	185555	Cel.26767	NM_064769		F40G9.6	-	hypothetical protein
MA2C_peak_5533	chrV	6512014	6518272	+	3.4594	NA	promoter-TSS (NM_072254)	promoter-TSS (NM_072254)	80	NM_072254	179040	Cel.196	NM_072254		dpy-11	-	DumPY : shorter than wild-type
MA2C_peak_5722	chrV	9543011	9550912	+	3.4561	NA	promoter-TSS (NM_073065)	promoter-TSS (NM_073065)	-95	NM_073065	179341	Cel.17998	NM_073065		his-37	-	HIStone
MA2C_peak_232	chrI	2827572	2832531	+	3.4499	NA	intron (NM_058652, intron 1 of 3)	intron (NM_058652, intron 1 of 3)	243	NM_058652	171849	Cel.19670	NM_058652		pop-1	-	POsterior Pharynx defect
MA2C_peak_219	chrI	2738955	2745455	+	3.4461	NA	intron (NM_058634, intron 1 of 5)	intron (NM_058634, intron 1 of 5)	304	NM_058634	171837	Cel.7069	NM_058634		Y71F9B.8	-	hypothetical protein
MA2C_peak_3551	chrIII	8794462	8803514	+	3.4441	NA	exon (NM_066542, exon 5 of 12)	exon (NM_066542, exon 5 of 12)	1620	NM_066544	186252	Cel.29144	NM_066544		F54F2.6	-	hypothetical protein
MA2C_peak_2328	chrII	10061989	10066746	+	3.4429	NA	exon (NM_063774, exon 3 of 7)	exon (NM_063774, exon 3 of 7)	-3863	NM_001026805	3564873	Cel.30818	NM_001026805		stg-1	-	STarGazin (mammalian calcium channel) homolog
MA2C_peak_7591	chrX	16610782	16615081	+	3.4344	NA	promoter-TSS (NM_078286)	promoter-TSS (NM_078286)	-435	NM_078286	181719	Cel.6838	NM_078286		ain-1	-	ALG-1 INteracting protein
MA2C_peak_6348	chrV	20471406	20475542	+	3.4267	NA	intron (NM_075538, intron 2 of 4)	intron (NM_075538, intron 2 of 4)	1003	NM_075538	180342	Cel.9444	NM_075538		B0250.2	-	hypothetical protein
MA2C_peak_1512	chrII	1040080	1044379	+	3.4263	NA	promoter-TSS (NM_061495)	promoter-TSS (NM_061495)	79	NM_061495	173484	Cel.14731	NM_061495		fbxb-41	-	F-box B protein
MA2C_peak_3654	chrIII	9694093	9706558	+	3.4216	NA	intron (NM_181913, intron 1 of 8)	intron (NM_181913, intron 1 of 8)	430	NM_181913	176369	Cel.17152	NM_001047379		tlk-1	-	Tousled-Like Kinase
MA2C_peak_4479	chrIV	6326840	6330990	+	3.4168	NA	promoter-TSS (NM_171359)	promoter-TSS (NM_171359)	-647	NM_171359	177394	Cel.16888	NM_068564		seu-1	-	Suppressor of Ectopic Unc-5
MA2C_peak_6808	chrX	6048464	6053663	+	3.4147	NA	Intergenic	Intergenic	-1997	NM_076610	180874	Cel.17551	NM_076610		C45B2.6	-	hypothetical protein
MA2C_peak_5119	chrIV	15036548	15042060	+	3.4120	NA	promoter-TSS (NM_070416)	promoter-TSS (NM_070416)	-732	NM_070416	178420	Cel.12011	NM_070416		Y41E3.16	-	hypothetical protein
MA2C_peak_1002	chrI	10551295	10555447	+	3.4118	NA	promoter-TSS (NM_060361)	promoter-TSS (NM_060361)	531	NM_060360	172939	Cel.8678	NM_060360		F25H2.5	-	hypothetical protein
MA2C_peak_7449	chrX	14501907	14506309	+	3.4056	NA	promoter-TSS (NM_078011)	promoter-TSS (NM_078011)	-347	NM_078011	181546	Cel.17927	NM_078011		M163.1	-	hypothetical protein
MA2C_peak_965	chrI	10189937	10194018	+	3.4048	NA	intron (NM_060284, intron 4 of 5)	intron (NM_060284, intron 4 of 5)	906	NM_060284	172888	Cel.19198	NM_060284		C25A1.12	-	hypothetical protein
MA2C_peak_4900	chrIV	11564840	11571561	+	3.4037	NA	Intergenic	Intergenic	-2039	NM_069777	178078	Cel.16928	NM_069777		sec-24.1	-	yeast SEC homolog
MA2C_peak_5841	chrV	11337770	11345090	+	3.4023	NA	promoter-TSS (NM_073480)	promoter-TSS (NM_073480)	-789	NM_073480	179568	Cel.7016	NM_073480		T02E9.5	-	hypothetical protein
MA2C_peak_6083	chrV	14504720	14508972	+	3.4002	NA	Intergenic	Intergenic	-1385	NM_074194	179956	Cel.6558	NM_074194		R02D5.1	-	hypothetical protein
MA2C_peak_938	chrI	9961343	9966644	+	3.3993	NA	Intergenic	Intergenic	-1584	NM_060234	172856	Cel.19627	NM_060234		mom-5	-	More Of MS
MA2C_peak_1996	chrII	6827389	6837393	+	3.3961	NA	Intergenic	Intergenic	-2568	NM_171011	174121	Cel.17167	NM_001026740		egl-27	-	EGg Laying defective
MA2C_peak_6595	chrX	3397234	3401239	+	3.3960	NA	exon (NM_076187, exon 3 of 4)	exon (NM_076187, exon 3 of 4)	773	NM_076187	180628	Cel.17326	NM_076187		cht-1	-	CHiTinase
MA2C_peak_3427	chrIII	7729699	7735927	+	3.3945	NA	intron (NM_066283, intron 3 of 8)	intron (NM_066283, intron 3 of 8)	1498	NM_066283	176084	Cel.34838	NM_066283		ncl-1	-	abnormal NuCLeoli
MA2C_peak_3632	chrIII	9464258	9468607	+	3.3906	NA	promoter-TSS (NM_066682)	promoter-TSS (NM_066682)	-566	NM_066682	176329	Cel.10931	NM_066682		B0464.6	-	hypothetical protein
MA2C_peak_3422	chrIII	7654915	7660779	+	3.3903	NA	Intergenic	Intergenic	-1887	NM_066272	176078	Cel.5454	NM_066272		flt-1	-	FLecTin
MA2C_peak_4557	chrIV	7485122	7489639	+	3.3879	NA	promoter-TSS (NM_068803)	promoter-TSS (NM_068803)	601	NM_068802	177522	Cel.24406	NM_068802		his-60	-	HIStone
MA2C_peak_4115	chrIV	1053893	1057858	+	3.3867	NA	exon (NM_067630, exon 2 of 4)	exon (NM_067630, exon 2 of 4)	438	NM_067630	176925	Cel.17765	NM_067630		Y55F3AM.13	-	hypothetical protein
MA2C_peak_1598	chrII	2136252	2140432	+	3.3864	NA	exon (NM_061794, exon 3 of 5)	exon (NM_061794, exon 3 of 5)	1016	NM_061794	173571	Cel.15700	NM_061794		C40A11.4	-	hypothetical protein
MA2C_peak_1877	chrII	5591083	5595639	+	3.3826	NA	promoter-TSS (NM_062683)	promoter-TSS (NM_062683)	37	NM_001026798	173945	Cel.17299	NM_001026798		cdc-14	-	Cell Division Cycle related
MA2C_peak_6569	chrX	3098999	3103201	+	3.3779	NA	exon (NM_076130, exon 4 of 6)	exon (NM_076130, exon 4 of 6)	1051	NM_076130	186116	Cel.23761	NM_076130		ztf-13	-	Zinc finger Transcription Factor family
MA2C_peak_2958	chrIII	3320627	3324825	+	3.3746	NA	promoter-TSS (NM_065290)	promoter-TSS (NM_065290)	-233	NM_065290	175435	Cel.7422	NM_065290		Y53G8AR.2	-	hypothetical protein
MA2C_peak_2019	chrII	6972730	6977822	+	3.3744	NA	Intergenic	Intergenic	-1445	NM_001026785	174141	Cel.19756	NM_001026785		sod-1	-	SOD (superoxide dismutase)
MA2C_peak_7561	chrX	16145988	16150638	+	3.3742	NA	Intergenic	Intergenic	-1371	NM_078234	181690	Cel.17509	NM_078234		F09C8.2	-	hypothetical protein
MA2C_peak_376	chrI	4643443	4648374	+	3.3741	NA	TTS (NM_059014)	TTS (NM_059014)	872	NR_003378	4926903		NR_003378		B0041.9	-	ncRNA
MA2C_peak_2585	chrII	12986095	12992396	+	3.3622	NA	intron (NM_064362, intron 5 of 6)	CEMUDR1|DNA|MuDR	7011	NM_064363	174942	Cel.8339	NM_064363		Y38F1A.6	-	hypothetical protein
MA2C_peak_1538	chrII	1499284	1504792	+	3.3587	NA	Intergenic	Intergenic	-1701	NM_182211	173524	Cel.17148	NM_061579		H17B01.4	-	hypothetical protein
MA2C_peak_2991	chrIII	3699956	3706822	+	3.3527	NA	promoter-TSS (NM_065347)	promoter-TSS (NM_065347)	-238	NM_065347	259498	Cel.10845	NM_065347		C14B1.3	-	hypothetical protein
MA2C_peak_3763	chrIII	10664754	10670360	+	3.3464	NA	intron (NM_001027667, intron 1 of 8)	intron (NM_001027667, intron 1 of 8)	784	NM_001027667	176490	Cel.4951	NM_001027665		cnt-2	-	CeNTaurin
MA2C_peak_6297	chrV	19305824	19312173	+	3.3448	NA	Intergenic	Intergenic	-1451	NM_075359	186299	Cel.3384	NM_075359		F55C9.11	-	hypothetical protein
MA2C_peak_3637	chrIII	9520234	9524684	+	3.3428	NA	TTS (NM_066698)	TTS (NM_066698)	483	NM_066697	176343	Cel.34225	NM_066697		ZK1098.1	-	hypothetical protein
MA2C_peak_4701	chrIV	9196389	9200888	+	3.3376	NA	Intergenic	Intergenic	-1456	NM_182275	177743	Cel.17683	NM_069202		wnk-1	-	mammalian WNK-type protein kinase homolog
MA2C_peak_5522	chrV	6424085	6431259	+	3.3353	NA	promoter-TSS (NM_072232)	promoter-TSS (NM_072232)	-575	NM_072232	179025	Cel.7035	NM_072232		atp-4	-	ATP synthase subunit
MA2C_peak_6478	chrX	2039610	2047800	+	3.3345	NA	intron (NM_075976, intron 2 of 6)	intron (NM_075976, intron 2 of 6)	2636	NM_075976	180518	Cel.22611	NM_075976		Y102A11A.8	-	hypothetical protein
MA2C_peak_713	chrI	7860104	7864303	+	3.3330	NA	TTS (NM_059772)	TTS (NM_059772)	1344	NM_059772	172555	Cel.152	NM_059772		R11A5.3	-	hypothetical protein
MA2C_peak_4840	chrIV	10865998	10870699	+	3.3328	NA	intron (NM_069614, intron 1 of 3)	intron (NM_069614, intron 1 of 3)	792	NM_069614	177980	Cel.13132	NM_001129298		F13E9.11	-	hypothetical protein
MA2C_peak_1214	chrI	13335534	13340363	+	3.3326	NA	intron (NM_060946, intron 3 of 5)	intron (NM_060946, intron 3 of 5)	961	NM_060946	189290	Cel.16576	NM_060946		W08E3.4	-	hypothetical protein
MA2C_peak_4401	chrIV	5168819	5173886	+	3.3249	NA	Intergenic	Intergenic	-1970	NM_068333	177292	Cel.30509	NM_068333		lam-1	-	LAMinin related.  See also lmb-
MA2C_peak_4905	chrIV	11591781	11595836	+	3.3207	NA	promoter-TSS (NM_069783)	promoter-TSS (NM_069783)	-858	NM_001129307	178082	Cel.5312	NM_001129307		F40F11.2	-	hypothetical protein
MA2C_peak_4710	chrIV	9258728	9264935	+	3.3170	NA	promoter-TSS (NM_069216)	promoter-TSS (NM_069216)	-87	NM_069216	177748	Cel.12147	NM_069216		col-120	-	COLlagen
MA2C_peak_2941	chrIII	3066847	3071647	+	3.3127	NA	TTS (NM_171089)	TTS (NM_171089)	451	NR_003430	4927006		NR_003430		H06I04.8	-	ncRNA
MA2C_peak_2409	chrII	11124890	11128918	+	3.3105	NA	promoter-TSS (NM_063983)	promoter-TSS (NM_063983)	30	NM_063984	174700	Cel.15174	NM_063984		lsm-1	-	LSM Sm-like protein
MA2C_peak_6550	chrX	2875123	2880588	+	3.3076	NA	exon (NM_076098, exon 2 of 8)	exon (NM_076098, exon 2 of 8)	1758	NM_076098	180578	Cel.22801	NM_076098		F53B3.5	-	hypothetical protein
MA2C_peak_7310	chrX	12506249	12511951	+	3.3039	NA	exon (NM_171974, exon 2 of 12)	exon (NM_171974, exon 2 of 12)	4870	NM_171974	181408	Cel.5997	NM_171785		scd-1	-	Suppressor of Constitutive Dauer formation
MA2C_peak_5671	chrV	8782084	8788583	+	3.2951	NA	Intergenic	Intergenic	-1192	NM_072862	182057	Cel.25644	NM_072862		C01B7.3	-	hypothetical protein
MA2C_peak_496	chrI	5818262	5822561	+	3.2950	NA	intron (NM_059288, intron 2 of 4)	intron (NM_059288, intron 2 of 4)	700	NM_059288	172251	Cel.19390	NM_059288		nhr-2	-	Nuclear Hormone Receptor family
MA2C_peak_4234	chrIV	2888940	2894008	+	3.2898	NA	TTS (NM_001028334)	TTS (NM_001028334)	1020	NM_067866	177072	Cel.19407	NM_067866		Y54G2A.18	-	hypothetical protein
MA2C_peak_2458	chrII	11544139	11548740	+	3.2893	NA	promoter-TSS (NM_064068)	promoter-TSS (NM_064068)	822	NM_064067	3564910	Cel.17614	NM_064067		dnj-13	-	DNaJ domain (prokaryotic heat shock protein)
MA2C_peak_975	chrI	10329836	10334714	+	3.2841	NA	TTS (NM_060307)	TTS (NM_060307)	797	NM_060308	172902	Cel.16167	NM_060308		ZC434.4	-	hypothetical protein
MA2C_peak_6768	chrX	5473960	5483422	+	3.2807	NA	promoter-TSS (NM_001029261)	promoter-TSS (NM_001029261)	-975	NM_001029260	180819	Cel.17903	NM_001029260		dlg-1	-	Drosophila Discs Large homolog
MA2C_peak_1972	chrII	6522115	6526218	+	3.2797	NA	promoter-TSS (NM_062917)	promoter-TSS (NM_062917)	-711	NM_062917	174077	Cel.34786	NM_062917		GTP-binding	-	hypothetical protein
MA2C_peak_5486	chrV	5825093	5829852	+	3.2795	NA	exon (NM_072122, exon 2 of 7)	exon (NM_072122, exon 2 of 7)	656	NM_072122	178970	Cel.16862	NM_072122		let-418	-	LEThal
MA2C_peak_4982	chrIV	12541400	12545980	+	3.2790	NA	exon (NM_070000, exon 4 of 5)	exon (NM_070000, exon 4 of 5)	1686	NM_070000	178205	Cel.7637	NM_070000		ham-1	-	HSN Abnormal Migration
MA2C_peak_4086	chrIV	558411	565039	+	3.2758	NA	promoter-TSS (NM_001028059)	promoter-TSS (NM_001028059)	-297	NM_001028059	259548	Cel.34378	NM_001028059		F56A11.7	-	hypothetical protein
MA2C_peak_1591	chrII	2091138	2095596	+	3.2749	NA	exon (NM_061777, exon 2 of 3)	exon (NM_061777, exon 2 of 3)	483	NM_061777	188547	Cel.27717	NM_061777		fbxb-37	-	F-box B protein
MA2C_peak_6970	chrX	7950126	7955356	+	3.2741	NA	Intergenic	Intergenic	-1563	NM_076938	181053	Cel.11376	NM_076938		dct-1	-	DAF-16/FOXO Controlled, germline Tumor affecting
MA2C_peak_3389	chrIII	7356331	7360699	+	3.2696	NA	promoter-TSS (NM_066225)	promoter-TSS (NM_066225)	481	NM_066224	176046	Cel.5056	NM_066224		F08F8.4	-	hypothetical protein
MA2C_peak_1006	chrI	10565381	10570235	+	3.2679	NA	promoter-TSS (NM_060365)	promoter-TSS (NM_060365)	-73	NM_060365	172943	Cel.20069	NM_060365		rpa-0	-	Replication Protein A homolog
MA2C_peak_500	chrI	5874493	5882827	+	3.2679	NA	intron (NM_171838, intron 1 of 8)	intron (NM_171838, intron 1 of 8)	297	NM_171838	172261	Cel.20504	NM_170870		noah-1	-	NOmpA Homolog (Drosophila nompA: no mechanoreceptor potential A)
MA2C_peak_7204	chrX	10989450	10995910	+	3.2671	NA	intron (NM_077435, intron 1 of 13)	intron (NM_077435, intron 1 of 13)	244	NM_077435	181289	Cel.827	NM_077435		ver-3	-	VEGF (vascular endothelial growth factor) Receptor family
MA2C_peak_284	chrI	3602853	3607007	+	3.2649	NA	TTS (NM_001026596)	TTS (NM_001026596)	816	NM_001129068	171927	Cel.16453	NM_001129068		mis-12	-	human/fission yeast MIS (minichromosome stability) homolog
MA2C_peak_6866	chrX	6805881	6809998	+	3.2636	NA	Intergenic	Intergenic	-1120	NM_076744	180949	Cel.20002	NM_076744		atg-2	-	AuTophaGy (yeast Atg homolog)
MA2C_peak_5065	chrIV	13776648	13780910	+	3.2634	NA	promoter-TSS (NM_001047571)	promoter-TSS (NM_001047571)	-55	NM_001047571	178343	Cel.6680	NM_001047571		gly-10	-	GLYcosylation related
MA2C_peak_6937	chrX	7561664	7566295	+	3.2617	NA	intron (NM_076880, intron 5 of 6)	intron (NM_076880, intron 5 of 6)	1142	NM_076880	181017	Cel.17438	NM_001129652		sto-1	-	STOmatin
MA2C_peak_2826	chrIII	1077495	1082197	+	3.2593	NA	exon (NM_171081, exon 4 of 5)	exon (NM_171081, exon 4 of 5)	484	NM_171861	175272	Cel.17517	NM_171081		rab-18	-	RAB family
MA2C_peak_3074	chrIII	4513566	4518625	+	3.2533	NA	Intergenic	Intergenic	-4331	NM_065516	175590	Cel.10567	NM_065516		cdh-4	-	CaDHerin family
MA2C_peak_298	chrI	3737989	3742505	+	3.2480	NA	intron (NM_058808, intron 1 of 8)	intron (NM_058808, intron 1 of 8)	234	NM_058808	171942	Cel.22959	NM_058808		larp-5	-	LARP (RNA binding La related protein) homolog
MA2C_peak_3645	chrIII	9612621	9617643	+	3.2464	NA	promoter-TSS (NM_066725)	promoter-TSS (NM_066725)	740	NM_066726	186485	Cel.10382	NM_066726		F58A4.6	-	hypothetical protein
MA2C_peak_3606	chrIII	9225485	9229684	+	3.2441	NA	promoter-TSS (NR_023964)	promoter-TSS (NR_023964)	-702	NR_023964	6418661	Cel.37151	NR_023964		T23G5.7	-	ncRNA
MA2C_peak_3114	chrIII	4928994	4932943	+	3.2437	NA	promoter-TSS (NM_065639)	promoter-TSS (NM_065639)	-801	NM_065638	175662	Cel.8145	NM_065638		set-2	-	SET (trithorax/polycomb) domain containing
MA2C_peak_1245	chrI	13625409	13630302	+	3.2429	NA	exon (NM_060986, exon 2 of 3)	exon (NM_060986, exon 2 of 3)	582	NM_060986	173232	Cel.16569	NM_060986		W09C5.1	-	hypothetical protein
MA2C_peak_5286	chrV	1571743	1581602	+	3.2393	NA	Intergenic	Intergenic	-1019	NM_071045	178645	Cel.23180	NM_071045		cdc-25.2	-	Cell Division Cycle related
MA2C_peak_3051	chrIII	4312260	4318009	+	3.2390	NA	intron (NM_065465, intron 2 of 3)	CELE7|DNA|DNA	1229	NM_065466	175556	Cel.7056	NM_065465		dcn-1	-	Defective in Cullin Neddylation
MA2C_peak_859	chrI	9371254	9376303	+	3.2343	NA	intron (NM_001026219, intron 5 of 15)	intron (NM_001026219, intron 5 of 15)	14634	NM_001136314	187442	Cel.27349	NM_001136314		dyf-5	-	abnormal DYe Filling
MA2C_peak_3063	chrIII	4446492	4457404	+	3.2320	NA	intron (NM_065504, intron 5 of 5)	intron (NM_065504, intron 5 of 5)	1043	NM_065504	182972	Cel.25937	NM_065504		C28A5.5	-	hypothetical protein
MA2C_peak_4044	chrIII	13716746	13721264	+	3.2300	NA	promoter-TSS (NM_001027636)	promoter-TSS (NM_001027636)	-249	NM_001027636	176808	Cel.6733	NM_001027634		lit-1	-	Loss of InTestine
MA2C_peak_5115	chrIV	14953981	14960255	+	3.2287	NA	promoter-TSS (NR_003161)	promoter-TSS (NR_003161)	-471	NR_003161	178413	Cel.17450	NM_001047559		Y41E3.1	-	hypothetical protein
MA2C_peak_4906	chrIV	11600807	11606410	+	3.2282	NA	TTS (NM_069785)	TTS (NM_069785)	1004	NM_069785	178083	Cel.7378	NM_069785		rps-11	-	Ribosomal Protein, Small subunit
MA2C_peak_7456	chrX	14576923	14581149	+	3.2281	NA	exon (NM_078024, exon 5 of 10)	exon (NM_078024, exon 5 of 10)	1027	NM_078024	181554	Cel.449	NM_078024		sym-5	-	SYnthetic lethal with Mec
MA2C_peak_1779	chrII	4571152	4575859	+	3.2253	NA	intron (NM_062405, intron 1 of 9)	intron (NM_062405, intron 1 of 9)	1517	NM_062406	173794	Cel.5002	NM_062405		vab-1	-	Variable ABnormal morphology
MA2C_peak_6084	chrV	14522841	14527365	+	3.2250	NA	promoter-TSS (NM_074197)	promoter-TSS (NM_074197)	-262	NM_074198	179959	Cel.17341	NM_074198		hda-1	-	Histone DeAcetylase
MA2C_peak_5579	chrV	7220125	7226438	+	3.2164	NA	promoter-TSS (NM_072431)	promoter-TSS (NM_072431)	-20	NM_072431	179111	Cel.5006	NM_072431		C13F10.7	-	hypothetical protein
MA2C_peak_3000	chrIII	3817661	3823504	+	3.2158	NA	promoter-TSS (NM_065370)	promoter-TSS (NM_065370)	-924	NM_065370	175492	Cel.7349	NM_065370		dpy-27	-	DumPY : shorter than wild-type
MA2C_peak_1423	chrII	215792	221942	+	3.2122	NA	TTS (NR_003408)	TTS (NR_003408)	923	NR_003408	4926985	Cel.35519	NR_003408		F48A11.7	-	ncRNA
MA2C_peak_5042	chrIV	13383267	13387793	+	3.2120	NA	promoter-TSS (NM_001083269)	promoter-TSS (NM_001083269)	533	NM_001047588	4363066	Cel.8938	NM_001047588		Y62E10A.20	-	hypothetical protein
MA2C_peak_5201	chrIV	17276407	17281256	+	3.2106	NA	promoter-TSS (NM_070667)	promoter-TSS (NM_070667)	-81	NM_070667	178507	Cel.5111	NM_070667		hsp-1	-	Heat Shock Protein
MA2C_peak_2964	chrIII	3394892	3400137	+	3.2100	NA	promoter-TSS (NM_001047393)	promoter-TSS (NM_001047393)	-215	NM_001047393	175442	Cel.10379	NM_001047393		F59A2.4	-	hypothetical protein
MA2C_peak_6972	chrX	7960690	7968897	+	3.2084	NA	Intergenic	Intergenic	-3125	NM_076941	181055	Cel.19703	NM_076941		sem-5	-	SEx Muscle abnormal
MA2C_peak_1420	chrII	159152	164301	+	3.2040	NA	promoter-TSS (NM_061272)	promoter-TSS (NM_061272)	-648	NM_061272	173401	Cel.5079	NM_001027124		etr-1	-	ELAV-Type RNA binding protein family
MA2C_peak_3283	chrIII	6278384	6282560	+	3.1960	NA	promoter-TSS (NM_001027428)	promoter-TSS (NM_001027428)	46	NM_001027428	175890	Cel.10345	NM_001027428		hmg-1.2	-	HMG
MA2C_peak_3670	chrIII	9824050	9828857	+	3.1946	NA	3' UTR (NM_066780, exon 3 of 3)	3' UTR (NM_066780, exon 3 of 3)	596	NM_066780	176395	Cel.18050	NM_066780		ZK632.10	-	hypothetical protein
MA2C_peak_611	chrI	6922771	6926705	+	3.1930	NA	exon (NM_059574, exon 4 of 5)	exon (NM_059574, exon 4 of 5)	720	NM_059574	183573	Cel.19091	NM_059574		C48B6.9	-	hypothetical protein
MA2C_peak_3343	chrIII	6868514	6873063	+	3.1857	NA	TTS (NM_066094)	TTS (NM_066094)	514	NM_001027489	3564770	Cel.29916	NM_001027489		K04C2.8	-	hypothetical protein
MA2C_peak_3183	chrIII	5498537	5505353	+	3.1797	NA	promoter-TSS (NM_181946)	promoter-TSS (NM_181946)	97	NM_181946	175757	Cel.22706	NM_065774		R02F2.1	-	hypothetical protein
MA2C_peak_889	chrI	9538949	9542917	+	3.1792	NA	promoter-TSS (NM_060132)	promoter-TSS (NM_060132)	26	NM_060132	172789	Cel.6806	NM_060132		irx-1	-	IRoquois subclass of homeoboX
MA2C_peak_6039	chrV	13786623	13791422	+	3.1734	NA	promoter-TSS (NM_001047656)	promoter-TSS (NM_001047656)	-736	NM_001047656	179874	Cel.17385	NM_001047655		F53C11.5	-	hypothetical protein
MA2C_peak_4595	chrIV	7922981	7927446	+	3.1677	NA	TTS (NM_068920)	TTS (NM_068920)	880	NM_068920	177582	Cel.20796	NM_068920		C49H3.3	-	hypothetical protein
MA2C_peak_3741	chrIII	10469851	10474207	+	3.1671	NA	exon (NM_066908, exon 2 of 6)	exon (NM_066908, exon 2 of 6)	906	NM_066908	176466	Cel.6661	NM_066908		cul-1	-	CULlin
MA2C_peak_738	chrI	8122293	8126649	+	3.1624	NA	Intergenic	Intergenic	-1324	NM_059827	172598	Cel.4960	NM_059827		mau-2	-	MAternally affected Uncoordination
MA2C_peak_3543	chrIII	8713931	8718722	+	3.1580	NA	promoter-TSS (NM_066521)	promoter-TSS (NM_066521)	-235	NM_066521	176223	Cel.5030	NM_066521		B0303.14	-	hypothetical protein
MA2C_peak_7190	chrX	10842343	10847435	+	3.1527	NA	promoter-TSS (NM_077408)	promoter-TSS (NM_077408)	-288	NM_077408	182243	Cel.36827	NM_077408		C05A9.2	-	hypothetical protein
MA2C_peak_3740	chrIII	10459660	10464451	+	3.1518	NA	intron (NM_001129218, intron 2 of 11)	intron (NM_001129218, intron 2 of 11)	541	NM_001026060	176465	Cel.6703	NM_001026059		atx-2	-	human ATX (ataxin) related
MA2C_peak_2713	chrII	14700413	14711140	+	3.1516	NA	intron (NM_064652, intron 1 of 7)	intron (NM_064652, intron 1 of 7)	357	NM_064652	182456	Cel.15914	NM_064652		C09F9.2	-	hypothetical protein
MA2C_peak_6632	chrX	3900948	3906282	+	3.1408	NA	promoter-TSS (NM_076273)	promoter-TSS (NM_076273)	-956	NM_076273	180674	Cel.4999	NM_001136466		sup-12	-	SUPpressor
MA2C_peak_1563	chrII	1721626	1727825	+	3.1403	NA	promoter-TSS (NM_061657)	promoter-TSS (NM_061657)	62	NM_061657	185769	Cel.15098	NM_061657		fbxb-11	-	F-box B protein
MA2C_peak_1444	chrII	426233	431048	+	3.1387	NA	exon (NM_061333, exon 3 of 6)	exon (NM_061333, exon 3 of 6)	511	NM_061333	182873	Cel.25907	NM_061333		C24H12.11	-	hypothetical protein
MA2C_peak_7284	chrX	12080715	12087429	+	3.1331	NA	intron (NM_077618, intron 1 of 6)	intron (NM_077618, intron 1 of 6)	8934	NM_077618	181377	Cel.22854	NM_077618		W03G11.4	-	hypothetical protein
MA2C_peak_2255	chrII	9280166	9286691	+	3.1258	NA	Intergenic	Intergenic	-2469	NM_182118	174471	Cel.16006	NM_063577		tag-165	-	Temporarily Assigned Gene name
MA2C_peak_2207	chrII	8894961	8902760	+	3.1253	NA	intron (NM_001026726, intron 1 of 3)	intron (NM_001026726, intron 1 of 3)	2060	NM_001026726	174419	Cel.4926	NM_001026726		lat-1	-	LATrophilin receptor
MA2C_peak_7233	chrX	11338840	11343060	+	3.1221	NA	exon (NM_077497, exon 5 of 8)	exon (NM_077497, exon 5 of 8)	1150	NM_077497	181324	Cel.17233	NM_077497		aco-1	-	ACOnitase
MA2C_peak_2811	chrIII	885995	890003	+	3.1199	NA	Intergenic	Intergenic	-1223	NM_171078	175249	Cel.5931	NM_171078		zer-1	-	Zyg Eleven Related
MA2C_peak_4741	chrIV	9615347	9620046	+	3.1190	NA	intron (NM_001038347, intron 4 of 5)	intron (NM_001038347, intron 4 of 5)	1722	NM_001038347	177794	Cel.7646	NM_001038346		elt-1	-	Erythroid-Like Transcription factor family
MA2C_peak_3336	chrIII	6825634	6831485	+	3.1146	NA	Intergenic	Intergenic	-1770	NM_001027552	175953	Cel.10175	NM_001027552		ten-1	-	TENeurin
MA2C_peak_3147	chrIII	5180381	5184685	+	3.1119	NA	Intergenic	Intergenic	-3344	NM_065699	175708	Cel.16787	NM_065699		pup-2	-	Poly(U) Polymerase
MA2C_peak_4419	chrIV	5502477	5507913	+	3.1098	NA	intron (NM_068421, intron 2 of 5)	intron (NM_068421, intron 2 of 5)	11057	NM_068422	177334	Cel.18168	NM_068421		unc-5	-	UNCoordinated
MA2C_peak_6341	chrV	20417099	20421518	+	3.1042	NA	Intergenic	Intergenic	-1381	NM_001028776	3565253	Cel.24789	NM_001028776		fce-2	-	Farnesylated-proteins Converting Enzyme (FACE) family
MA2C_peak_6527	chrX	2551250	2555212	+	3.1035	NA	promoter-TSS (NM_076060)	promoter-TSS (NM_076060)	-995	NM_076060	180557	Cel.921	NM_076060		aat-3	-	Amino Acid Transporter
MA2C_peak_6921	chrX	7458288	7463789	+	3.0953	NA	intron (NM_171725, intron 1 of 5)	intron (NM_171725, intron 1 of 5)	2646	NM_171725	181002	Cel.17061	NM_171725		sox-2	-	SOX (mammalian SRY box) family
MA2C_peak_3867	chrIII	11905941	11910390	+	3.0924	NA	promoter-TSS (NM_067144)	promoter-TSS (NM_067144)	-684	NM_067146	190328	Cel.9664	NM_067146		fbxb-24	-	F-box B protein
MA2C_peak_5171	chrIV	16862091	16866583	+	3.0865	NA	promoter-TSS (NM_070597)	promoter-TSS (NM_070597)	-935	NM_070597	178469	Cel.7369	NM_070597		mel-46	-	Maternal Effect Lethal
MA2C_peak_5160	chrIV	16488229	16495638	+	3.0865	NA	Intergenic	CT-rich|Low_complexity|Low_complexity	2536	NM_070559	190145	Cel.28255	NM_070559		Y51H4A.2	-	hypothetical protein
MA2C_peak_339	chrI	4197816	4201817	+	3.0855	NA	intron (NM_058924, intron 8 of 8)	intron (NM_058924, intron 8 of 8)	-2603	NM_058925	353382	Cel.34605	NM_058925		C18E3.4	-	hypothetical protein
MA2C_peak_6368	chrV	20744530	20755689	+	3.0840	NA	promoter-TSS (NM_001047650)	promoter-TSS (NM_001047650)	-619	NM_001047650	180357	Cel.17389	NM_001047649		pha-4	-	defective PHArynx development
MA2C_peak_7338	chrX	13008132	13013681	+	3.0837	NA	exon (NM_001029380, exon 7 of 11)	exon (NM_001029380, exon 7 of 11)	2491	NM_001029379	181432	Cel.7338	NM_001029379		nhr-25	-	Nuclear Hormone Receptor family
MA2C_peak_265	chrI	3265162	3269168	+	3.0777	NA	promoter-TSS (NM_058732)	promoter-TSS (NM_058732)	70	NM_058733	171901	Cel.17603	NM_058733		nol-5	-	NucleOLar protein
MA2C_peak_1999	chrII	6841657	6846055	+	3.0737	NA	intron (NM_001026741, intron 1 of 3)	intron (NM_001026741, intron 1 of 3)	1509	NM_001026741	174121	Cel.17167	NM_001026740		egl-27	-	EGg Laying defective
MA2C_peak_5349	chrV	3443122	3449729	+	3.0719	NA	Intergenic	CELE46A|DNA|DNA	-1550	NM_071563	178768	Cel.6721	NM_071563		cfz-2	-	Caenorhabditis FriZzled homolog
MA2C_peak_957	chrI	10107120	10112244	+	3.0659	NA	promoter-TSS (NM_060264)	promoter-TSS (NM_060264)	-694	NM_060264	190915	Cel.22939	NM_060264		Y106G6D.1	-	hypothetical protein
MA2C_peak_3323	chrIII	6602475	6608801	+	3.0640	NA	TTS (NM_066056)	TTS (NM_066056)	2415	NM_066056	175936	Cel.5076	NM_066056		mdh-1	-	Malate DeHydrogenase
MA2C_peak_828	chrI	9075868	9080740	+	3.0606	NA	intron (NM_060039, intron 7 of 7)	intron (NM_060039, intron 7 of 7)	1711	NM_060039	172730	Cel.31947	NM_060039		T06D10.2	-	hypothetical protein
MA2C_peak_4297	chrIV	3762902	3768052	+	3.0584	NA	intron (NM_068011, intron 1 of 3)	intron (NM_068011, intron 1 of 3)	1344	NM_068011	177140	Cel.19532	NM_068011		vab-2	-	Variable ABnormal morphology
MA2C_peak_6864	chrX	6740003	6744652	+	3.0575	NA	promoter-TSS (NM_076735)	promoter-TSS (NM_076735)	-21	NM_076735	180942	Cel.17925	NM_076735		mdl-1	-	MAD-Like
MA2C_peak_3154	chrIII	5206682	5210658	+	3.0558	NA	intron (NM_065704, intron 2 of 5)	intron (NM_065704, intron 2 of 5)	492	NM_065704	175712	Cel.33658	NM_065704		syn-16	-	SYNtaxin
MA2C_peak_2757	chrIII	142392	147691	+	3.0418	NA	promoter-TSS (NM_064755)	promoter-TSS (NM_064755)	-250	NM_064755	188567	Cel.35628	NM_064755		fbxb-83	-	F-box B protein
MA2C_peak_5761	chrV	10202135	10206235	+	3.0406	NA	promoter-TSS (NM_073222)	promoter-TSS (NM_073222)	620	NM_073223	179417	Cel.1265	NM_073223		ZK856.11	-	hypothetical protein
MA2C_peak_1958	chrII	6409057	6413914	+	3.0362	NA	Intergenic	Intergenic	-1253	NM_062891	174064	Cel.14281	NM_062891		T25D10.4	-	hypothetical protein
MA2C_peak_6700	chrX	4747510	4752210	+	3.0356	NA	promoter-TSS (NM_076411)	promoter-TSS (NM_076411)	-807	NM_076411	180750	Cel.6677	NM_076411		lon-2	-	LONg
MA2C_peak_6704	chrX	4797656	4803346	+	3.0328	NA	promoter-TSS (NM_001029489)	promoter-TSS (NM_001029489)	-403	NM_001029489	180755	Cel.19567	NM_001029489		mig-13	-	abnormal cell MIGration
MA2C_peak_873	chrI	9443455	9448304	+	3.0225	NA	intron (NM_060107, intron 1 of 4)	intron (NM_060107, intron 1 of 4)	4844	NM_060107	172771	Cel.18412	NM_060107		mec-8	-	MEChanosensory abnormality
MA2C_peak_819	chrI	8975237	8988353	+	3.0196	NA	exon (NM_060016, exon 7 of 11)	exon (NM_060016, exon 7 of 11)	4719	NM_060016	172715	Cel.18801	NM_060016		fasn-1	-	Fatty Acid SyNthase
MA2C_peak_1220	chrI	13409273	13413573	+	3.0125	NA	promoter-TSS (NM_060958)	promoter-TSS (NM_060958)	16	NM_060958	182049	Cel.29017	NM_060958		C01A2.1	-	hypothetical protein
MA2C_peak_4945	chrIV	12042791	12047104	+	3.0123	NA	intron (NM_001028207, intron 1 of 9)	intron (NM_001028207, intron 1 of 9)	-1468	NM_001028208	178140	Cel.17846	NM_001028206		T12G3.2	-	hypothetical protein
MA2C_peak_3541	chrIII	8686164	8691008	+	3.0074	NA	promoter-TSS (NM_066514)	promoter-TSS (NM_066514)	-222	NM_066514	176216	Cel.17698	NM_066514		B0303.3	-	hypothetical protein
MA2C_peak_6589	chrX	3311532	3320106	+	3.0054	NA	intron (NM_076171, intron 1 of 13)	intron (NM_076171, intron 1 of 13)	508	NM_076171	180622	Cel.17220	NM_076171		ddr-2	-	Discoidin Domain Receptor
MA2C_peak_2329	chrII	10072535	10077007	+	3.0037	NA	promoter-TSS (NM_063774)	promoter-TSS (NM_063774)	-406	NM_063774	174569	Cel.17208	NM_063774		die-1	-	Dorsal Intercalation and Elongation defect
MA2C_peak_4345	chrIV	4404040	4408248	+	2.9837	NA	promoter-TSS (NM_068157)	promoter-TSS (NM_068157)	-980	NM_068157	189532	Cel.12128	NM_068157		Y24D9A.7	-	hypothetical protein
MA2C_peak_1809	chrII	4901012	4905722	+	2.9816	NA	exon (NM_062492, exon 2 of 3)	exon (NM_062492, exon 2 of 3)	416	NM_062492	173846	Cel.7260	NM_062492		sgt-1	-	Small Glutamine-rich Tetratrico repeat protein
MA2C_peak_3993	chrIII	13255812	13259910	+	2.9776	NA	intron (NM_067329, intron 3 of 7)	intron (NM_067329, intron 3 of 7)	1102	NM_067329	176740	Cel.6941	NM_067329		F56A8.3	-	hypothetical protein
MA2C_peak_6603	chrX	3464568	3468575	+	2.9688	NA	promoter-TSS (NM_001029819)	promoter-TSS (NM_001029819)	-658	NM_001029819	180637	Cel.17401	NM_001029819		sax-3	-	Sensory AXon guidance
MA2C_peak_214	chrI	2705998	2710174	+	2.9660	NA	intron (NM_001026642, intron 1 of 8)	intron (NM_001026642, intron 1 of 8)	486	NM_001026642	171832	Cel.16308	NM_001026642		lin-17	-	abnormal cell LINeage
MA2C_peak_7364	chrX	13415851	13420423	+	2.9641	NA	TTS (NM_077834)	TTS (NM_077834)	1690	NM_077835	181464	Cel.11285	NM_077835		C29F7.3	-	hypothetical protein
MA2C_peak_7197	chrX	10921221	10927770	+	2.9581	NA	intron (NM_077425, intron 1 of 5)	intron (NM_077425, intron 1 of 5)	4416	NM_077425	181283	Cel.6718	NM_077425		dgn-1	-	DystroGlycaN
MA2C_peak_731	chrI	8044356	8050090	+	2.9563	NA	TTS (NM_001129020)	TTS (NM_001129020)	1008	NM_001129020	187007	Cel.18512	NM_001129020		K04G2.7	-	hypothetical protein
MA2C_peak_538	chrI	6207887	6211971	+	2.9493	NA	promoter-TSS (NM_059389)	promoter-TSS (NM_059389)	20	NM_059389	172310	Cel.18310	NM_059388		T08B2.7	-	hypothetical protein
MA2C_peak_1644	chrII	2769383	2775256	+	2.9342	NA	promoter-TSS (NM_061957)	promoter-TSS (NM_061957)	-53	NM_061957	184179	Cel.29054	NM_061957		sdz-10	-	SKN-1 Dependent Zygotic transcript
MA2C_peak_2083	chrII	7676116	7684066	+	2.9326	NA	intron (NM_001026922, intron 1 of 7)	intron (NM_001026922, intron 1 of 7)	-1800	NM_001026921	3565051	Cel.7943	NM_001026921		lin-26	-	abnormal cell LINeage
MA2C_peak_5873	chrV	11701828	11705777	+	2.9312	NA	intron (NM_073557, intron 3 of 4)	intron (NM_073557, intron 3 of 4)	1577	NM_073557	179603	Cel.19327	NM_073557		ceh-32	-	Homeobox
MA2C_peak_765	chrI	8457354	8462397	+	2.9234	NA	promoter-TSS (NM_059895)	promoter-TSS (NM_059895)	-343	NM_059895	172636	Cel.19023	NM_059895		unc-120	-	UNCoordinated
MA2C_peak_2136	chrII	8126090	8131189	+	2.9100	NA	Intergenic	Intergenic	-1251	NM_063302	174307	Cel.22587	NM_063302		ulp-4	-	Ubiquitin-Like Protease
MA2C_peak_6805	chrX	6018644	6022683	+	2.8973	NA	promoter-TSS (NM_076605)	promoter-TSS (NM_076605)	-767	NM_076605	180870	Cel.7611	NM_076605		C09B8.4	-	hypothetical protein
MA2C_peak_5489	chrV	5847609	5851737	+	2.8940	NA	Intergenic	Intergenic	-3969	NM_072126	178972	Cel.18016	NM_001028685		F26F12.3	-	hypothetical protein
MA2C_peak_2161	chrII	8479693	8484324	+	2.8844	NA	TTS (NM_063391)	TTS (NM_063391)	141	NM_063390	174357	Cel.7432	NM_063390		M05D6.5	-	hypothetical protein
MA2C_peak_677	chrI	7540872	7544859	+	2.8825	NA	promoter-TSS (NM_059710)	promoter-TSS (NM_059710)	-713	NM_059710	172507	Cel.21315	NM_059710		dcp-66	-	Deacetylase Complex Protein
MA2C_peak_4542	chrIV	7234218	7238356	+	2.8809	NA	Intergenic	Intergenic	-1425	NM_068746	183948	Cel.13217	NM_068746		elo-3	-	fatty acid ELOngation
MA2C_peak_3497	chrIII	8297295	8302929	+	2.8602	NA	promoter-TSS (NM_066420)	promoter-TSS (NM_066420)	-1	NM_066420	176168	Cel.10613	NM_001026077		mig-10	-	abnormal cell MIGration
MA2C_peak_5827	chrV	11211161	11215862	+	2.8595	NA	intron (NM_073445, intron 2 of 6)	intron (NM_073445, intron 2 of 6)	-4049	NM_073446	179550	Cel.2282	NM_073446		cyp-29A2	-	CYtochrome P450 family
MA2C_peak_49	chrI	440404	444561	+	2.8549	NA	Intergenic	Intergenic	-1520	NM_001025812	171635	Cel.23141	NM_001025812		tol-1	-	TOLl (Drosophila) family
MA2C_peak_6005	chrV	13390056	13394218	+	2.8527	NA	promoter-TSS (NM_182361)	promoter-TSS (NM_182361)	-762	NM_073919	179819	Cel.17852	NM_073919		somi-1	-	Suppressor of Overexpressed MIcro-RNA
MA2C_peak_2048	chrII	7193974	7197923	+	2.8497	NA	promoter-TSS (NM_063093)	promoter-TSS (NM_063093)	-268	NM_063093	174181	Cel.4898	NM_063093		maoc-1	-	MAO-C-like dehydratase domain
MA2C_peak_753	chrI	8326297	8330562	+	2.8372	NA	TTS (NM_059862)	TTS (NM_059862)	1212	NM_059862	172617	Cel.8711	NM_059862		rpl-25.2	-	Ribosomal Protein, Large subunit
MA2C_peak_6082	chrV	14500567	14504518	+	2.8362	NA	Intergenic	CELE11|DNA|Pogo	-5689	NM_074194	179956	Cel.6558	NM_074194		R02D5.1	-	hypothetical protein
MA2C_peak_978	chrI	10366302	10370501	+	2.8346	NA	intron (NM_001026295, intron 3 of 5)	intron (NM_001026295, intron 3 of 5)	1790	NM_001026294	172909	Cel.18713	NM_001026294		sptf-1	-	Specificity Protein) Transcription Factor
MA2C_peak_4958	chrIV	12214161	12218111	+	2.8327	NA	promoter-TSS (NM_069916)	promoter-TSS (NM_069916)	-177	NM_069916	178170	Cel.12536	NM_069916		phy-2	-	Proline HYdroxylase
MA2C_peak_3686	chrIII	9963420	9970580	+	2.8230	NA	intron (NM_066813, intron 1 of 4)	intron (NM_066813, intron 1 of 4)	6761	NM_066813	187782	Cel.10191	NM_066813		R10E12.2	-	hypothetical protein
MA2C_peak_1557	chrII	1686452	1692154	+	2.8181	NA	promoter-TSS (NM_061641)	promoter-TSS (NM_061641)	-128	NM_061641	186514	Cel.14932	NM_061641		fbxb-19	-	F-box B protein
MA2C_peak_3138	chrIII	5132543	5137204	+	2.7856	NA	intron (NM_065687, intron 1 of 4)	intron (NM_065687, intron 1 of 4)	1405	NM_065687	175698	Cel.8043	NM_065687		tbx-2	-	T BoX family
MA2C_peak_6676	chrX	4517535	4522536	+	2.7778	NA	intron (NM_076375, intron 1 of 6)	intron (NM_076375, intron 1 of 6)	986	NM_001029198	180723	Cel.11440	NM_001029198		C07A12.7	-	hypothetical protein
MA2C_peak_3417	chrIII	7622601	7626856	+	2.7760	NA	Intergenic	Intergenic	-1163	NM_066269	176076	Cel.9513	NM_066269		fbn-1	-	FiBrilliN homolog
MA2C_peak_5598	chrV	7741341	7748027	+	2.7626	NA	intron (NM_078408, intron 2 of 4)	intron (NM_078408, intron 2 of 4)	-4161	NM_072600	179151	Cel.2484	NM_072600		T05B11.1	-	hypothetical protein
MA2C_peak_3201	chrIII	5660429	5664538	+	2.7463	NA	Intergenic	Intergenic	-1446	NM_065815	186249	Cel.10429	NM_065815		F54E7.6	-	hypothetical protein
MA2C_peak_5244	chrV	724602	729051	+	2.7374	NA	exon (NM_070905, exon 3 of 5)	exon (NM_070905, exon 3 of 5)	1133	NM_070905	178583	Cel.18040	NM_001026196		gei-7	-	GEX Interacting protein
MA2C_peak_6340	chrV	20402985	20407658	+	2.7209	NA	intron (NM_075530, intron 1 of 8)	intron (NM_075530, intron 1 of 8)	548	NM_075530	180338	Cel.3430	NM_075530		F53H2.3	-	hypothetical protein
MA2C_peak_608	chrI	6883648	6887713	+	2.7190	NA	Intergenic	Intergenic	-2569	NM_001026454	188703	Cel.16725	NM_001026454		asd-2	-	Alternative Splicing Defective
MA2C_peak_748	chrI	8280456	8284398	+	2.7099	NA	exon (NM_059852, exon 2 of 6)	exon (NM_059852, exon 2 of 6)	447	NM_059852	187968	Cel.120	NM_059852		T01G9.3	-	hypothetical protein
MA2C_peak_1039	chrI	10814753	10819054	+	2.6953	NA	promoter-TSS (NM_060428)	promoter-TSS (NM_060428)	-446	NM_060428	183243	Cel.19153	NM_060428		C35E7.6	-	hypothetical protein
MA2C_peak_1868	chrII	5463158	5467413	+	2.6755	NA	Intergenic	Intergenic	-1053	NM_001027039	3565419	Cel.14960	NM_001027037		clr-1	-	CLeaR
MA2C_peak_6559	chrX	2920936	2924958	+	2.6685	NA	intron (NM_001029527, intron 1 of 3)	intron (NM_001029527, intron 1 of 3)	1026	NM_001029527	3564879	Cel.33173	NM_001029527		hst-3.2	-	Heparan SulphoTransferase
MA2C_peak_7430	chrX	14183173	14187235	+	2.6659	NA	intron (NM_077964, intron 1 of 5)	intron (NM_077964, intron 1 of 5)	315	NM_077964	181529	Cel.22767	NM_077964		ceh-36	-	Homeobox
MA2C_peak_6635	chrX	3970341	3975964	+	2.6383	NA	intron (NM_076286, intron 1 of 7)	intron (NM_076286, intron 1 of 7)	462	NM_076286	180682	Cel.6077	NM_076286		C16B8.4	-	hypothetical protein
MA2C_peak_7161	chrX	10501787	10507969	+	2.6300	NA	Intergenic	Intergenic	-4503	NM_001029399	181251	Cel.8982	NM_001029399		vab-3	-	Variable ABnormal morphology
MA2C_peak_5400	chrV	4487045	4497491	+	2.6192	NA	Intergenic	Intergenic	-5181	NM_001029001	178845	Cel.8113	NM_001028998		unc-62	-	UNCoordinated
MA2C_peak_3413	chrIII	7554659	7558765	+	2.5763	NA	intron (NM_066254, intron 1 of 2)	intron (NM_066254, intron 1 of 2)	1128	NM_066254	176069	Cel.6974	NM_066254		ceh-13	-	Homeobox
MA2C_peak_4470	chrIV	6125305	6130326	+	2.5734	NA	promoter-TSS (NM_001028142)	promoter-TSS (NM_001028142)	-529	NM_001028142	177375	Cel.6727	NM_001028142		M03D4.4	-	hypothetical protein
MA2C_peak_5458	chrV	5318238	5322222	+	2.5675	NA	promoter-TSS (NM_072018)	promoter-TSS (NM_072018)	-669	NM_072018	178919	Cel.4332	NM_072018		ceh-34	-	Homeobox
MA2C_peak_3492	chrIII	8277649	8282812	+	2.5583	NA	intron (NM_001026077, intron 1 of 10)	intron (NM_001026077, intron 1 of 10)	1202	NM_001026077	176168	Cel.10613	NM_001026077		mig-10	-	abnormal cell MIGration
MA2C_peak_1013	chrI	10606214	10611207	+	2.5538	NA	intron (NM_060374, intron 1 of 12)	intron (NM_060374, intron 1 of 12)	255	NM_060374	172952	Cel.19655	NM_060374		lam-3	-	LAMinin related.  See also lmb-
MA2C_peak_3100	chrIII	4804561	4808528	+	2.5321	NA	intron (NM_001026039, intron 5 of 5)	intron (NM_001026039, intron 5 of 5)	2129	NM_001026038	175638	Cel.18383	NM_001026038		pal-1	-	Posterior ALae in males
MA2C_peak_3896	chrIII	12136325	12141252	+	2.5252	NA	Intergenic	Intergenic	-8569	NM_067178	176645	Cel.65	NM_067178		Y75B8A.6	-	hypothetical protein
MA2C_peak_6424	chrX	850348	855029	+	2.5207	NA	Intergenic	Intergenic	-1181	NM_075765	180433	Cel.17316	NM_075765		igcm-1	-	ImmunoGlobulin-like Cell adhesion Molecule family
MA2C_peak_936	chrI	9940070	9944292	+	2.5092	NA	Intergenic	Intergenic	-3891	NM_060228	172850	Cel.5592	NM_060228		Y106G6A.1	-	hypothetical protein
MA2C_peak_2363	chrII	10552586	10556849	+	2.4813	NA	intron (NM_182124, intron 1 of 7)	intron (NM_182124, intron 1 of 7)	248	NM_182124	174623	Cel.7449	NM_063871		mnk-1	-	MAP kinase iNtegrating Kinase (MNK) homolog
MA2C_peak_4605	chrIV	8011169	8016774	+	2.4592	NA	promoter-TSS (NM_068940)	promoter-TSS (NM_068940)	-139	NM_068940	182930	Cel.13468	NM_068940		C26B2.8	-	hypothetical protein
MA2C_peak_7626	chrX	17235477	17239526	+	2.3635	NA	intron (NM_171815, intron 1 of 2)	intron (NM_171815, intron 1 of 2)	269	NM_171815	259737	Cel.25503	NM_171815		T25G12.11	-	hypothetical protein
MA2C_peak_3783	chrIII	10878937	10882927	+	2.3578	NA	promoter-TSS (NM_066995)	promoter-TSS (NM_066995)	-955	NM_066995	183435	Cel.10716	NM_066995		C44B9.3	-	hypothetical protein
MA2C_peak_6509	chrX	2427937	2432081	+	2.1658	NA	3' UTR (NM_076043, exon 7 of 7)	3' UTR (NM_076043, exon 7 of 7)	-2510	NM_001029717	191655	Cel.809	NM_001029717		gcy-31	-	Guanylyl CYclase
MA2C_peak_1995	chrII	6823357	6827288	+	1.6517	NA	Intergenic	T-rich|Low_complexity|Low_complexity	-2735	NM_062996	185155	Cel.26656	NM_062996		F31E8.1	-	hypothetical protein
