PeakID	Chr	Start	End	Strand	Peak Score	Focus Ratio/Region Size	Annotation	Detailed Annotation	Distance to TSS	Nearest PromoterID	Entrez ID	Nearest Unigene	Nearest Refseq	Nearest Ensembl	Gene Name	Gene Alias	Gene Description
MA2C_peak_1607	chrIII	9779471	9783513	+	4.9983	NA	promoter-TSS (NM_066765)	promoter-TSS (NM_066765)	341	NM_066764	176383	Cel.19685	NM_066764		vha-1	-	Vacuolar H ATPase
MA2C_peak_1218	chrIII	3503498	3506201	+	4.7333	NA	TTS (NM_001027515)	TTS (NM_001027515)	361	NM_065321	3564813	Cel.23339	NM_065321		M01F1.3	-	hypothetical protein
MA2C_peak_934	chrII	9053675	9057981	+	4.6843	NA	TTS (NM_063533)	TTS (NM_063533)	930	NM_063532	174442	Cel.14308	NM_063532		T24B8.2	-	hypothetical protein
MA2C_peak_1521	chrIII	8356018	8359270	+	4.5871	NA	promoter-TSS (NM_001027529)	promoter-TSS (NM_001027529)	-900	NM_001027528	176180	Cel.22996	NM_001027528		rfp-1	-	Ring Finger Protein, UBC associated
MA2C_peak_600	chrI	14755368	14761601	+	4.5243	NA	3' UTR (NM_061169, exon 5 of 5)	3' UTR (NM_061169, exon 5 of 5)	-1433	NM_061170	173342	Cel.18312	NM_061170		rps-26	-	Ribosomal Protein, Small subunit
MA2C_peak_1251	chrIII	4193455	4197394	+	4.5082	NA	TTS (NM_001083177)	TTS (NM_001083177)	1501	NM_001083176	175541	Cel.18091	NM_001083176		xbp-1	-	X-box Binding Protein homolog
MA2C_peak_2672	chrV	14684403	14688881	+	4.4493	NA	exon (NM_074225, exon 3 of 5)	exon (NM_074225, exon 3 of 5)	-1112	NM_074224	179970	Cel.4480	NM_074224		C47E8.4	-	hypothetical protein
MA2C_peak_1685	chrIII	11918222	11922121	+	4.4176	NA	promoter-TSS (NM_067152)	promoter-TSS (NM_067152)	-48	NM_067152	176625	Cel.17350	NM_067152		ccf-1	-	yeast CCR4 Associated Factor family
MA2C_peak_584	chrI	13950878	13953823	+	4.4157	NA	promoter-TSS (NM_061033)	promoter-TSS (NM_061033)	202	NM_061034	173260	Cel.8960	NM_061034		rps-6	-	Ribosomal Protein, Small subunit
MA2C_peak_1730	chrIII	13461750	13467073	+	4.4142	NA	promoter-TSS (NM_067384)	promoter-TSS (NM_067384)	-298	NM_067384	176775	Cel.17370	NM_067383		kel-3	-	KELch-repeat containing protein
MA2C_peak_163	chrI	4788001	4792150	+	4.3898	NA	TTS (NM_059050)	TTS (NM_059050)	2427	NM_059050	172096	Cel.16160	NM_059050		zig-7	-	2 (Zwei) IG-domain protein
MA2C_peak_2651	chrV	14010099	14013352	+	4.3788	NA	promoter-TSS (NR_003170)	promoter-TSS (NR_003170)	69	NR_003170	179897	Cel.17681	NM_001047669		F58E10.3	-	hypothetical protein
MA2C_peak_1067	chrII	11976854	11980987	+	4.3555	NA	intron (NM_001129179, intron 1 of 1)	intron (NM_001129179, intron 1 of 1)	538	NM_001129179	174837	Cel.7110	NM_001129179		Y17G7B.20	-	hypothetical protein
MA2C_peak_1978	chrIV	7923381	7927196	+	4.3279	NA	TTS (NM_068920)	TTS (NM_068920)	955	NM_068920	177582	Cel.20796	NM_068920		C49H3.3	-	hypothetical protein
MA2C_peak_218	chrI	6090939	6093888	+	4.3228	NA	promoter-TSS (NM_001129096)	promoter-TSS (NM_001129096)	-894	NM_001129096	172291	Cel.6155	NM_001129095		ZK484.1	-	hypothetical protein
MA2C_peak_2190	chrIV	13238709	13241597	+	4.3079	NA	promoter-TSS (NM_171422)	promoter-TSS (NM_171422)	375	NR_002385	178279	Cel.22878	NM_001047495		rpl-12	-	Ribosomal Protein, Large subunit
MA2C_peak_1994	chrIV	8430881	8434230	+	4.2736	NA	promoter-TSS (NM_069035)	promoter-TSS (NM_069035)	-465	NM_069035	177644	Cel.5820	NM_069035		T26A8.1	-	hypothetical protein
MA2C_peak_2400	chrV	7774630	7777586	+	4.2719	NA	promoter-TSS (NM_072605)	promoter-TSS (NM_072605)	-46	NM_072605	179153	Cel.8759	NM_072605		rpl-39	-	Ribosomal Protein, Large subunit
MA2C_peak_151	chrI	4583345	4586553	+	4.2381	NA	promoter-TSS (NM_058997)	promoter-TSS (NM_058997)	-165	NM_058998	172062	Cel.18345	NM_058998		rpl-24.1	-	Ribosomal Protein, Large subunit
MA2C_peak_76	chrI	2874766	2878597	+	4.2233	NA	promoter-TSS (NM_058660)	promoter-TSS (NM_058660)	-250	NM_058662	171854	Cel.6519	NM_058662		Y71F9AL.9	-	hypothetical protein
MA2C_peak_50	chrI	1831851	1836908	+	4.2195	NA	promoter-TSS (NM_058504)	promoter-TSS (NM_058504)	-503	NM_058504	171750	Cel.19696	NM_058504		rpl-27	-	Ribosomal Protein, Large subunit
MA2C_peak_819	chrII	7099182	7106984	+	4.2179	NA	exon (NM_063066, exon 5 of 8)	exon (NM_063066, exon 5 of 8)	-1981	NM_001027131	174164	Cel.14486	NM_001027131		mmaa-1	-	MethylMalonic Aciduria type A protein
MA2C_peak_2066	chrIV	10365478	10368777	+	4.2050	NA	promoter-TSS (NM_069511)	promoter-TSS (NM_069511)	635	NM_069512	177925	Cel.12478	NM_069512		R11A8.5	-	hypothetical protein
MA2C_peak_2677	chrV	15000339	15003738	+	4.1914	NA	promoter-TSS (NM_074290)	promoter-TSS (NM_074290)	38	NM_074290	179999	Cel.23500	NM_074290		fib-1	-	FIBrillarin family
MA2C_peak_2250	chrIV	17277303	17281606	+	4.1659	NA	exon (NM_070667, exon 2 of 4)	exon (NM_070667, exon 2 of 4)	542	NM_070667	178507	Cel.5111	NM_070667		hsp-1	-	Heat Shock Protein
MA2C_peak_2137	chrIV	11854261	11858614	+	4.1503	NA	promoter-TSS (NM_069845)	promoter-TSS (NM_069845)	-91	NM_069845	3564942	Cel.12975	NM_069845		ech-2	-	Enoyl-CoA Hydratase
MA2C_peak_869	chrII	8011885	8015434	+	4.1485	NA	intron (NM_063275, intron 3 of 7)	intron (NM_063275, intron 3 of 7)	912	NM_063275	174283	Cel.6440	NM_063275		DH11.2	-	hypothetical protein
MA2C_peak_1561	chrIII	9052002	9055557	+	4.1419	NA	promoter-TSS (NM_066602)	promoter-TSS (NM_066602)	-83	NM_066603	176279	Cel.10161	NM_066602		R107.5	-	hypothetical protein
MA2C_peak_279	chrI	7079555	7086382	+	4.1333	NA	Intergenic	Intergenic	-1447	NM_059604	172441	Cel.6620	NM_059604		F22D6.2	-	hypothetical protein
MA2C_peak_130	chrI	4137487	4140848	+	4.1315	NA	promoter-TSS (NM_058903)	promoter-TSS (NM_058903)	-214	NM_058903	171997	Cel.6044	NM_058903		E01A2.6	-	hypothetical protein
MA2C_peak_2	chrI	108513	112216	+	4.1275	NA	promoter-TSS (NM_058274)	promoter-TSS (NM_058274)	-307	NM_058274	171601	Cel.17482	NM_058274		rab-11.1	-	RAB family
MA2C_peak_838	chrII	7613595	7617370	+	4.1238	NA	promoter-TSS (NM_063197)	promoter-TSS (NM_063197)	-901	NM_063197	174233	Cel.34286	NM_063197		cdc-42	-	Cell Division Cycle related
MA2C_peak_274	chrI	7019656	7022805	+	4.1124	NA	promoter-TSS (NM_059594)	promoter-TSS (NM_059594)	-431	NM_059594	172433	Cel.17292	NM_059594		pdi-3	-	Protein Disulfide Isomerase
MA2C_peak_2458	chrV	9543311	9550412	+	4.1077	NA	promoter-TSS (NM_073065)	promoter-TSS (NM_073065)	-195	NM_073065	179341	Cel.17998	NM_073065		his-37	-	HIStone
MA2C_peak_1977	chrIV	7908449	7911648	+	4.0988	NA	promoter-TSS (NM_068916)	promoter-TSS (NM_068916)	-535	NM_171388	177580	Cel.13272	NM_171388		ntl-4	-	NOT-Like (yeast CCR4/NOT complex component)
MA2C_peak_713	chrII	4945099	4947798	+	4.0967	NA	promoter-TSS (NM_062506)	promoter-TSS (NM_062506)	435	NM_170985	173855	Cel.13780	NM_001027354		ZK546.2	-	hypothetical protein
MA2C_peak_2508	chrV	10893468	10897817	+	4.0946	NA	promoter-TSS (NM_001028704)	promoter-TSS (NM_001028704)	799	NM_073376	179509	Cel.3784	NM_073375		F32D8.5	-	hypothetical protein
MA2C_peak_261	chrI	6788654	6791522	+	4.0922	NA	promoter-TSS (NM_059543)	promoter-TSS (NM_059543)	-347	NM_059543	172401	Cel.20069	NM_059543		C37A2.7	-	hypothetical protein
MA2C_peak_486	chrI	10329736	10333914	+	4.0842	NA	TTS (NM_060307)	TTS (NM_060307)	963	NM_060307	172901	Cel.6314	NM_060307		rps-7	-	Ribosomal Protein, Small subunit
MA2C_peak_1805	chrIV	2387703	2390768	+	4.0795	NA	promoter-TSS (NM_067796)	promoter-TSS (NM_067796)	-206	NM_067797	177028	Cel.6713	NM_067797		trap-3	-	TRanslocon-Associated Protein
MA2C_peak_188	chrI	5428469	5431218	+	4.0709	NA	promoter-TSS (NM_001026250)	promoter-TSS (NM_001026250)	-6	NM_001026250	172195	Cel.9091	NM_001026249		atp-3	-	ATP synthase subunit
MA2C_peak_258	chrI	6755551	6758420	+	4.0688	NA	promoter-TSS (NM_170889)	promoter-TSS (NM_170889)	-636	NM_170889	172395	Cel.16629	NM_170888		hrpf-1	-	HnRNP F homolog
MA2C_peak_493	chrI	10434685	10437814	+	4.0551	NA	promoter-TSS (NM_001026539)	promoter-TSS (NM_001026539)	-5	NM_060327	172921	Cel.6902	NM_060327		rpl-30	-	Ribosomal Protein, Large subunit
MA2C_peak_2123	chrIV	11601759	11606009	+	4.0515	NA	TTS (NM_069785)	TTS (NM_069785)	1010	NM_069786	178084	Cel.12126	NM_069786		Y24F12A.2	-	hypothetical protein
MA2C_peak_1892	chrIV	5368193	5371141	+	4.0506	NA	promoter-TSS (NM_171339)	promoter-TSS (NM_171339)	-128	NM_171340	177319	Cel.17303	NM_171339		F41H10.3	-	hypothetical protein
MA2C_peak_698	chrII	4705207	4708057	+	4.0491	NA	promoter-TSS (NM_182184)	promoter-TSS (NM_182184)	-156	NM_182184	173810	Cel.16955	NM_062437		F10G7.9	-	hypothetical protein
MA2C_peak_1283	chrIII	4752631	4755420	+	4.0441	NA	promoter-TSS (NM_065577)	promoter-TSS (NM_065577)	22	NM_065577	175628	Cel.10142	NM_065577		rps-0	-	Ribosomal Protein, Small subunit
MA2C_peak_2061	chrIV	10174493	10177592	+	4.0360	NA	promoter-TSS (NM_069458)	promoter-TSS (NM_069458)	-608	NM_069458	177895	Cel.4889	NM_069458		rack-1	-	RACK1 (mammalian Receptor of Activated C Kinase) homolog
MA2C_peak_7	chrI	380764	383780	+	4.0340	NA	promoter-TSS (NM_058326)	promoter-TSS (NM_058326)	-367	NM_058326	266819	Cel.139	NM_058326		pqn-59	-	Prion-like-(Q/N-rich)-domain-bearing protein
MA2C_peak_12	chrI	534578	537827	+	4.0200	NA	promoter-TSS (NM_171831)	promoter-TSS (NM_171831)	408	NM_182046	171646	Cel.7722	NM_058348		Y65B4BR.5	-	hypothetical protein
MA2C_peak_2097	chrIV	11117529	11121439	+	4.0147	NA	promoter-TSS (NM_069678)	promoter-TSS (NM_069678)	168	NM_069679	178014	Cel.16874	NM_069679		T05E11.3	-	hypothetical protein
MA2C_peak_58	chrI	2069262	2072215	+	3.9987	NA	promoter-TSS (NM_058527)	promoter-TSS (NM_058527)	-127	NM_058526	171767	Cel.8701	NM_058526		Y37E3.8	-	hypothetical protein
MA2C_peak_1035	chrII	11451836	11454685	+	3.9926	NA	promoter-TSS (NM_064040)	promoter-TSS (NM_064040)	-389	NM_064040	174747	Cel.7900	NM_064040		rsp-2	-	SR Protein (splicing factor)
MA2C_peak_2024	chrIV	9320048	9322768	+	3.9861	NA	promoter-TSS (NM_069234)	promoter-TSS (NM_069234)	-340	NM_069234	177755	Cel.18202	NM_069234		F49C12.12	-	hypothetical protein
MA2C_peak_947	chrII	9282477	9287541	+	3.9811	NA	promoter-TSS (NM_182118)	promoter-TSS (NM_182118)	-888	NM_182118	174471	Cel.16006	NM_063577		tag-165	-	Temporarily Assigned Gene name
MA2C_peak_534	chrI	11929119	11931923	+	3.9792	NA	promoter-TSS (NM_060628)	promoter-TSS (NM_060628)	-194	NM_060628	173076	Cel.18323	NM_060628		R06C1.4	-	hypothetical protein
MA2C_peak_1920	chrIV	6322823	6325789	+	3.9751	NA	TTS (NM_068561)	TTS (NM_068561)	141	NM_001028402	177392	Cel.17870	NM_001028402		sqd-1	-	homologous to Drosophila SQD (squid) protein
MA2C_peak_459	chrI	9787036	9790092	+	3.9672	NA	promoter-TSS (NM_060200)	promoter-TSS (NM_060200)	-175	NM_060200	172832	Cel.23146	NM_060200		cco-1	-	Cytochrome C Oxidase
MA2C_peak_1372	chrIII	5938699	5941498	+	3.9645	NA	promoter-TSS (NM_171139)	promoter-TSS (NM_171139)	-95	NM_171139	175840	Cel.17821	NM_171139		ubq-1	-	UBiQuitin
MA2C_peak_1447	chrIII	7178301	7182101	+	3.9510	NA	promoter-TSS (NM_066171)	promoter-TSS (NM_066171)	23	NM_066172	176007	Cel.20089	NM_066172		rpl-36	-	Ribosomal Protein, Large subunit
MA2C_peak_907	chrII	8601466	8604480	+	3.9481	NA	promoter-TSS (NM_063421)	promoter-TSS (NM_063421)	71	NR_003407	4926904	Cel.34672	NR_003407		F28C6.11	-	ncRNA
MA2C_peak_1578	chrIII	9454199	9457554	+	3.9471	NA	promoter-TSS (NM_066678)	promoter-TSS (NM_066678)	39	NM_066678	176327	Cel.7479	NM_066678		rheb-1	-	RHEB (Ras Homolog Enriched in Brain) homolog
MA2C_peak_1867	chrIV	4444932	4447915	+	3.9367	NA	promoter-TSS (NM_068166)	promoter-TSS (NM_068166)	428	NM_068168	177212	Cel.17489	NM_068168		htz-1	-	HisTone variant H2AZ homolog
MA2C_peak_299	chrI	7472447	7475146	+	3.9318	NA	exon (NM_059697, exon 3 of 4)	exon (NM_059697, exon 3 of 4)	3146	NM_059697	172501	Cel.16662	NM_059697		T28F4.1	-	hypothetical protein
MA2C_peak_1346	chrIII	5678075	5680924	+	3.9308	NA	promoter-TSS (NM_065819)	promoter-TSS (NM_065819)	170	NR_003428	4926905	Cel.34673	NR_003428		F54E7.10	-	ncRNA
MA2C_peak_2094	chrIV	11080846	11084004	+	3.9284	NA	promoter-TSS (NM_069664)	promoter-TSS (NM_069664)	-200	NM_069664	178006	Cel.18192	NM_069664		let-70	-	LEThal
MA2C_peak_498	chrI	10551487	10555447	+	3.9246	NA	promoter-TSS (NM_060361)	promoter-TSS (NM_060361)	435	NM_060360	172939	Cel.8678	NM_060360		F25H2.5	-	hypothetical protein
MA2C_peak_1460	chrIII	7334609	7338116	+	3.9226	NA	promoter-TSS (NM_001027445)	promoter-TSS (NM_001027445)	-152	NM_001027445	3564807	Cel.24408	NM_001027445		gsp-2	-	yeast Glc Seven-like Phosphatases
MA2C_peak_2030	chrIV	9439015	9441965	+	3.9071	NA	intron (NM_069264, intron 1 of 2)	intron (NM_069264, intron 1 of 2)	294	NM_069264	177775	Cel.8903	NM_069264		F59B8.2	-	hypothetical protein
MA2C_peak_390	chrI	8812875	8817528	+	3.9070	NA	TTS (NM_059982)	TTS (NM_059982)	985	NM_059983	172693	Cel.8614	NM_059983		rps-15	-	Ribosomal Protein, Small subunit
MA2C_peak_1324	chrIII	5226879	5231105	+	3.9014	NA	exon (NM_065710, exon 3 of 5)	exon (NM_065710, exon 3 of 5)	618	NM_065710	175716	Cel.37995	NM_065710		atp-2	-	ATP synthase subunit
MA2C_peak_2659	chrV	14363119	14366818	+	3.9011	NA	Intergenic	Intergenic	2614	NR_003474	4926937		NR_003474		F56A12.6	-	ncRNA
MA2C_peak_2425	chrV	8605050	8607949	+	3.8974	NA	promoter-TSS (NM_072818)	promoter-TSS (NM_072818)	-397	NM_072818	179242	Cel.35845	NM_072818		F41E6.9	-	hypothetical protein
MA2C_peak_155	chrI	4644938	4648524	+	3.8967	NA	promoter-TSS (NR_003378)	promoter-TSS (NR_003378)	49	NR_003378	4926903		NR_003378		B0041.9	-	ncRNA
MA2C_peak_719	chrII	5054538	5057387	+	3.8962	NA	promoter-TSS (NM_062530)	promoter-TSS (NM_062530)	361	NM_062532	173873	Cel.8253	NM_062531		rpl-22	-	Ribosomal Protein, Large subunit
MA2C_peak_1993	chrIV	8377522	8380373	+	3.8947	NA	promoter-TSS (NR_003447)	promoter-TSS (NR_003447)	-24	NR_003447	4926947	Cel.34678	NR_003447		D2096.14	-	ncRNA
MA2C_peak_1239	chrIII	4016625	4020701	+	3.8902	NA	Intergenic	Intergenic	-1044	NM_065405	175519	Cel.10737	NM_065405		tbb-2	-	Tubulin, Beta
MA2C_peak_543	chrI	12651136	12654703	+	3.8866	NA	promoter-TSS (NM_060800)	promoter-TSS (NM_060800)	591	NM_001026356	173134	Cel.22874	NM_001026355		H28O16.1	-	hypothetical protein
MA2C_peak_264	chrI	6834920	6838884	+	3.8852	NA	exon (NM_059554, exon 2 of 3)	exon (NM_059554, exon 2 of 3)	513	NM_059554	172408	Cel.7612	NM_059554		K02F2.2	-	hypothetical protein
MA2C_peak_1527	chrIII	8445639	8448388	+	3.8830	NA	promoter-TSS (NM_066467)	promoter-TSS (NM_066467)	-185	NM_066467	176195	Cel.7695	NM_066467		Msi3p	-	hypothetical protein
MA2C_peak_1043	chrII	11544983	11547790	+	3.8773	NA	exon (NM_064067, exon 2 of 3)	exon (NM_064067, exon 2 of 3)	769	NM_064067	3564910	Cel.17614	NM_064067		dnj-13	-	DNaJ domain (prokaryotic heat shock protein)
MA2C_peak_446	chrI	9624468	9627178	+	3.8719	NA	promoter-TSS (NM_060154)	promoter-TSS (NM_060154)	-30	NM_060154	172805	Cel.5599	NM_060154		rps-19	-	Ribosomal Protein, Small subunit
MA2C_peak_1878	chrIV	4659035	4661734	+	3.8630	NA	promoter-TSS (NM_068207)	promoter-TSS (NM_068207)	-190	NM_068208	177231	Cel.18206	NM_068208		F29B9.11	-	hypothetical protein
MA2C_peak_1048	chrII	11632867	11637567	+	3.8594	NA	Intergenic	Intergenic	-1692	NM_064083	174782	Cel.9037	NM_001026897		din-1	-	DAF-12 Interacting Protein
MA2C_peak_2360	chrV	6224831	6229780	+	3.8540	NA	promoter-TSS (NM_072195)	promoter-TSS (NM_072195)	-312	NM_072195	3564781	Cel.23182	NM_072195		W06H8.6	-	hypothetical protein
MA2C_peak_1349	chrIII	5704979	5707978	+	3.8471	NA	promoter-TSS (NM_065830)	promoter-TSS (NM_065830)	-400	NM_065830	175796	Cel.8234	NM_065830		rpl-23	-	Ribosomal Protein, Large subunit
MA2C_peak_2142	chrIV	11952503	11955702	+	3.8456	NA	exon (NM_069866, exon 3 of 4)	exon (NM_069866, exon 3 of 4)	889	NM_069866	178130	Cel.17808	NM_069866		ZK829.4	-	hypothetical protein
MA2C_peak_3075	chrX	12169197	12171965	+	3.8451	NA	exon (NM_077634, exon 2 of 2)	exon (NM_077634, exon 2 of 2)	1025	NM_077634	181381	Cel.23191	NM_077634		F57G12.1	-	hypothetical protein
MA2C_peak_2227	chrIV	14822331	14827134	+	3.8253	NA	promoter-TSS (NM_070393)	promoter-TSS (NM_070393)	407	NM_070392	178407	Cel.17324	NM_070392		Y57G11C.15	-	hypothetical protein
MA2C_peak_2101	chrIV	11148049	11150799	+	3.8251	NA	promoter-TSS (NM_001083203)	promoter-TSS (NM_001083203)	54	NM_001083203	178020	Cel.18209	NM_001083203		F01G4.6	-	hypothetical protein
MA2C_peak_2404	chrV	7853530	7856679	+	3.8205	NA	intron (NM_171488, intron 1 of 8)	intron (NM_171488, intron 1 of 8)	130	NM_171488	179165	Cel.17532	NM_072623		C37C3.2	-	hypothetical protein
MA2C_peak_29	chrI	1155276	1158037	+	3.8047	NA	promoter-TSS (NM_170798)	promoter-TSS (NM_170798)	77	NM_170799	171692	Cel.9029	NM_170799		rpl-17	-	Ribosomal Protein, Large subunit
MA2C_peak_2377	chrV	6708202	6710923	+	3.8028	NA	promoter-TSS (NM_072299)	promoter-TSS (NM_072299)	-476	NM_072299	179063	Cel.17891	NM_072299		W02F12.5	-	hypothetical protein
MA2C_peak_1719	chrIII	13069204	13072503	+	3.8026	NA	5' UTR (NM_067309, exon 1 of 4)	5' UTR (NM_067309, exon 1 of 4)	213	NM_067309	176728	Cel.8055	NM_067309		Y39E4B.6	-	hypothetical protein
MA2C_peak_501	chrI	10565631	10569940	+	3.7947	NA	promoter-TSS (NM_060365)	promoter-TSS (NM_060365)	-96	NM_060365	172943	Cel.20069	NM_060365		rpa-0	-	Replication Protein A homolog
MA2C_peak_659	chrII	1319894	1323160	+	3.7754	NA	exon (NM_170974, exon 3 of 5)	exon (NM_170974, exon 3 of 5)	373	NM_170973	173512	Cel.17617	NM_170973		vig-1	-	VIG (Drosophila Vasa Intronic Gene) ortholog
MA2C_peak_2355	chrV	6098532	6101531	+	3.7716	NA	exon (NM_072174, exon 2 of 3)	exon (NM_072174, exon 2 of 3)	505	NM_072174	178997	Cel.4918	NM_072174		crt-1	-	CalReTiculin
MA2C_peak_850	chrII	7773995	7778353	+	3.7674	NA	exon (NM_171025, exon 3 of 8)	exon (NM_171025, exon 3 of 8)	1583	NM_171025	174254	Cel.17243	NM_171024		C06A8.1	-	hypothetical protein
MA2C_peak_456	chrI	9750956	9753986	+	3.7650	NA	Intergenic	Intergenic	-1641	NM_060190	172826	Cel.7689	NM_060190		sur-6	-	SUppressor of activated let-60 Ras
MA2C_peak_416	chrI	9163035	9165917	+	3.7650	NA	exon (NM_060056, exon 3 of 6)	exon (NM_060056, exon 3 of 6)	953	NM_060056	172743	Cel.17795	NM_060056		eft-2	-	Elongation FacTor
MA2C_peak_914	chrII	8785715	8789164	+	3.7588	NA	Intergenic	Intergenic	-3046	NM_063469	174406	Cel.18273	NM_063469		F07H5.13	-	hypothetical protein
MA2C_peak_946	chrII	9279562	9282474	+	3.7474	NA	promoter-TSS (NM_063576)	promoter-TSS (NM_063576)	-998	NM_063576	174470	Cel.22764	NM_063576		C01G6.5	-	hypothetical protein
MA2C_peak_1014	chrII	10924692	10930683	+	3.7376	NA	intron (NM_063952, intron 4 of 8)	intron (NM_063952, intron 4 of 8)	1204	NM_063952	174681	Cel.16853	NM_063952		R03D7.1	-	hypothetical protein
MA2C_peak_2375	chrV	6661957	6666912	+	3.7352	NA	intron (NM_182335, intron 6 of 12)	intron (NM_182335, intron 6 of 12)	1362	NM_072288	179056	Cel.2334	NM_001028960		pmp-5	-	Peroxisomal Membrane Protein related
MA2C_peak_1629	chrIII	10214425	10217290	+	3.7292	NA	TTS (NM_066864)	TTS (NM_066864)	681	NM_066863	176437	Cel.34779	NM_066863		cts-1	-	CiTrate Synthase
MA2C_peak_1883	chrIV	4747293	4751195	+	3.7228	NA	promoter-TSS (NM_068228)	promoter-TSS (NM_068228)	-241	NM_068228	177243	Cel.32687	NM_068228		cyc-2.1	-	CYtochrome C
MA2C_peak_2615	chrV	13083205	13087744	+	3.7224	NA	promoter-TSS (NM_001047628)	promoter-TSS (NM_001047628)	-701	NM_001047628	179793	Cel.4977	NM_001047628		C34B4.2	-	hypothetical protein
MA2C_peak_791	chrII	6587149	6590098	+	3.7222	NA	promoter-TSS (NM_062935)	promoter-TSS (NM_062935)	5	NM_062935	174090	Cel.18280	NM_062935		icd-1	-	Inhibitor of Cell Death
MA2C_peak_2543	chrV	11572986	11576151	+	3.7172	NA	intron (NM_073535, intron 4 of 7)	intron (NM_073535, intron 4 of 7)	1150	NM_073535	179589	Cel.2937	NM_073535		nhr-68	-	Nuclear Hormone Receptor family
MA2C_peak_1392	chrIII	6205239	6208605	+	3.7118	NA	promoter-TSS (NM_065947)	promoter-TSS (NM_065947)	177	NM_065948	175879	Cel.10141	NM_065948		rps-3	-	Ribosomal Protein, Small subunit
MA2C_peak_1839	chrIV	3645270	3649436	+	3.7084	NA	intron (NM_067990, intron 1 of 2)	intron (NM_067990, intron 1 of 2)	303	NM_067991	177126	Cel.22478	NM_067990		CC8.2	-	hypothetical protein
MA2C_peak_575	chrI	13652036	13655055	+	3.7058	NA	promoter-TSS (NM_060992)	promoter-TSS (NM_060992)	146	NM_060991	173235	Cel.20519	NM_060990		rpl-31	-	Ribosomal Protein, Large subunit
MA2C_peak_2051	chrIV	9915296	9917995	+	3.6845	NA	exon (NM_069384, exon 1 of 8)	exon (NM_069384, exon 1 of 8)	126	NM_069384	184940	Cel.13077	NM_069384		zbed-6	-	Zinc finger protein (BED class)
MA2C_peak_1274	chrIII	4560319	4563518	+	3.6819	NA	promoter-TSS (NM_065524)	promoter-TSS (NM_065524)	-787	NM_065523	175596	Cel.16921	NM_065523		pan-1	-	P-granule Associated Novel protein
MA2C_peak_195	chrI	5608656	5611485	+	3.6811	NA	TTS (NM_059241)	TTS (NM_059241)	209	NM_059240	172216	Cel.34864	NM_059240		vha-10	-	Vacuolar H ATPase
MA2C_peak_2324	chrV	4825401	4828187	+	3.6787	NA	promoter-TSS (NM_071890)	promoter-TSS (NM_071890)	-48	NM_071890	178873	Cel.22952	NM_071890		hsp-6	-	Heat Shock Protein
MA2C_peak_1230	chrIII	3863540	3869547	+	3.6716	NA	exon (NM_001026034, exon 6 of 6)	exon (NM_001026034, exon 6 of 6)	-1287	NM_001026085	175501	Cel.17929	NM_001026083		rpl-3	-	Ribosomal Protein, Large subunit
MA2C_peak_3174	chrX	15605740	15608889	+	3.6713	NA	promoter-TSS (NM_078171)	promoter-TSS (NM_078171)	-577	NM_078172	181650	Cel.17300	NM_078172		nipi-3	-	No Induction of Peptide after Drechmeria Infection
MA2C_peak_844	chrII	7679566	7683916	+	3.6607	NA	promoter-TSS (NM_001026921)	promoter-TSS (NM_001026921)	-150	NM_001026921	3565051	Cel.7943	NM_001026921		lin-26	-	abnormal cell LINeage
MA2C_peak_723	chrII	5277827	5280626	+	3.6470	NA	intron (NM_062589, intron 4 of 4)	intron (NM_062589, intron 4 of 4)	3072	NM_062590	173901	Cel.17797	NM_062589		pmt-1	-	Phosphoethanolamine MethyTransferase
MA2C_peak_957	chrII	9617948	9622197	+	3.6364	NA	intron (NM_171030, intron 6 of 7)	intron (NM_171030, intron 6 of 7)	-3027	NM_063670	188538	Cel.14360	NM_063670		coiled-coil	-	hypothetical protein
MA2C_peak_533	chrI	11909717	11913467	+	3.6311	NA	promoter-TSS (NM_060622)	promoter-TSS (NM_060622)	278	NM_060623	173072	Cel.36376	NM_060623		ubc-12	-	UBiquitin Conjugating enzyme
MA2C_peak_1047	chrII	11616201	11619900	+	3.6170	NA	exon (NM_182102, exon 1 of 5)	exon (NM_182102, exon 1 of 5)	1752	NM_182102	174782	Cel.9037	NM_001026897		din-1	-	DAF-12 Interacting Protein
MA2C_peak_2842	chrX	4144565	4147264	+	3.6102	NA	intron (NM_076303, intron 1 of 3)	intron (NM_076303, intron 1 of 3)	523	NM_076303	180689	Cel.17565	NM_076303		ZK470.2	-	hypothetical protein
MA2C_peak_2507	chrV	10888230	10891583	+	3.5882	NA	exon (NM_001028702, exon 3 of 8)	exon (NM_001028702, exon 3 of 8)	1066	NM_001028701	179506	Cel.22430	NM_001028701		F32D8.12	-	hypothetical protein
MA2C_peak_555	chrI	12965637	12969559	+	3.5822	NA	promoter-TSS (NM_001025879)	promoter-TSS (NM_001025879)	672	NM_060870	173168	Cel.23266	NM_060870		pbs-2	-	Proteasome Beta Subunit
MA2C_peak_289	chrI	7313513	7317836	+	3.5741	NA	Intergenic	Intergenic	-1397	NM_001128980	3565846	Cel.32713	NM_001128979		F13G3.10	-	hypothetical protein
MA2C_peak_1556	chrIII	8903453	8906134	+	3.5697	NA	promoter-TSS (NM_001027844)	promoter-TSS (NM_001027844)	-732	NM_001027848	176257	Cel.5846	NM_001027846		unc-32	-	UNCoordinated
MA2C_peak_174	chrI	5104377	5107081	+	3.5689	NA	promoter-TSS (NM_059118)	promoter-TSS (NM_059118)	478	NM_059119	172139	Cel.23223	NM_059119		pas-3	-	Proteasome Alpha Subunit
MA2C_peak_3070	chrX	11965162	11968232	+	3.5482	NA	exon (NM_077601, exon 3 of 5)	exon (NM_077601, exon 3 of 5)	793	NM_077601	181370	Cel.5591	NM_077601		sams-1	-	S-Adenosyl Methionine Synthetase
MA2C_peak_804	chrII	6888291	6892000	+	3.5465	NA	exon (NM_063008, exon 1 of 4)	exon (NM_063008, exon 1 of 4)	210	NM_063008	174128	Cel.17877	NM_063008		C44B7.10	-	hypothetical protein
MA2C_peak_877	chrII	8124230	8128789	+	3.5300	NA	Intergenic	Intergenic	-1739	NM_063300	174305	Cel.24223	NM_063300		ire-1	-	IRE1 kinase related
MA2C_peak_2118	chrIV	11520342	11525394	+	3.5237	NA	TTS (NM_069771)	TTS (NM_069771)	1596	NM_069771	187434	Cel.12578	NM_069771		gfl-1	-	human GAS41-Like
MA2C_peak_1022	chrII	11124990	11127749	+	3.5090	NA	promoter-TSS (NM_063983)	promoter-TSS (NM_063983)	-77	NM_063983	174699	Cel.18245	NM_063983		rps-9	-	Ribosomal Protein, Small subunit
MA2C_peak_2430	chrV	8662512	8666761	+	3.4993	NA	Intergenic	Intergenic	-1406	NM_072832	179248	Cel.8994	NM_072832		ZC190.4	-	hypothetical protein
MA2C_peak_2641	chrV	13652878	13656777	+	3.4962	NA	promoter-TSS (NM_073979)	promoter-TSS (NM_073979)	-716	NM_073979	179853	Cel.8828	NM_073979		H37A05.1	-	hypothetical protein
MA2C_peak_2122	chrIV	11593087	11596138	+	3.4938	NA	promoter-TSS (NM_001129307)	promoter-TSS (NM_001129307)	-54	NM_001129307	178082	Cel.5312	NM_001129307		F40F11.2	-	hypothetical protein
MA2C_peak_1772	chrIV	1054093	1057508	+	3.4581	NA	exon (NM_067630, exon 2 of 4)	exon (NM_067630, exon 2 of 4)	513	NM_067630	176925	Cel.17765	NM_067630		Y55F3AM.13	-	hypothetical protein
MA2C_peak_1956	chrIV	7390182	7393831	+	3.4519	NA	Intergenic	Intergenic	-1199	NM_068779	177512	Cel.17837	NM_068779		C48A7.2	-	hypothetical protein
MA2C_peak_2368	chrV	6514956	6517694	+	3.4478	NA	exon (NM_182353, exon 1 of 2)	exon (NM_182353, exon 1 of 2)	184	NM_182354	179041	Cel.23462	NM_072255		F46E10.10	-	hypothetical protein
MA2C_peak_1336	chrIII	5502915	5505753	+	3.4382	NA	intron (NM_181947, intron 1 of 4)	intron (NM_181947, intron 1 of 4)	2486	NM_181946	175757	Cel.22706	NM_065774		R02F2.1	-	hypothetical protein
MA2C_peak_306	chrI	7518289	7521188	+	3.3721	NA	Intergenic	Intergenic	-2374	NM_059707	172505	Cel.17339	NM_059707		goa-1	-	G protein,O, Alpha subunit
MA2C_peak_870	chrII	8015639	8019041	+	3.3679	NA	promoter-TSS (NM_063276)	promoter-TSS (NM_063276)	-271	NM_063276	174284	Cel.5766	NM_063276		zyg-11	-	ZYGote defective: embryonic lethal
MA2C_peak_709	chrII	4903117	4906023	+	3.3669	NA	promoter-TSS (NM_062492)	promoter-TSS (NM_062492)	-428	NM_001027094	173847	Cel.7366	NM_001027094		R05F9.1	-	hypothetical protein
MA2C_peak_1461	chrIII	7356783	7360099	+	3.3492	NA	promoter-TSS (NM_066225)	promoter-TSS (NM_066225)	555	NM_066224	176046	Cel.5056	NM_066224		F08F8.4	-	hypothetical protein
MA2C_peak_2155	chrIV	12120936	12124089	+	3.3402	NA	promoter-TSS (NM_001083228)	promoter-TSS (NM_001083228)	-613	NM_001083228	178157	Cel.4924	NM_001083228		aly-3	-	Ref/ALY RNA export adaptor family
MA2C_peak_2553	chrV	11818139	11823244	+	3.3392	NA	intron (NM_073576, intron 5 of 9)	intron (NM_073576, intron 5 of 9)	1815	NM_073576	179616	Cel.22714	NM_073576		pyc-1	-	PYruvate Carboxylase
MA2C_peak_1081	chrII	12677300	12680302	+	3.3273	NA	promoter-TSS (NM_064306)	promoter-TSS (NM_064306)	-143	NM_064306	174898	Cel.14094	NM_064306		Y38E10A.24	-	hypothetical protein
MA2C_peak_2260	chrV	126247	129049	+	3.3190	NA	promoter-TSS (NM_070737)	promoter-TSS (NM_070737)	304	NM_070738	178541	Cel.17966	NM_070738		W03F9.2	-	hypothetical protein
MA2C_peak_1953	chrIV	7312381	7315089	+	3.3145	NA	TTS (NM_068768)	TTS (NM_068768)	115	NM_068766	177503	Cel.20547	NM_068766		rps-8	-	Ribosomal Protein, Small subunit
MA2C_peak_1305	chrIII	5016485	5019351	+	3.3139	NA	promoter-TSS (NM_001047403)	promoter-TSS (NM_001047403)	-305	NM_001047403	175680	Cel.23170	NM_001047402		larp-1	-	LARP (RNA binding La related protein) homolog
MA2C_peak_2479	chrV	10201835	10205935	+	3.3123	NA	promoter-TSS (NM_073222)	promoter-TSS (NM_073222)	-428	NM_073222	179415	Cel.35602	NM_073222		ZK856.8	-	hypothetical protein
MA2C_peak_3056	chrX	11473562	11476261	+	3.3030	NA	intron (NM_077515, intron 1 of 9)	intron (NM_077515, intron 1 of 9)	-5392	NM_077516	181337	Cel.663	NM_077515		lin-14	-	abnormal cell LINeage
MA2C_peak_911	chrII	8743003	8747302	+	3.2976	NA	intron (NM_063459, intron 2 of 7)	intron (NM_063459, intron 2 of 7)	1145	NM_063459	174398	Cel.8693	NM_001027067		K08F8.1	-	hypothetical protein
MA2C_peak_462	chrI	9852653	9855610	+	3.2116	NA	Intergenic	Intergenic	-2348	NM_060208	172837	Cel.17284	NM_060208		K10C3.2	-	hypothetical protein
MA2C_peak_1060	chrII	11842490	11845603	+	3.1872	NA	intron (NM_064128, intron 4 of 7)	intron (NM_064128, intron 4 of 7)	1513	NM_064128	174820	Cel.17585	NM_064128		T27D12.1	-	hypothetical protein
MA2C_peak_3112	chrX	13938024	13941038	+	3.1258	NA	intron (NM_077920, intron 2 of 5)	intron (NM_077920, intron 2 of 5)	866	NM_077920	181503	Cel.19576	NM_077920		elt-3	-	Erythroid-Like Transcription factor family
MA2C_peak_366	chrI	8450353	8453102	+	3.0619	NA	promoter-TSS (NM_059894)	promoter-TSS (NM_059894)	-740	NM_059894	172635	Cel.22970	NM_059894		F10D11.6	-	hypothetical protein
MA2C_peak_1163	chrIII	886395	889201	+	2.9522	NA	Intergenic	Intergenic	-1022	NM_171078	175249	Cel.5931	NM_171078		zer-1	-	Zyg Eleven Related
MA2C_peak_2367	chrV	6511714	6514463	+	2.7529	NA	intron (NM_072254, intron 2 of 6)	intron (NM_072254, intron 2 of 6)	-1696	NM_072253	179039	Cel.3544	NM_072253		ubh-1	-	UBiquitin C-terminal Hydrolase (family 1)
