PeakID	Chr	Start	End	Strand	Peak Score	Focus Ratio/Region Size	Annotation	Detailed Annotation	Distance to TSS	Nearest PromoterID	Entrez ID	Nearest Unigene	Nearest Refseq	Nearest Ensembl	Gene Name	Gene Alias	Gene Description
MA2C_peak_2153	chrIV	13776648	13780298	+	4.8500	NA	promoter-TSS (NM_001047571)	promoter-TSS (NM_001047571)	-361	NM_001047571	178343	Cel.6680	NM_001047571		gly-10	-	GLYcosylation related
MA2C_peak_1037	chrII	11975454	11981137	+	4.8251	NA	promoter-TSS (NM_182170)	promoter-TSS (NM_182170)	-721	NM_182170	259466	Cel.21919	NM_182170		Y17G7B.21	-	hypothetical protein
MA2C_peak_488	chrI	10432685	10438014	+	4.7887	NA	promoter-TSS (NM_060327)	promoter-TSS (NM_060327)	461	NM_001026540	172920	Cel.17753	NM_001026538		pab-1	-	PolyA Binding protein
MA2C_peak_551	chrI	12902809	12906211	+	4.7465	NA	promoter-TSS (NM_060852)	promoter-TSS (NM_060852)	51	NM_060853	173158	Cel.6396	NM_060853		car-1	-	Cytokinesis, Apoptosis, RNA-associated
MA2C_peak_2061	chrIV	11080746	11084955	+	4.6911	NA	promoter-TSS (NM_069664)	promoter-TSS (NM_069664)	-625	NM_069664	178006	Cel.18192	NM_069664		let-70	-	LEThal
MA2C_peak_1575	chrIII	9779171	9783720	+	4.6866	NA	promoter-TSS (NM_066765)	promoter-TSS (NM_066765)	294	NM_066764	176383	Cel.19685	NM_066764		vha-1	-	Vacuolar H ATPase
MA2C_peak_117	chrI	4137187	4141248	+	4.6795	NA	promoter-TSS (NM_058903)	promoter-TSS (NM_058903)	-264	NM_058903	171997	Cel.6044	NM_058903		E01A2.6	-	hypothetical protein
MA2C_peak_2096	chrIV	11601609	11606259	+	4.6445	NA	TTS (NM_069785)	TTS (NM_069785)	960	NM_069786	178084	Cel.12126	NM_069786		Y24F12A.2	-	hypothetical protein
MA2C_peak_1647	chrIII	11918072	11922412	+	4.6427	NA	promoter-TSS (NM_067152)	promoter-TSS (NM_067152)	-119	NM_067152	176625	Cel.17350	NM_067152		ccf-1	-	yeast CCR4 Associated Factor family
MA2C_peak_815	chrII	7613845	7617370	+	4.6173	NA	promoter-TSS (NM_063197)	promoter-TSS (NM_063197)	-776	NM_063197	174233	Cel.34286	NM_063197		cdc-42	-	Cell Division Cycle related
MA2C_peak_2457	chrV	10963728	10968327	+	4.6010	NA	promoter-TSS (NM_073398)	promoter-TSS (NM_073398)	285	NM_001047635	179522	Cel.9049	NM_001047635		F17C11.9	-	hypothetical protein
MA2C_peak_1184	chrIII	3502498	3506151	+	4.5979	NA	promoter-TSS (NM_065320)	promoter-TSS (NM_065320)	-730	NM_065320	175455	Cel.23339	NM_065320		rpl-16	-	Ribosomal Protein, Large subunit
MA2C_peak_1694	chrIII	13461550	13467023	+	4.5929	NA	promoter-TSS (NM_067384)	promoter-TSS (NM_067384)	-423	NM_067384	176775	Cel.17370	NM_067383		kel-3	-	KELch-repeat containing protein
MA2C_peak_2595	chrV	14684424	14688631	+	4.5859	NA	promoter-TSS (NM_074224)	promoter-TSS (NM_074224)	-997	NM_074224	179970	Cel.4480	NM_074224		C47E8.4	-	hypothetical protein
MA2C_peak_290	chrI	7079581	7086382	+	4.5831	NA	Intergenic	Intergenic	-1460	NM_059604	172441	Cel.6620	NM_059604		F22D6.2	-	hypothetical protein
MA2C_peak_485	chrI	10329886	10333964	+	4.5712	NA	TTS (NM_060307)	TTS (NM_060307)	1063	NM_060307	172901	Cel.6314	NM_060307		rps-7	-	Ribosomal Protein, Small subunit
MA2C_peak_401	chrI	8812825	8817628	+	4.5456	NA	TTS (NM_059982)	TTS (NM_059982)	960	NM_059983	172693	Cel.8614	NM_059983		rps-15	-	Ribosomal Protein, Small subunit
MA2C_peak_902	chrII	9053675	9057981	+	4.5440	NA	TTS (NM_063533)	TTS (NM_063533)	930	NM_063532	174442	Cel.14308	NM_063532		T24B8.2	-	hypothetical protein
MA2C_peak_2348	chrV	7774580	7778186	+	4.5398	NA	promoter-TSS (NM_072605)	promoter-TSS (NM_072605)	-174	NM_072606	179154	Cel.8580	NM_072606		rps-30	-	Ribosomal Protein, Small subunit
MA2C_peak_1424	chrIII	7177780	7183501	+	4.5364	NA	promoter-TSS (NM_066173)	promoter-TSS (NM_066173)	-19	NM_066173	176008	Cel.19963	NM_066173		F37C12.3	-	hypothetical protein
MA2C_peak_2170	chrIV	14822231	14827386	+	4.5327	NA	promoter-TSS (NM_070393)	promoter-TSS (NM_070393)	331	NM_070392	178407	Cel.17324	NM_070392		Y57G11C.15	-	hypothetical protein
MA2C_peak_47	chrI	2068412	2072644	+	4.5236	NA	promoter-TSS (NM_170818)	promoter-TSS (NM_170818)	81	NM_058527	171767	Cel.8701	NM_058526		Y37E3.8	-	hypothetical protein
MA2C_peak_1663	chrIII	12606516	12609848	+	4.5217	NA	promoter-TSS (NM_067242)	promoter-TSS (NM_067242)	165	NM_067241	176679	Cel.8438	NM_067241		epc-1	-	Enhancer of PolyComb-like
MA2C_peak_876	chrII	8601416	8604680	+	4.5201	NA	promoter-TSS (NM_063421)	promoter-TSS (NM_063421)	146	NR_003407	4926904	Cel.34672	NR_003407		F28C6.11	-	ncRNA
MA2C_peak_4	chrI	108313	112836	+	4.5042	NA	promoter-TSS (NM_058274)	promoter-TSS (NM_058274)	-462	NM_058275	171602	Cel.18647	NM_058275		rpl-7	-	Ribosomal Protein, Large subunit
MA2C_peak_287	chrI	7019606	7022905	+	4.4889	NA	promoter-TSS (NM_059594)	promoter-TSS (NM_059594)	-456	NM_059594	172433	Cel.17292	NM_059594		pdi-3	-	Protein Disulfide Isomerase
MA2C_peak_1535	chrIII	9051352	9057737	+	4.4844	NA	promoter-TSS (NM_066602)	promoter-TSS (NM_066602)	-418	NM_066604	176280	Cel.7456	NM_066604		cls-2	-	CLASP family of microtubule-binding proteins
MA2C_peak_69	chrI	2874544	2879166	+	4.4772	NA	promoter-TSS (NM_058660)	promoter-TSS (NM_058660)	-76	NM_058662	171854	Cel.6519	NM_058662		Y71F9AL.9	-	hypothetical protein
MA2C_peak_419	chrI	9162964	9169217	+	4.4736	NA	exon (NM_060056, exon 5 of 6)	exon (NM_060056, exon 5 of 6)	-2334	NM_001026241	172744	Cel.17414	NM_001026240		F25H5.3	-	hypothetical protein
MA2C_peak_1935	chrIV	7908499	7911848	+	4.4710	NA	promoter-TSS (NM_068916)	promoter-TSS (NM_068916)	-410	NM_171388	177580	Cel.13272	NM_171388		ntl-4	-	NOT-Like (yeast CCR4/NOT complex component)
MA2C_peak_139	chrI	4582995	4586795	+	4.4667	NA	promoter-TSS (NM_058997)	promoter-TSS (NM_058997)	-219	NM_058998	172062	Cel.18345	NM_058998		rpl-24.1	-	Ribosomal Protein, Large subunit
MA2C_peak_796	chrII	7103182	7107184	+	4.4661	NA	promoter-TSS (NM_063066)	promoter-TSS (NM_063066)	-57	NM_063066	174165	Cel.5125	NM_063066		farl-11	-	FAR (Factor ARrest) Like
MA2C_peak_447	chrI	9622518	9627278	+	4.4641	NA	TTS (NM_060153)	TTS (NM_060153)	895	NM_060154	172805	Cel.5599	NM_060154		rps-19	-	Ribosomal Protein, Small subunit
MA2C_peak_1957	chrIV	8376642	8380882	+	4.4615	NA	TTS (NR_003447)	TTS (NR_003447)	161	NR_003447	4926947	Cel.34678	NR_003447		D2096.14	-	ncRNA
MA2C_peak_1180	chrIII	3394942	3399537	+	4.4601	NA	promoter-TSS (NM_001047393)	promoter-TSS (NM_001047393)	-490	NM_001047393	175442	Cel.10379	NM_001047393		F59A2.4	-	hypothetical protein
MA2C_peak_2169	chrIV	14795283	14799082	+	4.4590	NA	promoter-TSS (NM_001083268)	promoter-TSS (NM_001083268)	293	NM_001129349	178404	Cel.18159	NM_001129349		nuo-3	-	NADH Ubiquinone Oxidoreductase
MA2C_peak_1325	chrIII	5704579	5708378	+	4.4572	NA	promoter-TSS (NM_065830)	promoter-TSS (NM_065830)	-400	NM_065830	175796	Cel.8234	NM_065830		rpl-23	-	Ribosomal Protein, Large subunit
MA2C_peak_1300	chrIII	5226479	5231055	+	4.4490	NA	exon (NM_065710, exon 3 of 5)	exon (NM_065710, exon 3 of 5)	393	NM_065710	175716	Cel.37995	NM_065710		atp-2	-	ATP synthase subunit
MA2C_peak_253	chrI	6553003	6556281	+	4.4466	NA	promoter-TSS (NM_059488)	promoter-TSS (NM_059488)	-88	NM_059489	172371	Cel.19732	NM_059489		tre-1	-	TREhalase
MA2C_peak_673	chrII	4705057	4709057	+	4.4394	NA	promoter-TSS (NM_182184)	promoter-TSS (NM_182184)	256	NM_062438	173811	Cel.15459	NM_062438		tsn-1	-	Tudor Staphylococcal Nuclease homolog
MA2C_peak_497	chrI	10565631	10570635	+	4.4369	NA	promoter-TSS (NM_060366)	promoter-TSS (NM_060366)	252	NM_060365	172943	Cel.20069	NM_060365		rpa-0	-	Replication Protein A homolog
MA2C_peak_1219	chrIII	4193255	4197620	+	4.3909	NA	TTS (NM_001083177)	TTS (NM_001083177)	1514	NM_001083176	175541	Cel.18091	NM_001083176		xbp-1	-	X-box Binding Protein homolog
MA2C_peak_1440	chrIII	7334159	7338366	+	4.3780	NA	promoter-TSS (NM_001027445)	promoter-TSS (NM_001027445)	-252	NM_001027445	3564807	Cel.24408	NM_001027445		gsp-2	-	yeast Glc Seven-like Phosphatases
MA2C_peak_101	chrI	3786281	3789897	+	4.3738	NA	promoter-TSS (NM_001025846)	promoter-TSS (NM_001025846)	51	NM_001025847	171949	Cel.34851	NM_001025846		rpl-13	-	Ribosomal Protein, Large subunit
MA2C_peak_1881	chrIV	6908139	6912040	+	4.3719	NA	promoter-TSS (NM_068663)	promoter-TSS (NM_068663)	-185	NM_068663	177455	Cel.5136	NM_068663		rpn-1	-	proteasome Regulatory Particle, Non-ATPase-like
MA2C_peak_143	chrI	4643708	4648674	+	4.3685	NA	TTS (NM_059014)	TTS (NM_059014)	589	NR_003378	4926903		NR_003378		B0041.9	-	ncRNA
MA2C_peak_1365	chrIII	6204989	6209126	+	4.3657	NA	promoter-TSS (NM_065947)	promoter-TSS (NM_065947)	312	NM_065948	175879	Cel.10141	NM_065948		rps-3	-	Ribosomal Protein, Small subunit
MA2C_peak_1429	chrIII	7206943	7213364	+	4.3417	NA	TTS (NM_066183)	TTS (NM_066183)	151	NM_066184	176016	Cel.17602	NM_001027557		R151.2	-	hypothetical protein
MA2C_peak_1936	chrIV	7923131	7927196	+	4.3417	NA	TTS (NM_068920)	TTS (NM_068920)	830	NM_068920	177582	Cel.20796	NM_068920		C49H3.3	-	hypothetical protein
MA2C_peak_1235	chrIII	4472257	4477706	+	4.3388	NA	promoter-TSS (NM_065509)	promoter-TSS (NM_065509)	130	NM_065508	175583	Cel.5016	NM_065508		pqn-45	-	Prion-like-(Q/N-rich)-domain-bearing protein
MA2C_peak_1858	chrIV	6321764	6326039	+	4.3302	NA	promoter-TSS (NM_001028402)	promoter-TSS (NM_001028402)	-264	NM_001028403	177392	Cel.17870	NM_001028402		sqd-1	-	homologous to Drosophila SQD (squid) protein
MA2C_peak_197	chrI	5608193	5611485	+	4.3268	NA	promoter-TSS (NM_059239)	promoter-TSS (NM_059239)	440	NM_059240	172216	Cel.34864	NM_059240		vha-10	-	Vacuolar H ATPase
MA2C_peak_15	chrI	534328	537977	+	4.3108	NA	promoter-TSS (NM_171831)	promoter-TSS (NM_171831)	358	NM_182046	171646	Cel.7722	NM_058348		Y65B4BR.5	-	hypothetical protein
MA2C_peak_1373	chrIII	6373309	6376659	+	4.3058	NA	promoter-TSS (NM_065992)	promoter-TSS (NM_065992)	-39	NM_065992	175901	Cel.7376	NM_065992		rps-13	-	Ribosomal Protein, Small subunit
MA2C_peak_695	chrII	5054488	5057937	+	4.3053	NA	promoter-TSS (NM_062530)	promoter-TSS (NM_062530)	611	NM_062532	173873	Cel.8253	NM_062531		rpl-22	-	Ribosomal Protein, Large subunit
MA2C_peak_937	chrII	9889697	9893397	+	4.2931	NA	promoter-TSS (NM_001136335)	promoter-TSS (NM_001136335)	-544	NM_001136335	174543	Cel.17294	NM_001136335		C08H9.2	-	hypothetical protein
MA2C_peak_2468	chrV	11120856	11125468	+	4.2814	NA	promoter-TSS (NM_073427)	promoter-TSS (NM_073427)	-606	NM_073427	179540	Cel.18000	NM_073427		H19N07.4	-	hypothetical protein
MA2C_peak_119	chrI	4173158	4176457	+	4.2744	NA	promoter-TSS (NM_058917)	promoter-TSS (NM_058917)	-32	NM_058917	187843	Cel.145	NM_058917		R12E2.12	-	hypothetical protein
MA2C_peak_2038	chrIV	10365528	10368977	+	4.2741	NA	exon (NM_069512, exon 3 of 6)	exon (NM_069512, exon 3 of 6)	510	NM_069512	177925	Cel.12478	NM_069512		R11A8.5	-	hypothetical protein
MA2C_peak_1201	chrIII	3863197	3870147	+	4.2640	NA	exon (NM_001026034, exon 6 of 6)	exon (NM_001026034, exon 6 of 6)	-1158	NM_001026085	175501	Cel.17929	NM_001026083		rpl-3	-	Ribosomal Protein, Large subunit
MA2C_peak_1872	chrIV	6789167	6792789	+	4.2535	NA	promoter-TSS (NM_068639)	promoter-TSS (NM_068639)	-80	NM_068639	177442	Cel.17400	NM_068639		vha-8	-	Vacuolar H ATPase
MA2C_peak_912	chrII	9279112	9286183	+	4.2525	NA	Intergenic	Intergenic	-2627	NM_063576	174470	Cel.22764	NM_063576		C01G6.5	-	hypothetical protein
MA2C_peak_2572	chrV	14008733	14013352	+	4.2451	NA	exon (NM_001047669, exon 2 of 7)	exon (NM_001047669, exon 2 of 7)	752	NR_003170	179897	Cel.17681	NM_001047669		F58E10.3	-	hypothetical protein
MA2C_peak_763	chrII	6587049	6590348	+	4.2412	NA	promoter-TSS (NM_062935)	promoter-TSS (NM_062935)	-70	NM_062935	174090	Cel.18280	NM_062935		icd-1	-	Inhibitor of Cell Death
MA2C_peak_2398	chrV	9543211	9551312	+	4.2376	NA	TTS (NM_073063)	TTS (NM_073063)	205	NM_073065	179341	Cel.17998	NM_073065		his-37	-	HIStone
MA2C_peak_455	chrI	9786491	9792022	+	4.2350	NA	intron (NM_060200, intron 2 of 3)	intron (NM_060200, intron 2 of 3)	517	NM_060200	172832	Cel.23146	NM_060200		cco-1	-	Cytochrome C Oxidase
MA2C_peak_2602	chrV	14999211	15004288	+	4.2313	NA	promoter-TSS (NM_074291)	promoter-TSS (NM_074291)	327	NM_074290	179999	Cel.23500	NM_074290		fib-1	-	FIBrillarin family
MA2C_peak_641	chrII	1319944	1323210	+	4.2169	NA	exon (NM_170974, exon 3 of 5)	exon (NM_170974, exon 3 of 5)	423	NM_170973	173512	Cel.17617	NM_170973		vig-1	-	VIG (Drosophila Vasa Intronic Gene) ortholog
MA2C_peak_1445	chrIII	7495408	7500558	+	4.2164	NA	promoter-TSS (NM_066245)	promoter-TSS (NM_066245)	-225	NM_066245	176061	Cel.17052	NM_066245		cgh-1	-	Conserved Germline Helicase
MA2C_peak_1548	chrIII	9454037	9457804	+	4.2034	NA	promoter-TSS (NM_066678)	promoter-TSS (NM_066678)	-5	NM_066678	176327	Cel.7479	NM_066678		rheb-1	-	RHEB (Ras Homolog Enriched in Brain) homolog
MA2C_peak_2103	chrIV	11854161	11858813	+	4.1977	NA	promoter-TSS (NM_069845)	promoter-TSS (NM_069845)	-141	NM_069845	3564942	Cel.12975	NM_069845		ech-2	-	Enoyl-CoA Hydratase
MA2C_peak_39	chrI	1831851	1836858	+	4.1962	NA	promoter-TSS (NM_058504)	promoter-TSS (NM_058504)	-528	NM_058504	171750	Cel.19696	NM_058504		rpl-27	-	Ribosomal Protein, Large subunit
MA2C_peak_153	chrI	4788001	4791950	+	4.1766	NA	TTS (NM_059050)	TTS (NM_059050)	2527	NM_059050	172096	Cel.16160	NM_059050		zig-7	-	2 (Zwei) IG-domain protein
MA2C_peak_1504	chrIII	8445339	8448688	+	4.1761	NA	promoter-TSS (NM_066467)	promoter-TSS (NM_066467)	-185	NM_066467	176195	Cel.7695	NM_066467		Msi3p	-	hypothetical protein
MA2C_peak_2069	chrIV	11146899	11151099	+	4.1742	NA	promoter-TSS (NM_001047446)	promoter-TSS (NM_001047446)	125	NM_001083204	178020	Cel.18209	NM_001083203		F01G4.6	-	hypothetical protein
MA2C_peak_1823	chrIV	4747243	4751245	+	4.1681	NA	promoter-TSS (NM_068228)	promoter-TSS (NM_068228)	-241	NM_068228	177243	Cel.32687	NM_068228		cyc-2.1	-	CYtochrome C
MA2C_peak_1959	chrIV	8430881	8434230	+	4.1647	NA	promoter-TSS (NM_069035)	promoter-TSS (NM_069035)	-465	NM_069035	177644	Cel.5820	NM_069035		T26A8.1	-	hypothetical protein
MA2C_peak_543	chrI	12651236	12655003	+	4.1529	NA	TTS (NM_001026356)	TTS (NM_001026356)	791	NM_001026356	173134	Cel.22874	NM_001026355		H28O16.1	-	hypothetical protein
MA2C_peak_705	chrII	5377390	5380701	+	4.1524	NA	promoter-TSS (NM_062610)	promoter-TSS (NM_062610)	232	NM_182252	266858	Cel.21965	NM_001129132		prdx-2	-	PeRoxireDoXin
MA2C_peak_273	chrI	6835220	6838984	+	4.1347	NA	exon (NM_059554, exon 2 of 3)	exon (NM_059554, exon 2 of 3)	713	NM_059554	172408	Cel.7612	NM_059554		K02F2.2	-	hypothetical protein
MA2C_peak_1179	chrIII	3321027	3324409	+	4.1104	NA	promoter-TSS (NM_065290)	promoter-TSS (NM_065290)	-241	NM_065290	175435	Cel.7422	NM_065290		Y53G8AR.2	-	hypothetical protein
MA2C_peak_717	chrII	5659660	5663229	+	4.0852	NA	promoter-TSS (NM_062706)	promoter-TSS (NM_062706)	283	NM_170998	173960	Cel.23108	NM_062707		C25H3.6	-	hypothetical protein
MA2C_peak_1466	chrIII	7857611	7862500	+	4.0662	NA	TTS (NM_066304)	TTS (NM_066304)	516	NM_066305	176101	Cel.18049	NM_066305		tomm-7	-	Translocase of Outer Mitochondrial Membrane
MA2C_peak_758	chrII	6488641	6492893	+	4.0510	NA	TTS (NM_062910)	TTS (NM_062910)	508	NM_062909	174073	Cel.37016	NM_062906		rsp-5	-	SR Protein (splicing factor)
MA2C_peak_553	chrI	12965337	12969762	+	4.0488	NA	promoter-TSS (NM_001025879)	promoter-TSS (NM_001025879)	-685	NM_001025879	173167	Cel.7257	NM_001025879		tba-2	-	TuBulin, Alpha
MA2C_peak_793	chrII	7071498	7076463	+	4.0468	NA	intron (NM_063054, intron 1 of 5)	intron (NM_063054, intron 1 of 5)	245	NM_063054	174161	Cel.32840	NM_063054		kat-1	-	3-Ketoacyl-coA Thiolase
MA2C_peak_2452	chrV	10893418	10897767	+	4.0429	NA	promoter-TSS (NM_001028704)	promoter-TSS (NM_001028704)	749	NM_073376	179509	Cel.3784	NM_073375		F32D8.5	-	hypothetical protein
MA2C_peak_1441	chrIII	7356731	7360599	+	4.0349	NA	promoter-TSS (NM_066225)	promoter-TSS (NM_066225)	331	NM_066224	176046	Cel.5056	NM_066224		F08F8.4	-	hypothetical protein
MA2C_peak_2191	chrIV	17277753	17281606	+	4.0339	NA	exon (NM_070667, exon 2 of 4)	exon (NM_070667, exon 2 of 4)	767	NM_070667	178507	Cel.5111	NM_070667		hsp-1	-	Heat Shock Protein
MA2C_peak_2351	chrV	7853053	7856829	+	4.0265	NA	promoter-TSS (NM_171932)	promoter-TSS (NM_171932)	-31	NM_171932	179165	Cel.17532	NM_072623		C37C3.2	-	hypothetical protein
MA2C_peak_883	chrII	8784565	8789614	+	4.0213	NA	Intergenic	Intergenic	-3396	NM_063469	174406	Cel.18273	NM_063469		F07H5.13	-	hypothetical protein
MA2C_peak_552	chrI	12917545	12921019	+	4.0157	NA	TTS (NM_001026551)	TTS (NM_001026551)	574	NM_001026551	173160	Cel.21846	NM_001026551		fkb-2	-	FK506-Binding protein family
MA2C_peak_1471	chrIII	7971608	7975414	+	4.0149	NA	promoter-TSS (NM_066336)	promoter-TSS (NM_066336)	-135	NM_066337	176121	Cel.17858	NM_066337		aco-2	-	ACOnitase
MA2C_peak_2578	chrV	14350667	14354542	+	4.0032	NA	intron (NM_074158, intron 2 of 3)	intron (NM_074158, intron 2 of 3)	1751	NM_074158	3564970	Cel.17156	NM_074158		vha-13	-	Vacuolar H ATPase
MA2C_peak_2260	chrV	4824951	4828287	+	3.9991	NA	promoter-TSS (NM_071891)	promoter-TSS (NM_071891)	127	NM_071890	178873	Cel.22952	NM_071890		hsp-6	-	Heat Shock Protein
MA2C_peak_494	chrI	10551345	10555297	+	3.9990	NA	TTS (NM_060359)	TTS (NM_060359)	581	NM_060360	172939	Cel.8678	NM_060360		F25H2.5	-	hypothetical protein
MA2C_peak_531	chrI	11908611	11913117	+	3.9899	NA	promoter-TSS (NM_060621)	promoter-TSS (NM_060621)	147	NM_060622	173071	Cel.7501	NM_060622		R09B3.3	-	hypothetical protein
MA2C_peak_1175	chrIII	3067650	3070939	+	3.9629	NA	TTS (NM_171089)	TTS (NM_171089)	498	NR_003430	4927006		NR_003430		H06I04.8	-	ncRNA
MA2C_peak_2174	chrIV	15036698	15040710	+	3.9572	NA	TTS (NM_001129339)	TTS (NM_001129339)	-1332	NM_070416	178420	Cel.12011	NM_070416		Y41E3.16	-	hypothetical protein
MA2C_peak_2064	chrIV	11117179	11121939	+	3.9548	NA	promoter-TSS (NM_069678)	promoter-TSS (NM_069678)	243	NM_069679	178014	Cel.16874	NM_069679		T05E11.3	-	hypothetical protein
MA2C_peak_1144	chrIII	1617647	1622118	+	3.9470	NA	promoter-TSS (NM_065027)	promoter-TSS (NM_065027)	143	NM_001129251	175316	Cel.7829	NM_001129251		hsp-60	-	Heat Shock Protein
MA2C_peak_2093	chrIV	11520342	11526444	+	3.9415	NA	Intergenic	Intergenic	-1220	NM_069772	178074	Cel.16881	NM_069772		mep-1	-	Mog interacting, Ectopic P granules
MA2C_peak_2783	chrX	6088518	6094123	+	3.9139	NA	exon (NM_076618, exon 3 of 5)	exon (NM_076618, exon 3 of 5)	764	NM_076618	180880	Cel.33294	NM_076618		hsp-3	-	Heat Shock Protein
MA2C_peak_1364	chrIII	6197256	6201506	+	3.9117	NA	exon (NM_065946, exon 3 of 7)	exon (NM_065946, exon 3 of 7)	251	NM_065945	175877	Cel.17756	NM_065945		rpn-2	-	proteasome Regulatory Particle, Non-ATPase-like
MA2C_peak_2105	chrIV	11952203	11955752	+	3.8762	NA	intron (NM_069866, intron 2 of 3)	intron (NM_069866, intron 2 of 3)	764	NM_069866	178130	Cel.17808	NM_069866		ZK829.4	-	hypothetical protein
MA2C_peak_321	chrI	7586003	7591213	+	3.8741	NA	promoter-TSS (NM_059720)	promoter-TSS (NM_059720)	-40	NM_059721	172516	Cel.5411	NM_059721		D2030.7	-	hypothetical protein
MA2C_peak_1883	chrIV	6974374	6978694	+	3.8740	NA	promoter-TSS (NM_068677)	promoter-TSS (NM_068677)	595	NM_001047600	177461	Cel.23408	NM_001047600		pgl-1	-	P GranuLe abnormality
MA2C_peak_1557	chrIII	9520834	9524224	+	3.8698	NA	TTS (NM_066698)	TTS (NM_066698)	553	NM_066697	176343	Cel.34225	NM_066697		ZK1098.1	-	hypothetical protein
MA2C_peak_1207	chrIII	4016625	4020701	+	3.8362	NA	Intergenic	Intergenic	-1044	NM_065405	175519	Cel.10737	NM_065405		tbb-2	-	Tubulin, Beta
MA2C_peak_1837	chrIV	5389969	5395785	+	3.8271	NA	TTS (NM_068401)	TTS (NM_068401)	716	NM_068399	177323	Cel.11594	NM_068399		ZK616.5	-	hypothetical protein
MA2C_peak_847	chrII	8135559	8139313	+	3.8196	NA	promoter-TSS (NM_063303)	promoter-TSS (NM_063303)	-374	NM_063304	174309	Cel.7497	NM_063304		cdc-48.2	-	Cell Division Cycle related
MA2C_peak_889	chrII	8931034	8934833	+	3.8182	NA	exon (NM_001027178, exon 3 of 4)	exon (NM_001027178, exon 3 of 4)	916	NM_063499	174423	Cel.18035	NM_001027178		enol-1	-	ENOLase
MA2C_peak_2013	chrIV	9796480	9799784	+	3.8156	NA	promoter-TSS (NM_069349)	promoter-TSS (NM_069349)	-802	NM_069349	188475	Cel.12328	NM_069349		T13F2.2	-	hypothetical protein
MA2C_peak_2580	chrV	14363119	14366718	+	3.8131	NA	Intergenic	Intergenic	2564	NR_003474	4926937		NR_003474		F56A12.6	-	ncRNA
MA2C_peak_1812	chrIV	4444932	4448315	+	3.8128	NA	promoter-TSS (NM_068166)	promoter-TSS (NM_068166)	628	NM_068168	177212	Cel.17489	NM_068168		htz-1	-	HisTone variant H2AZ homolog
MA2C_peak_1582	chrIII	9824200	9828757	+	3.8104	NA	3' UTR (NM_066780, exon 3 of 3)	3' UTR (NM_066780, exon 3 of 3)	571	NM_066780	176395	Cel.18050	NM_066780		ZK632.10	-	hypothetical protein
MA2C_peak_835	chrII	8012270	8019641	+	3.7750	NA	TTS (NM_063275)	TTS (NM_063275)	-1656	NM_063276	174284	Cel.5766	NM_063276		zyg-11	-	ZYGote defective: embryonic lethal
MA2C_peak_1599	chrIII	10214625	10219148	+	3.7614	NA	promoter-TSS (NM_066863)	promoter-TSS (NM_066863)	-348	NM_066863	176437	Cel.34779	NM_066863		cts-1	-	CiTrate Synthase
MA2C_peak_922	chrII	9617398	9622047	+	3.7432	NA	intron (NM_171030, intron 6 of 7)	intron (NM_171030, intron 6 of 7)	-2677	NM_063670	188538	Cel.14360	NM_063670		coiled-coil	-	hypothetical protein
MA2C_peak_1029	chrII	11728097	11731507	+	3.7346	NA	exon (NM_001026907, exon 5 of 7)	exon (NM_001026907, exon 5 of 7)	831	NM_001026908	174800	Cel.17786	NM_001026907		alh-8	-	ALdehyde deHydrogenase
MA2C_peak_2111	chrIV	12120436	12124189	+	3.7172	NA	promoter-TSS (NM_001083228)	promoter-TSS (NM_001083228)	-813	NM_001083228	178157	Cel.4924	NM_001083228		aly-3	-	Ref/ALY RNA export adaptor family
MA2C_peak_306	chrI	7313337	7317986	+	3.6626	NA	Intergenic	Intergenic	-1384	NM_001128980	3565846	Cel.32713	NM_001128979		F13G3.10	-	hypothetical protein
MA2C_peak_198	chrI	5617444	5621078	+	3.6456	NA	promoter-TSS (NM_059243)	promoter-TSS (NM_059243)	-309	NM_059244	172219	Cel.6639	NM_059244		cey-2	-	Y-box
MA2C_peak_1939	chrIV	7958186	7961735	+	3.6289	NA	exon (NM_001047473, exon 7 of 12)	exon (NM_001047473, exon 7 of 12)	1364	NM_001047474	177591	Cel.6224	NM_001047473		csr-1	-	Chromosome-Segregation and RNAi deficient
MA2C_peak_2421	chrV	10201985	10205484	+	3.6284	NA	promoter-TSS (NM_073222)	promoter-TSS (NM_073222)	-277	NM_073222	179415	Cel.35602	NM_073222		ZK856.8	-	hypothetical protein
MA2C_peak_2793	chrX	6518749	6522348	+	3.6255	NA	exon (NM_001129665, exon 5 of 11)	exon (NM_001129665, exon 5 of 11)	772	NM_076698	180927	Cel.23187	NM_001129665		ets-4	-	ETS class transcription factor
MA2C_peak_1570	chrIII	9745115	9748977	+	3.6216	NA	promoter-TSS (NM_066751)	promoter-TSS (NM_066751)	47	NM_066751	176373	Cel.10082	NM_066751		iff-1	-	Initiation Factor Five (eIF-5A) homologs
MA2C_peak_171	chrI	5159246	5162810	+	3.6178	NA	exon (NM_059134, exon 5 of 11)	exon (NM_059134, exon 5 of 11)	1179	NM_059134	172152	Cel.29621	NM_059134		ppw-2	-	PAZ/PIWI domain-containing
MA2C_peak_2095	chrIV	11592121	11596288	+	3.6176	NA	promoter-TSS (NM_001129307)	promoter-TSS (NM_001129307)	-462	NM_001129307	178082	Cel.5312	NM_001129307		F40F11.2	-	hypothetical protein
MA2C_peak_2539	chrV	13128138	13131787	+	3.6117	NA	promoter-TSS (NM_073868)	promoter-TSS (NM_073868)	15	NM_073868	179796	Cel.17890	NM_073868		eat-6	-	EATing: abnormal pharyngeal pumping
MA2C_peak_2185	chrIV	16862556	16866333	+	3.5989	NA	intron (NM_070598, intron 2 of 3)	intron (NM_070598, intron 2 of 3)	-1042	NM_070597	178469	Cel.7369	NM_070597		mel-46	-	Maternal Effect Lethal
MA2C_peak_845	chrII	8124080	8128439	+	3.5778	NA	Intergenic	Intergenic	-1489	NM_063300	174305	Cel.24223	NM_063300		ire-1	-	IRE1 kinase related
MA2C_peak_1055	chrII	12918478	12921848	+	3.5763	NA	exon (NM_064350, exon 4 of 11)	exon (NM_064350, exon 4 of 11)	677	NM_064350	174932	Cel.5750	NM_064350		F58G1.1	-	hypothetical protein
MA2C_peak_1905	chrIV	7471172	7474621	+	3.5473	NA	promoter-TSS (NM_068796)	promoter-TSS (NM_068796)	428	NM_068795	266900	Cel.19547	NM_068795		plk-3	-	POLO Kinase
MA2C_peak_1423	chrIII	7165155	7168961	+	3.5115	NA	promoter-TSS (NM_066167)	promoter-TSS (NM_066167)	-709	NM_066167	176005	Cel.5646	NM_066167		acs-16	-	fatty Acid CoA Synthetase family
MA2C_peak_2561	chrV	13652378	13656677	+	3.4899	NA	promoter-TSS (NM_073979)	promoter-TSS (NM_073979)	-416	NM_073979	179853	Cel.8828	NM_073979		H37A05.1	-	hypothetical protein
MA2C_peak_254	chrI	6562148	6565687	+	3.4867	NA	TTS (NM_059491)	TTS (NM_059491)	537	NM_059492	172373	Cel.23233	NM_059492		bag-1	-	BAG1 (human) homolog
MA2C_peak_2004	chrIV	9524306	9528410	+	3.4827	NA	promoter-TSS (NM_069288)	promoter-TSS (NM_069288)	15	NM_069288	177787	Cel.19507	NM_069288		elo-1	-	fatty acid ELOngation
MA2C_peak_243	chrI	6458094	6461445	+	3.4705	NA	promoter-TSS (NM_059457)	promoter-TSS (NM_059457)	-666	NM_059457	172350	Cel.7559	NM_059457		knl-2	-	Kinetochore NuLl
MA2C_peak_2083	chrIV	11372452	11375951	+	3.4508	NA	exon (NM_069744, exon 4 of 10)	exon (NM_069744, exon 4 of 10)	1239	NM_069744	178061	Cel.17059	NM_069744		cbd-1	-	Chitin-Binding Domain protein
MA2C_peak_2415	chrV	10018318	10022717	+	3.3830	NA	promoter-TSS (NM_001028871)	promoter-TSS (NM_001028871)	2	NM_001028871	3564838	Cel.2419	NM_001028871		lea-1	-	plant Late Embryo Abundant (LEA) related
MA2C_peak_235	chrI	6314897	6318996	+	3.3078	NA	promoter-TSS (NM_059424)	promoter-TSS (NM_059424)	-757	NM_059424	172330	Cel.17404	NM_059424		F26B1.2	-	hypothetical protein
MA2C_peak_299	chrI	7233127	7236738	+	3.2730	NA	promoter-TSS (NM_059643)	promoter-TSS (NM_059643)	-433	NM_059643	187640	Cel.30696	NM_059643		R06C7.2	-	hypothetical protein
MA2C_peak_2480	chrV	11569246	11572795	+	3.2198	NA	exon (NM_001047676, exon 2 of 8)	exon (NM_001047676, exon 2 of 8)	561	NR_003173	179588	Cel.3237	NM_001047676		nhr-101	-	Nuclear Hormone Receptor family
MA2C_peak_2537	chrV	13083105	13087644	+	3.1650	NA	promoter-TSS (NM_001047628)	promoter-TSS (NM_001047628)	-801	NM_001047628	179793	Cel.4977	NM_001047628		C34B4.2	-	hypothetical protein
MA2C_peak_302	chrI	7250538	7253853	+	3.1544	NA	promoter-TSS (NM_059649)	promoter-TSS (NM_059649)	256	NM_059650	172468	Cel.17390	NM_059650		bub-1	-	yeast BUB homolog
MA2C_peak_2491	chrV	11819589	11823244	+	3.1441	NA	exon (NM_073576, exon 5 of 10)	exon (NM_073576, exon 5 of 10)	1090	NM_073576	179616	Cel.22714	NM_073576		pyc-1	-	PYruvate Carboxylase
MA2C_peak_821	chrII	7774645	7778194	+	3.1048	NA	5' UTR (NM_171025, exon 2 of 8)	5' UTR (NM_171025, exon 2 of 8)	1338	NM_171025	174254	Cel.17243	NM_171024		C06A8.1	-	hypothetical protein
MA2C_peak_386	chrI	8677101	8681566	+	3.0624	NA	intron (NM_059947, intron 5 of 8)	intron (NM_059947, intron 5 of 8)	1979	NM_059947	172670	Cel.22576	NM_059947		K07A12.2	-	hypothetical protein
MA2C_peak_881	chrII	8743403	8746702	+	2.9803	NA	intron (NM_063459, intron 2 of 7)	intron (NM_063459, intron 2 of 7)	1045	NM_063459	174398	Cel.8693	NM_001027067		K08F8.1	-	hypothetical protein
