PeakID	Chr	Start	End	Strand	Peak Score	Focus Ratio/Region Size	Annotation	Detailed Annotation	Distance to TSS	Nearest PromoterID	Entrez ID	Nearest Unigene	Nearest Refseq	Nearest Ensembl	Gene Name	Gene Alias	Gene Description
MACS_peak_3646	chr2	98502274	98504248	+	7050	NA	Intergenic	L1_Mur2|LINE|L1	1195430	NM_178725	241568	Mm.241682	NM_178725	ENSMUSG00000050587	Lrrc4c	6430556C10Rik|NGL-1|mKIAA1580	leucine rich repeat containing 4C
MACS_peak_1568	chr12	110030605	110032826	+	4103	NA	exon (NM_009537, exon 1 of 5)	exon (NM_009537, exon 1 of 5)	194	NM_009537	22632	Mm.458511	NM_009537	ENSMUSG00000021264	Yy1	AW488674|NF-E1	YY1 transcription factor
MACS_peak_6345	chr8	125565388	125566861	+	3825	NA	promoter-TSS (NM_001081379)	promoter-TSS (NM_001081379)	60	NR_037865	77087	Mm.31567	NM_001081379	ENSMUSG00000035569	Ankrd11	2410104C19Rik|3010027A04Rik|6330578C09Rik|9530048I21Rik|AA930108|Gm176|Yod	ankyrin repeat domain 11
MACS_peak_2130	chr15	36722509	36724069	+	3825	NA	5' UTR (NM_011740, exon 2 of 7)	5' UTR (NM_011740, exon 2 of 7)	1004	NM_011740	22631	Mm.3360	NM_011740	ENSMUSG00000022285	Ywhaz	1110013I11Rik|14-3-3zeta|AI596267|AL022924|AU020854	tyrosine 3-monooxygenase/tryptophan 5-monooxygenase activation protein, zeta polypeptide
MACS_peak_1227	chr11	102178212	102180805	+	3512	NA	promoter-TSS (NM_001044383)	promoter-TSS (NM_001044383)	902	NM_011551	21429	Mm.2845	NM_001044383	ENSMUSG00000020923	Ubtf	A930005G04Rik|NOR-90|Tcfubf|UBF|UBF1	upstream binding transcription factor, RNA polymerase I
MACS_peak_2620	chr17	15160698	15162029	+	3374	NA	Intergenic	CpG	-14215	NM_001123368	100041586	Mm.482175	NM_001123368	ENSMUSG00000079710	Gm3417	-	predicted gene 3417
MACS_peak_583	chr10	79578562	79580040	+	3193	NA	promoter-TSS (NM_011492)	promoter-TSS (NM_011492)	20	NM_011492	20869	Mm.44231	NM_011492	ENSMUSG00000003068	Stk11	AA408040|Lkb1|Par-4|R75140	serine/threonine kinase 11
MACS_peak_2086	chr14	122506229	122507685	+	3076	NA	promoter-TSS (NR_015586)	promoter-TSS (NR_015586)	653	NM_080556	68059	Mm.275191	NM_080556	ENSMUSG00000025544	Tm9sf2	1500001N15Rik|AA536814|D14Ertd64e|P76	transmembrane 9 superfamily member 2
MACS_peak_2618	chr17	15128489	15130531	+	2995	NA	TTS (NM_001123370)	TTS (NM_001123370)	13682	NM_001123370	100041574	Mm.393767	NM_001123370	ENSMUSG00000079709	9030025P20Rik	D17Zt9e	RIKEN cDNA 9030025P20 gene
MACS_peak_4663	chr4	141092210	141094364	+	2913	NA	intron (NM_019763, intron 1 of 15)	CpG	1225	NM_019763	56381	Mm.299906	NM_019763	ENSMUSG00000040761	Spen	Mint|mKIAA0929	SPEN homolog, transcriptional regulator (Drosophila)
MACS_peak_6175	chr8	83402713	83404333	+	2857	NA	5' UTR (NM_021356, exon 1 of 10)	5' UTR (NM_021356, exon 1 of 10)	855	NM_021356	14388	Mm.277409	NM_021356	ENSMUSG00000031714	Gab1	AA408973|AW107238	growth factor receptor bound protein 2-associated protein 1
MACS_peak_3150	chr19	3767448	3768980	+	2833	NA	5' UTR (NM_001167884, exon 2 of 14)	5' UTR (NM_001167884, exon 2 of 14)	793	NM_001167884	225888	Mm.278578	NM_001167884	ENSMUSG00000045098	Suv420h1	AA117471|C630029K18Rik|KMT5B|MGC18702|Suv4-20h1	suppressor of variegation 4-20 homolog 1 (Drosophila)
MACS_peak_6368	chr8	129115892	129117830	+	2833	NA	exon (NM_001164598, exon 1 of 2)	exon (NM_001164598, exon 1 of 2)	475	NM_001164598	270110	Mm.483287	NM_001164598	ENSMUSG00000051495	Irf2bp2	E130305N23Rik	interferon regulatory factor 2 binding protein 2
MACS_peak_2749	chr17	34255358	34257373	+	2833	NA	5' UTR (NM_001025387, exon 2 of 14)	5' UTR (NM_001025387, exon 2 of 14)	480	NR_037970	14312	Mm.3444	NM_001025387	ENSMUSG00000024335	Brd2	AW228947|D17H6S113E|Frg-1|Fsrg-1|Fsrg1|KIAA4005|Nat|Ring3|Rnf3|mKIAA4005	bromodomain containing 2
MACS_peak_2374	chr16	8829403	8831152	+	2833	NA	promoter-TSS (NM_001081400)	promoter-TSS (NM_001081400)	84	NM_001081400	69053	Mm.485563	NM_001081400	ENSMUSG00000022507	1810013L24Rik	1110017P05Rik|3010002C02Rik|AA792997|AW124177|R74903	RIKEN cDNA 1810013L24 gene
MACS_peak_3062	chr18	56866974	56868636	+	2697	NA	exon (NM_010721, exon 1 of 11)	exon (NM_010721, exon 1 of 11)	338	NM_010721	16906	Mm.4105	NM_010721	ENSMUSG00000024590	Lmnb1	-	lamin B1
MACS_peak_1424	chr12	52791859	52793416	+	2697	NA	exon (NM_001172098, exon 1 of 16)	exon (NM_001172098, exon 1 of 16)	264	NM_001172098	94186	Mm.65979	NM_001172098	ENSMUSG00000020954	Strn3	Gs2na|SG2NA	striatin, calmodulin binding protein 3
MACS_peak_5357	chr6	71389816	71391152	+	2697	NA	5' UTR (NM_024288, exon 1 of 9)	5' UTR (NM_024288, exon 1 of 9)	147	NM_024288	68477	Mm.28474	NM_024288	ENSMUSG00000002222	Rmnd5a	1110007A06Rik|AJ237586|AW125795|MGC59617|MTA.D02.090	required for meiotic nuclear division 5 homolog A (S. cerevisiae)
MACS_peak_1747	chr13	58228665	58230623	+	2697	NA	exon (NM_029872, exon 1 of 1)	exon (NM_029872, exon 1 of 1)	273	NM_029872	77134		NM_029872	ENSMUSG00000007836	Hnrnpa0	1110055B05Rik|3010025E17Rik|Hnrpa0	heterogeneous nuclear ribonucleoprotein A0
MACS_peak_610	chr10	80598761	80601266	+	2697	NA	intron (NM_010731, intron 1 of 2)	CpG	997	NM_010731	16969	Mm.20920	NM_010731	ENSMUSG00000035011	Zbtb7a	9030619K07Rik|9130006G12Rik|AI452336|FBI-1|Lrf|Pokemon|Zbtb7	zinc finger and BTB domain containing 7a
MACS_peak_6001	chr8	11006971	11009847	+	2585	NA	promoter-TSS (NM_001081212)	promoter-TSS (NM_001081212)	21	NM_001081212	384783	Mm.407207	NM_001081212	ENSMUSG00000038894	Irs2	Irs-2	insulin receptor substrate 2
MACS_peak_3019	chr18	35989382	35990841	+	2573	NA	intron (NM_133687, intron 1 of 2)	CpG	639	NM_133687	67393	Mm.94560	NM_133687	ENSMUSG00000046668	Cxxc5	4930415K17Rik|MGC101987	CXXC finger 5
MACS_peak_3255	chr19	16206804	16208287	+	2573	NA	5' UTR (NM_008139, exon 1 of 7)	5' UTR (NM_008139, exon 1 of 7)	224	NM_008139	14682	Mm.441601	NM_008139	ENSMUSG00000024639	Gnaq	1110005L02Rik|6230401I02Rik|AA408290|AW060788|Dsk1|Dsk10|Galphaq|Gq|GqI	guanine nucleotide binding protein, alpha q polypeptide
MACS_peak_6327	chr8	123061417	123062898	+	2544	NA	intron (NM_001145896, intron 1 of 15)	CpG-14582	848	NM_001145896	382034	Mm.334856	NM_001145896	ENSMUSG00000031822	Gse1	2210013I18Rik|MGC58013|mKIAA0182	genetic suppressor element 1
MACS_peak_1327	chr11	120209191	120211404	+	2528	NA	promoter-TSS (NM_009609)	promoter-TSS (NM_009609)	-499	NM_009609	11465	Mm.470166	NM_009609	ENSMUSG00000062825	Actg1	AL023024|Actg|Actl|E51|MGC117491|MGC28612	actin, gamma, cytoplasmic 1
MACS_peak_3675	chr2	116946223	116947577	+	2439	NA	promoter-TSS (NM_033524)	promoter-TSS (NM_033524)	-286	NM_033524	114715	Mm.397626	NM_033524	ENSMUSG00000027351	Spred1	5730461F13Rik|AL024345|AW047647	sprouty protein with EVH-1 domain 1, related sequence
MACS_peak_2941	chr17	88463752	88465411	+	2431	NA	promoter-TSS (NM_001081034)	promoter-TSS (NM_001081034)	44	NM_001081034	225055	Mm.386857	NM_001081034	ENSMUSG00000005371	Fbxo11	C80048|Jf|MGC156416	F-box protein 11
MACS_peak_5073	chr5	123794136	123795751	+	2431	NA	intron (NM_029850, intron 1 of 5)	CpG	486	NM_029850	77045	Mm.151960	NM_029850	ENSMUSG00000029438	Bcl7a	4432415N06Rik|AI448316	B-cell CLL/lymphoma 7A
MACS_peak_4308	chr4	32325437	32327033	+	2431	NA	Intergenic	CpG	-178175	NM_001109661	12014		NM_001109661	ENSMUSG00000040270	Bach2	E030004N02Rik|MGC117590	BTB and CNC homology 2
MACS_peak_685	chr10	96079128	96080654	+	2431	NA	5' UTR (NM_007569, exon 1 of 2)	5' UTR (NM_007569, exon 1 of 2)	256	NM_007569	12226	Mm.23811	NM_007569	ENSMUSG00000036478	Btg1	AI426953|AW546738	B-cell translocation gene 1, anti-proliferative
MACS_peak_6535	chr9	61220650	61222498	+	2431	NA	intron (NM_009389, intron 1 of 19)	CpG	1401	NM_001083927	21887	Mm.469199	NM_001083927	ENSMUSG00000032280	Tle3	2610103N05Rik|ESG|Grg3a|Grg3b|mKIAA1547	transducin-like enhancer of split 3, homolog of Drosophila E(spl)
MACS_peak_1862	chr13	117813082	117814719	+	2431	NA	intron (NM_001081009, intron 2 of 26)	CpG	423	NM_001081009	52552	Mm.274466	NM_001081009	ENSMUSG00000021725	Parp8	2810430O08Rik|D13Ertd275e	poly (ADP-ribose) polymerase family, member 8
MACS_peak_5462	chr6	115625551	115626933	+	2428	NA	intron (NM_029780, intron 1 of 16)	CpG	411	NM_029780	110157	Mm.184163	NM_029780	ENSMUSG00000000441	Raf1	6430402F14Rik|AA990557|BB129353|Craf1|D830050J10Rik|MGC102375|Raf-1|c-Raf|v-Raf	v-raf-leukemia viral oncogene 1
MACS_peak_1916	chr14	31528434	31529847	+	2418	NA	intron (NM_001166532, intron 1 of 20)	CpG	339	NM_001166532	54650	Mm.294662	NM_001166531	ENSMUSG00000006527	Sfmbt1	4930442N21Rik|9330180L21Rik|AA536974|DKFZp434L243|Sfmbt|Smr	Scm-like with four mbt domains 1
MACS_peak_2751	chr17	34323533	34325267	+	2418	NA	promoter-TSS (NM_013585)	promoter-TSS (NM_013585)	-101	NM_001161730	21354	Mm.482076	NM_001161730	ENSMUSG00000037321	Tap1	ABC17|APT1|Abcb2|Ham-1|Ham1|MTP1|PSF1|RING4|TAP|Tap-1|Y3	transporter 1, ATP-binding cassette, sub-family B (MDR/TAP)
MACS_peak_2877	chr17	66233516	66234843	+	2409	NA	promoter-TSS (NM_001198949)	promoter-TSS (NM_001198949)	84	NM_001198949	19765	Mm.17009	NM_001198949	ENSMUSG00000024096	Ralbp1	RLIP76|Rip1	ralA binding protein 1
MACS_peak_5671	chr7	31740883	31742585	+	2399	NA	promoter-TSS (NM_011680)	promoter-TSS (NM_011680)	88	NM_011680	22282	Mm.322453	NM_011680	ENSMUSG00000058239	Usf2	MGC91056|Usf-2|bHLHb12	upstream transcription factor 2
MACS_peak_960	chr11	60351059	60352752	+	2399	NA	5' UTR (NM_172943, exon 1 of 4)	5' UTR (NM_172943, exon 1 of 4)	720	NM_172943	268420	Mm.262056	NM_172943	ENSMUSG00000042650	Alkbh5	AW050020|AW215868|Abh5|E130207K11|Ofoxd	alkB, alkylation repair homolog 5 (E. coli)
MACS_peak_1657	chr13	30076018	30077887	+	2354	NA	intron (NM_010093, intron 1 of 6)	CpG	980	NM_010093	13557	Mm.268356	NM_010093	ENSMUSG00000016477	E2f3	E2F3b|E2f3a|mKIAA0075	E2F transcription factor 3
MACS_peak_5436	chr6	99471384	99472968	+	2337	NA	Intergenic	CpG	-86837	NM_053202	108655	Mm.485266	NM_001197321	ENSMUSG00000030067	Foxp1	3110052D19Rik|4932443N09Rik|AI461938|AW494214	forkhead box P1
MACS_peak_2858	chr17	56723276	56724796	+	2317	NA	promoter-TSS (NM_001029979)	promoter-TSS (NM_001029979)	-30	NM_001029979	224902	Mm.482517	NM_001029979	ENSMUSG00000042625	Safb2	AA389433|AI255170|mKIAA0138	scaffold attachment factor B2
MACS_peak_4019	chr3	52071759	52073956	+	2317	NA	exon (NM_019739, exon 1 of 3)	exon (NM_019739, exon 1 of 3)	598	NM_019739	56458	Mm.29891	NM_019739	ENSMUSG00000044167	Foxo1	AI876417|Afxh|FKHR|Fkhr1|Foxo1a	forkhead box O1
MACS_peak_2373	chr16	8737694	8739273	+	2316	NA	promoter-TSS (NM_001003918)	promoter-TSS (NM_001003918)	-48	NM_001003918	252870	Mm.295330	NM_001003918	ENSMUSG00000022710	Usp7	2210010O09Rik|AA409944|AA617399|AU019296|AW548146|C80752|Hausp	ubiquitin specific peptidase 7
MACS_peak_5731	chr7	71081915	71084541	+	2270	NA	exon (NM_021366, exon 1 of 2)	exon (NM_021366, exon 1 of 2)	573	NM_021366	50794	Mm.240473	NM_021366	ENSMUSG00000052040	Klf13	0610043C13Rik|9430029L20Rik|Bteb3|FKLF-2|FKLF2|NSLP1|RFLAT-1|RFLAT1	Kruppel-like factor 13
MACS_peak_2100	chr15	8393758	8395267	+	2262	NA	promoter-TSS (NM_027707)	promoter-TSS (NM_027707)	-49	NM_201232	71175	Mm.440537	NM_027707	ENSMUSG00000022141	Nipbl	4921518A06Rik|4933421G18Rik|C79399|Idn3	Nipped-B homolog (Drosophila)
MACS_peak_6470	chr9	44412128	44413490	+	2262	NA	promoter-TSS (NM_001110826)	promoter-TSS (NM_001110826)	-166	NM_001110826	13209	Mm.267061	NM_001110826	ENSMUSG00000032097	Ddx6	1110001P04Rik|E230023J21Rik|HLR2|mRCK/P54|p54|rck	DEAD (Asp-Glu-Ala-Asp) box polypeptide 6
MACS_peak_5365	chr6	72388862	72390315	+	2206	NA	promoter-TSS (NM_145569)	promoter-TSS (NM_145569)	-36	NM_145569	232087	Mm.485037	NM_145569	ENSMUSG00000053907	Mat2a	D630045P18Rik|MGC6545	methionine adenosyltransferase II, alpha
MACS_peak_4450	chr4	106583556	106584956	+	2170	NA	5' UTR (NM_023672, exon 1 of 18)	5' UTR (NM_023672, exon 1 of 18)	181	NM_023672	72475	Mm.474861	NM_023672	ENSMUSG00000061887	Ssbp3	2610021L12Rik|2610200M23Rik|5730488C10Rik|AI854733|AW551939|LAST|SSDP1	single-stranded DNA binding protein 3
MACS_peak_466	chr10	39451441	39452878	+	2170	NA	promoter-TSS (NR_038037)	promoter-TSS (NR_038037)	193	NM_011264	19714	Mm.439723	NM_011264	ENSMUSG00000019841	Rev3l	Rev|Rev3|Sez4	REV3-like, catalytic subunit of DNA polymerase zeta RAD54 like (S. cerevisiae)
MACS_peak_4943	chr5	100406817	100408487	+	2170	NA	5' UTR (NM_001077265, exon 1 of 9)	5' UTR (NM_001077265, exon 1 of 9)	305	NM_001077266	11991	Mm.150231	NM_001077265	ENSMUSG00000000568	Hnrnpd	Auf1|C230004L04|Hnrpd	heterogeneous nuclear ribonucleoprotein D
MACS_peak_2577	chr16	94790532	94792791	+	2170	NA	promoter-TSS (NM_007890)	promoter-TSS (NM_007890)	-152	NM_007890	13548	Mm.310973	NM_001113389	ENSMUSG00000022897	Dyrk1a	2310043O08Rik|D16Ertd272e|D16Ertd493e|Dyrk|ENSMUSG00000074897|Gm10783|MGC150253|MGC150254|Mnbh|Mp86|mmb	dual-specificity tyrosine-(Y)-phosphorylation regulated kinase 1a
MACS_peak_1259	chr11	107330564	107331958	+	2170	NA	5' UTR (NM_145823, exon 1 of 10)	5' UTR (NM_145823, exon 1 of 10)	773	NM_145823	71795	Mm.476186	NM_145823	ENSMUSG00000040430	Pitpnc1	1110020B03Rik|5830436L09Rik|AI662802|AI851387|C330017I21Rik|Dnr411|MGC118005|RDGBB|RDGBB1|rdgB-beta	phosphatidylinositol transfer protein, cytoplasmic 1
MACS_peak_1449	chr12	60319743	60321098	+	2170	NA	promoter-TSS (NM_001033156)	promoter-TSS (NM_001033156)	50	NM_001033156	70611		NM_001033156	ENSMUSG00000035329	Fbxo33	5730501N20Rik|AI642135	F-box protein 33
MACS_peak_3901	chr2	168055253	168056802	+	2170	NA	promoter-TSS (NM_010072)	promoter-TSS (NM_010072)	-95	NM_001160330	69372	Mm.482182	NM_001160330	ENSMUSG00000074576	Mocs3	1700020H17Rik|Uba4	molybdenum cofactor synthesis 3
MACS_peak_1247	chr11	105945252	105946618	+	2170	NA	promoter-TSS (NM_011947)	promoter-TSS (NM_011947)	-281	NM_011947	26406	Mm.27041	NM_011947	ENSMUSG00000020700	Map3k3	AW548911|KIAA4031|MAPKKK3|Mekk3|mKIAA4031	mitogen-activated protein kinase kinase kinase 3
MACS_peak_1547	chr12	102320857	102322240	+	2170	NA	5' UTR (NM_001160214, exon 1 of 15)	5' UTR (NM_001160214, exon 1 of 15)	364	NM_211355	68734	Mm.87077	NM_001160214	ENSMUSG00000041846	Smek1	1110034C04Rik|BC064465|mKIAA2010	SMEK homolog 1, suppressor of mek1 (Dictyostelium)
MACS_peak_5853	chr7	121558518	121559894	+	2170	NA	promoter-TSS (NR_029437)	promoter-TSS (NR_029437)	438	NM_011055	18576	Mm.430730	NM_011055	ENSMUSG00000030671	Pde3b	9830102A01Rik|AI847709	phosphodiesterase 3B, cGMP-inhibited
MACS_peak_1751	chr13	58502821	58504620	+	2170	NA	promoter-TSS (NM_001168248)	promoter-TSS (NM_001168248)	111	NR_031761	74386	Mm.85289	NM_001168248	ENSMUSG00000035367	Rmi1	4932432N11Rik|C79893	RMI1, RecQ mediated genome instability 1, homolog (S. cerevisiae)
MACS_peak_5144	chr5	137041372	137043947	+	2170	NA	intron (NM_009986, intron 1 of 23)	CpG	616	NM_198602	13047	Mm.320317	NM_009986	ENSMUSG00000029705	Cux1	AA407197|CDP|Cutl1|Cux|Cux-1|KIAA4047|MGC102214|Phox2|mKIAA4047	cut-like homeobox 1
MACS_peak_6084	chr8	48758889	48761186	+	2170	NA	5' UTR (NM_023503, exon 1 of 2)	5' UTR (NM_023503, exon 1 of 2)	476	NM_023503	69260	Mm.430733	NM_023503	ENSMUSG00000063049	Ing2	2810011M06Rik|Ing1l|Ing2b|P33ING2	inhibitor of growth family, member 2
MACS_peak_511	chr10	60609043	60610823	+	2168	NA	intron (NM_009163, intron 1 of 14)	(CAGCT)n|Simple_repeat|Simple_repeat	480	NM_009163	20397	Mm.412319	NM_009163	ENSMUSG00000020097	Sgpl1	AI428538|D10Xrf456|S1PL|Spl	sphingosine phosphate lyase 1
MACS_peak_5473	chr6	117856825	117858278	+	2168	NA	promoter-TSS (NM_001166428)	intron (NM_133834, intron 1 of 3)	-271	NM_001166428	98758	Mm.476420	NM_001166427	ENSMUSG00000042079	Hnrnpf	4833420I20Rik|AA407306|Hnrpf|MGC101981|MGC36971	heterogeneous nuclear ribonucleoprotein F
MACS_peak_1579	chr12	112277074	112278503	+	2160	NA	promoter-TSS (NM_198023)	promoter-TSS (NM_198023)	-221	NM_198023	217864	Mm.23808	NM_198023	ENSMUSG00000037896	Rcor1	5730409O11|6720480E22Rik|AU042633|D12Wsu95e|mKIAA0071	REST corepressor 1
MACS_peak_1296	chr11	116713504	116715113	+	2118	NA	5' UTR (NM_011358, exon 1 of 3)	5' UTR (NM_011358, exon 1 of 3)	100	NM_011358	20382	Mm.429312	NM_011358	ENSMUSG00000034120	Srsf2	D11Wsu175e|MRF-1|Pr264|SC35|Sfrs10|Sfrs2	serine/arginine-rich splicing factor 2
MACS_peak_498	chr10	53794367	53795910	+	2087	NA	promoter-TSS (NR_038016)	promoter-TSS (NR_038016)	464	NM_008548	17155	Mm.117294	NM_008548	ENSMUSG00000003746	Man1a	Man1a1|PCR1	mannosidase 1, alpha
MACS_peak_4944	chr5	100467501	100468912	+	2087	NA	promoter-TSS (NM_016690)	promoter-TSS (NM_016690)	35	NM_016690	50926	Mm.389579	NM_016690	ENSMUSG00000029328	Hnrpdl	AA407431|AA959857|D5Ertd650e|D5Wsu145e|JKTBP|hnRNP DL|hnRNP-DL	heterogeneous nuclear ribonucleoprotein D-like
MACS_peak_5631	chr7	26472117	26475140	+	2080	NA	intron (NM_011577, intron 1 of 6)	intron (NM_011577, intron 1 of 6)	1607	NM_011577	21803	Mm.248380	NM_011577	ENSMUSG00000002603	Tgfb1	TGF-beta1|TGFbeta1|Tgfb|Tgfb-1	transforming growth factor, beta 1
MACS_peak_3592	chr2	72816747	72819088	+	2069	NA	promoter-TSS (NM_001098425)	promoter-TSS (NM_001098425)	-579	NM_001098425	20687	Mm.465887	NM_001018042	ENSMUSG00000027109	Sp3	D130027J01Rik|MGC105187	trans-acting transcription factor 3
MACS_peak_2129	chr15	36537878	36539539	+	2069	NA	promoter-TSS (NM_008774)	promoter-TSS (NM_008774)	20	NM_008774	18458	Mm.371570	NM_008774	ENSMUSG00000022283	Pabpc1	PABP|Pabp1|PabpI|Pabpl1|ePAB	poly(A) binding protein, cytoplasmic 1
MACS_peak_1192	chr11	98656074	98657825	+	2069	NA	promoter-TSS (NM_028722)	promoter-TSS (NM_028722)	-134	NM_028722	74026	Mm.258352	NM_028722	ENSMUSG00000052915	Msl1	2810017F12Rik|4121402D02Rik|4930463F05Rik|AA682082|Msl-1	male-specific lethal 1 homolog (Drosophila)
MACS_peak_355	chr1	180266502	180267863	+	2020	NA	exon (NM_016805, exon 1 of 14)	exon (NM_016805, exon 1 of 14)	733	NM_016805	51810	Mm.86589	NM_016805	ENSMUSG00000039630	Hnrnpu	AA408410|AI256620|AL024194|AL024437|AW557595|C86794|Hnrpu|SAFA|Sp120|hnRNP U	heterogeneous nuclear ribonucleoprotein U
MACS_peak_1461	chr12	70472666	70473990	+	2020	NA	5' UTR (NM_007481, exon 2 of 2)	5' UTR (NM_007481, exon 2 of 2)	191	NM_007481	11845	Mm.27308	NM_007481	ENSMUSG00000044147	Arf6	AI788669|AW496366|MGC102530	ADP-ribosylation factor 6
MACS_peak_4221	chr3	130813136	130815526	+	2014	NA	5' UTR (NM_010703, exon 1 of 12)	5' UTR (NM_010703, exon 1 of 12)	942	NM_010703	16842	Mm.255219	NM_010703	ENSMUSG00000027985	Lef1	3000002B05|AI451430|Lef-1	lymphoid enhancer binding factor 1
MACS_peak_4271	chr4	3864743	3866516	+	1985	NA	promoter-TSS (NM_019969)	promoter-TSS (NM_019969)	-77	NM_019969	56711	Mm.331467	NM_019969	ENSMUSG00000003282	Plag1	-	pleiomorphic adenoma gene 1
MACS_peak_2812	chr17	46167239	46169056	+	1983	NA	intron (NM_009505, intron 1 of 6)	CpG	1179	NM_001025250	22339	Mm.282184	NM_001025250	ENSMUSG00000023951	Vegfa	Vegf|Vegf120|Vegf164|Vegf188|Vpf	vascular endothelial growth factor A
MACS_peak_6008	chr8	13104494	13106325	+	1959	NA	promoter-TSS (NM_178708)	promoter-TSS (NM_178708)	-66	NM_178708	234069	Mm.103427	NM_178708	ENSMUSG00000038542	Pcid2	A730042J05Rik	PCI domain containing 2
MACS_peak_4603	chr4	133308007	133309911	+	1916	NA	exon (NM_001080819, exon 1 of 20)	exon (NM_001080819, exon 1 of 20)	567	NM_001080819	93760	Mm.22478	NM_001080819	ENSMUSG00000007880	Arid1a	1110030E03Rik|BAF250a|Osa1|Smarcf1	AT rich interactive domain 1A (SWI-like)
MACS_peak_5367	chr6	72848787	72850512	+	1916	NA	5' UTR (NM_019715, exon 1 of 7)	5' UTR (NM_019715, exon 1 of 7)	324	NM_019715	74287	Mm.29194	NM_019715	ENSMUSG00000055239	Kcmf1	1700094M07Rik|Debt91|Pmcf	potassium channel modulatory factor 1
MACS_peak_2533	chr16	64851120	64852616	+	1916	NA	promoter-TSS (NM_178647)	promoter-TSS (NM_178647)	-43	NM_178647	106143	Mm.10160	NM_178647	ENSMUSG00000054604	Cggbp1	AA960172|AL023996|AW045841	CGG triplet repeat binding protein 1
MACS_peak_6072	chr8	41596392	41597780	+	1916	NA	promoter-TSS (NM_011135)	promoter-TSS (NM_011135)	-51	NM_033560	52348	Mm.294871	NM_033560	ENSMUSG00000031600	Vps37a	2210018P21Rik|4930592A21Rik|AW261445|D8Ertd531e	vacuolar protein sorting 37A (yeast)
MACS_peak_314	chr1	167389964	167391467	+	1916	NA	promoter-TSS (NM_028759)	promoter-TSS (NM_028759)	-121	NM_028759	74106	Mm.227605	NM_028759	ENSMUSG00000026571	Dcaf6	1200006M05Rik|Iqwd1|PC326	DDB1 and CUL4 associated factor 6
MACS_peak_6424	chr9	25059638	25060967	+	1916	NA	exon (NM_001205367, exon 1 of 13)	exon (NM_001205367, exon 1 of 13)	262	NM_001205367	235072	Mm.270259	NM_001205367	ENSMUSG00000001833	Sept7	Cdc10|E430034N22|KIAA4020	septin 7
MACS_peak_2098	chr15	6657678	6659226	+	1916	NA	promoter-TSS (NM_030168)	promoter-TSS (NM_030168)	71	NM_030168	78757	Mm.275811	NM_030168	ENSMUSG00000050310	Rictor	4921505C17Rik|6030405M08Rik|AVO3|AW492497|D530039E11Rik	RPTOR independent companion of MTOR, complex 2
MACS_peak_2870	chr17	63848352	63849754	+	1916	NA	exon (NM_015794, exon 1 of 9)	exon (NM_015794, exon 1 of 9)	876	NM_015794	50758	Mm.136366	NM_015794	ENSMUSG00000023965	Fbxl17	6330576B01Rik|AI452053|BB073797|C130023C01Rik|Fbx13|Fbxo13	F-box and leucine-rich repeat protein 17
MACS_peak_1654	chr13	29043822	29045166	+	1909	NA	exon (NM_009238, exon 1 of 1)	exon (NM_009238, exon 1 of 1)	1057	NM_009238	20677	Mm.455819	NM_009238	ENSMUSG00000076431	Sox4	AA682046|Sox-4	SRY-box containing gene 4
MACS_peak_5906	chr7	134168748	134170235	+	1909	NA	exon (NM_010772, exon 2 of 5)	exon (NM_010772, exon 2 of 5)	502	NM_010772	17188	Mm.378964	NM_010772	ENSMUSG00000030678	Maz	PUR1|Pur-1|SAF-1|SAF-2	MYC-associated zinc finger protein (purine-binding transcription factor)
MACS_peak_3726	chr2	126500274	126501769	+	1909	NA	intron (NM_010249, intron 1 of 7)	CpG	201	NM_010249	14391	Mm.293266	NM_010249	ENSMUSG00000027361	Gabpb1	BABPB2|E4TF1|E4TF1-47|E4TF1-53|E4Tf1B|GABPB|GABPB1-1|GABPB1-2|NRF2B1|NRF2B2	GA repeat binding protein, beta 1
MACS_peak_959	chr11	60230163	60231599	+	1909	NA	promoter-TSS (NM_145427)	promoter-TSS (NM_145427)	234	NM_025757	66771	Mm.472990	NM_025757	ENSMUSG00000018415	4933439F18Rik	-	RIKEN cDNA 4933439F18 gene
MACS_peak_3288	chr19	32461990	32464102	+	1900	NA	promoter-TSS (NM_144792)	promoter-TSS (NM_144792)	-102	NM_144792	208449	Mm.329810	NM_001168525	ENSMUSG00000040451	Sgms1	9530058O11Rik|AI841905|C80702|MGC30540|Mob|Sms1|Sor1|Tmem23	sphingomyelin synthase 1
MACS_peak_601	chr10	80260412	80261781	+	1885	NA	promoter-TSS (NM_013651)	promoter-TSS (NM_013651)	275	NM_023900	78670	Mm.41479	NM_023900	ENSMUSG00000035278	Plekhj1	9530063M10Rik	pleckstrin homology domain containing, family J member 1
MACS_peak_2007	chr14	62299890	62301896	+	1878	NA	intron (NR_028264, intron 1 of 6)	CpG	317	NR_028264	668253	Mm.483605	NR_028264		Dleu2	1810047A16Rik|4932411A06Rik|7730401J12Rik|AI197277|AI788824|Alt1|Gm9069|Leu2	deleted in lymphocytic leukemia, 2
MACS_peak_1484	chr12	77470036	77471972	+	1870	NA	promoter-TSS (NM_001172104)	promoter-TSS (NM_001172104)	-249	NM_178744	268564	Mm.470000	NM_178744	ENSMUSG00000033454	Zbtb1	9430077A12|AI256369|Bsg2|C430003J21Rik	zinc finger and BTB domain containing 1
MACS_peak_7	chr1	9535032	9536350	+	1865	NA	exon (NM_021511, exon 1 of 1)	exon (NM_021511, exon 1 of 1)	202	NM_021511	59014	Mm.29061	NM_021511	ENSMUSG00000061024	Rrs1	5730466A07Rik|AA415037|D1Ertd701e|Rrr	RRS1 ribosome biogenesis regulator homolog (S. cerevisiae)
MACS_peak_2441	chr16	23987905	23989343	+	1841	NA	promoter-TSS (NM_009744)	promoter-TSS (NM_009744)	74	NM_009744	12053	Mm.347398	NM_009744	ENSMUSG00000022508	Bcl6	Bcl5	B-cell leukemia/lymphoma 6
MACS_peak_2424	chr16	18876414	18877908	+	1825	NA	promoter-TSS (NM_010922)	promoter-TSS (NM_010922)	318	NM_010435	15260	Mm.453041	NM_010435	ENSMUSG00000022702	Hira	AA138857|D16Ertd95e|N28177|Tuple1	histone cell cycle regulation defective homolog A (S. cerevisiae)
MACS_peak_1472	chr12	72116263	72117713	+	1825	NA	promoter-TSS (NM_001081195)	promoter-TSS (NM_001081195)	34	NM_001081195	238247	Mm.241601	NM_001081195	ENSMUSG00000048118	Arid4a	A630009N03|A630067N03Rik|MmRBBP1|Rbbp1	AT rich interactive domain 4A (RBP1-like)
MACS_peak_6612	chr9	78328619	78329996	+	1825	NA	intron (NM_010106, intron 1 of 7)	CpG	224	NM_010106	13627	Mm.485613	NM_010106	ENSMUSG00000037742	Eef1a1	MGC102592|MGC103271|MGC118397|MGC18758|MGC27859|MGC7551|MGC8115|MGC8209	eukaryotic translation elongation factor 1 alpha 1
MACS_peak_6660	chr9	100543337	100544883	+	1825	NA	promoter-TSS (NM_009282)	promoter-TSS (NM_009282)	68	NM_009282	20842	Mm.42135	NM_009282	ENSMUSG00000037286	Stag1	AU045003|SA-1|Scc3	stromal antigen 1
MACS_peak_2716	chr17	29626678	29629109	+	1825	NA	promoter-TSS (NM_008842)	promoter-TSS (NM_008842)	-97	NM_008842	18712	Mm.485038	NM_008842	ENSMUSG00000024014	Pim1	Pim-1	proviral integration site 1
MACS_peak_5307	chr6	47403663	47405046	+	1825	NA	promoter-TSS (NM_012042)	promoter-TSS (NM_012042)	31	NM_012042	26965	Mm.87611	NM_012042	ENSMUSG00000029686	Cul1	-	cullin 1
MACS_peak_1634	chr13	17895182	17896978	+	1825	NA	exon (NM_001081058, exon 1 of 14)	exon (NM_001081058, exon 1 of 14)	851	NM_001081058	69562	Mm.193924	NM_001081058	ENSMUSG00000041297	Cdk13	2310015O17Rik|Cdc2l5	cyclin-dependent kinase 13
MACS_peak_681	chr10	94876939	94880000	+	1825	NA	promoter-TSS (NM_001168657)	promoter-TSS (NM_001168657)	-351	NM_001168656	216233	Mm.474283	NM_001168655	ENSMUSG00000020027	Socs2	8030460M17|AI527257|AW108012|CIS2|Cish2|D130043N08Rik|JAB|MGC118106|SOCS-2|SSI-2|hg	suppressor of cytokine signaling 2
MACS_peak_1583	chr12	112775674	112777271	+	1825	NA	intron (NM_178041, intron 1 of 11)	CpG	160	NM_173363	217869	Mm.470192	NM_173363	ENSMUSG00000021282	Eif5	2810011H21Rik|D12Ertd549e|MGC36374|MGC36509	eukaryotic translation initiation factor 5
MACS_peak_17	chr1	16094249	16096225	+	1780	NA	promoter-TSS (NM_011291)	promoter-TSS (NM_011291)	-723	NM_011291	19989	Mm.397450	NM_011291	ENSMUSG00000043716	Rpl7	MGC102113|Rpl7a|Surf-3	ribosomal protein L7
MACS_peak_165	chr1	88422513	88425162	+	1759	NA	intron (NM_008972, intron 1 of 4)	CpG-365	526	NM_008972	19231	Mm.19187	NM_008972	ENSMUSG00000026238	Ptma	MGC102090|MGC103390|Thym	prothymosin alpha
MACS_peak_1305	chr11	117828870	117831020	+	1759	NA	intron (NM_007707, intron 1 of 1)	CpG	735	NM_007707	12702	Mm.3468	NM_007707	ENSMUSG00000053113	Socs3	Cis3|Cish3|EF-10|Ef10|SSI-3|Ssi3	suppressor of cytokine signaling 3
MACS_peak_2692	chr17	27693228	27695242	+	1721	NA	intron (NM_016660, intron 1 of 4)	CpG-6155	637	NM_001166477	111241	Mm.426212	NM_001166476	ENSMUSG00000078249	Hmga1-rs1	ENSMUSG00000041059|Hmga1|Hmgi-rs1|MGC102580|MGC18558|MGC6198	high mobility group AT-hook I, related sequence 1
MACS_peak_2712	chr17	29230790	29232228	+	1716	NA	intron (NM_007669, intron 1 of 2)	CpG	792	NM_007669	12575	Mm.195663	NM_001111099	ENSMUSG00000023067	Cdkn1a	CAP20|CDKI|CIP1|Cdkn1|P21|SDI1|Waf1|mda6|p21Cip1|p21WAF	cyclin-dependent kinase inhibitor 1A (P21)
MACS_peak_4365	chr4	46463985	46465364	+	1667	NA	intron (NM_130889, intron 1 of 6)	CpG	685	NM_130889	67628	Mm.263913	NM_130889	ENSMUSG00000028333	Anp32b	2410015B15Rik|MGC103080|PAL31|PHAPI2a|Ssp29	acidic (leucine-rich) nuclear phosphoprotein 32 family, member B
MACS_peak_408	chr10	5957991	5959707	+	1667	NA	intron (NM_001033466, intron 1 of 2)	CpG	416	NM_001033466	381990	Mm.262466	NM_001033466	ENSMUSG00000075327	Zbtb2	Gm1103	zinc finger and BTB domain containing 2
MACS_peak_4791	chr5	25003625	25005427	+	1667	NA	promoter-TSS (NM_001081383)	promoter-TSS (NM_001081383)	75	NM_001081383	231051	Mm.332268	NM_001081383	ENSMUSG00000038056	Mll3	E330008K23Rik|HALR|KIAA1506|KMT2C|mKIAA1506	myeloid/lymphoid or mixed-lineage leukemia 3
MACS_peak_4314	chr4	33117363	33118892	+	1667	NA	promoter-TSS (NM_019586)	promoter-TSS (NM_019586)	171	NR_036602	71073	Mm.444292	XM_001475660		4933421O10Rik	-	RIKEN cDNA 4933421O10 gene
MACS_peak_1425	chr12	52929541	52930958	+	1667	NA	5' UTR (NM_144788, exon 1 of 43)	5' UTR (NM_144788, exon 1 of 43)	274	NM_144788	207304	Mm.249391	NM_144788	ENSMUSG00000035247	Hectd1	A630086P08Rik|AI844876|MGC12070|opm	HECT domain containing 1
MACS_peak_668	chr10	90633487	90634827	+	1667	NA	5' UTR (NM_001080129, exon 1 of 9)	5' UTR (NM_001080129, exon 1 of 9)	170	NM_001080132	21917	Mm.439157	NM_001080129	ENSMUSG00000019961	Tmpo	5630400D24Rik|AI195756|AI606875|AW214352|AW547477|LAP2|TP	thymopoietin
MACS_peak_440	chr10	19653531	19655101	+	1667	NA	promoter-TSS (NM_008580)	promoter-TSS (NM_008580)	-16	NM_008580	26408	Mm.6595	NM_008580	ENSMUSG00000071369	Map3k5	7420452D20Rik|ASK|ASK1|MAPKKK5|MGC141518|MGC141519|Mekk5	mitogen-activated protein kinase kinase kinase 5
MACS_peak_4873	chr5	53980269	53982448	+	1667	NA	promoter-TSS (NM_009035)	promoter-TSS (NM_009035)	-96	NM_009035	19664	Mm.209292	NM_001080927	ENSMUSG00000039191	Rbpj	AI843960|CBF1|Igkjrb|Igkrsbp|RBP-J|RBPjk|Rbpsuh	recombination signal binding protein for immunoglobulin kappa J region
MACS_peak_1113	chr11	84683195	84684547	+	1667	NA	intron (NM_153144, intron 1 of 13)	CpG-2359	369	NM_153144	217039	Mm.356653	NM_153144	ENSMUSG00000020530	Ggnbp2	AI451896|C75939|D330017P12Rik|DIF-3|Zfp403	gametogenetin binding protein 2
MACS_peak_83	chr1	55144196	55145516	+	1667	NA	promoter-TSS (NM_010477)	promoter-TSS (NM_010477)	-80	NM_010477	15510	Mm.1777	NM_010477	ENSMUSG00000025980	Hspd1	60kDa|Hsp60	heat shock protein 1 (chaperonin)
MACS_peak_4715	chr4	151369008	151371116	+	1667	NA	5' UTR (NM_172705, exon 1 of 4)	5' UTR (NM_172705, exon 1 of 4)	226	NM_172705	230936	Mm.25582	NM_172705	ENSMUSG00000047777	Phf13	BC029632|Phf5	PHD finger protein 13
MACS_peak_6172	chr8	82162765	82164177	+	1667	NA	promoter-TSS (NM_001081164)	promoter-TSS (NM_001081164)	-104	NM_001081164	73945	Mm.34348	NM_001081164	ENSMUSG00000036990	Otud4	4930431L18Rik|AI449692|D8Ertd69e|mKIAA1046	OTU domain containing 4
MACS_peak_6159	chr8	75071337	75072788	+	1667	NA	5' UTR (NM_027485, exon 1 of 3)	5' UTR (NM_027485, exon 1 of 3)	147	NM_027485	70625	Mm.440960	NM_027485	ENSMUSG00000045248	Med26	5730493L18Rik|AI414941|AW495270|Crsp7	mediator complex subunit 26
MACS_peak_2874	chr17	65961834	65963485	+	1667	NA	5' UTR (NM_013933, exon 1 of 6)	5' UTR (NM_013933, exon 1 of 6)	236	NM_013933	30960	Mm.266767	NM_013933	ENSMUSG00000024091	Vapa	33kDa|VAP33	vesicle-associated membrane protein, associated protein A
MACS_peak_4777	chr5	23180783	23182136	+	1667	NA	Intergenic	CpG	35435	NR_037279	100526503		NR_037279		Mir3096	mmu-mir-3096	microRNA 3096
MACS_peak_3917	chr2	174155090	174156675	+	1667	NA	exon (NM_001077510, exon 1 of 11)	exon (NM_001077510, exon 1 of 11)	292	NM_001077510	14683	Mm.125770	NM_001077507	ENSMUSG00000027523	Gnas	5530400H20Rik|A930027G11Rik|C130027O20Rik|GPSA|GSP|Gnas1|Gnasxl|Gsa|MGC118029|Nesp|Nespl|Oed-Sml|Oedsml|P1|P2|P3|PHP1A|PHP1B|POH	GNAS (guanine nucleotide binding protein, alpha stimulating) complex locus
MACS_peak_3116	chr18	75527015	75529061	+	1667	NA	5' UTR (NM_001042660, exon 1 of 4)	5' UTR (NM_001042660, exon 1 of 4)	1019	NM_001042660	17131	Mm.34407	NM_001042660	ENSMUSG00000025880	Smad7	Madh7	MAD homolog 7 (Drosophila)
MACS_peak_2957	chr18	7868390	7870071	+	1667	NA	promoter-TSS (NM_001146298)	promoter-TSS (NM_001146298)	35	NM_153085	225131	Mm.482081	NM_001146298	ENSMUSG00000024283	Wac	1110067P07Rik|A230035H12Rik|AI256735|AI256776|Wwp4	WW domain containing adaptor with coiled-coil
MACS_peak_1245	chr11	105042090	105043811	+	1667	NA	promoter-TSS (NR_027956)	promoter-TSS (NR_027956)	106	NM_011903	24086	Mm.126976	NM_001112705	ENSMUSG00000020694	Tlk2	4933403M19Rik|PKUalpha|Tlk	tousled-like kinase 2 (Arabidopsis)
MACS_peak_1667	chr13	35832873	35834210	+	1667	NA	5' UTR (NM_001123386, exon 1 of 7)	5' UTR (NM_001123386, exon 1 of 7)	270	NM_001123386	12593	Mm.29002	NM_001123386	ENSMUSG00000059288	Cdyl	AI325931	chromodomain protein, Y chromosome-like
MACS_peak_3927	chr2	179776558	179777921	+	1661	NA	promoter-TSS (NM_011969)	promoter-TSS (NM_011969)	51	NM_178750	269397	Mm.63068	NM_178750	ENSMUSG00000039086	Ss18l1	A230053O16Rik|CREST	synovial sarcoma translocation gene on chromosome 18-like 1
MACS_peak_5053	chr5	122285808	122287330	+	1661	NA	5' UTR (NM_008507, exon 1 of 8)	5' UTR (NM_008507, exon 1 of 8)	241	NM_008507	16923	Mm.65493	NM_008507	ENSMUSG00000042594	Sh2b3	AI429800|Lnk	SH2B adaptor protein 3
MACS_peak_3600	chr2	75541630	75543072	+	1626	NA	intron (NM_010902, intron 1 of 4)	CpG	347	NM_010902	18024	Mm.1025	NM_010902	ENSMUSG00000015839	Nfe2l2	AI194320|Nrf2	nuclear factor, erythroid derived 2, like 2
MACS_peak_707	chr10	116017875	116019247	+	1600	NA	promoter-TSS (NM_001037846)	promoter-TSS (NM_001037846)	6	NM_001037848	72068	Mm.351553	NM_001037846	ENSMUSG00000020166	Cnot2	2600016M12Rik|2810470K03Rik|AA537049|AA959607|AW557563|C79650|MGC115808	CCR4-NOT transcription complex, subunit 2
MACS_peak_1989	chr14	57504324	57505949	+	1600	NA	Intergenic	CpG	-1496	NM_029498	76007	Mm.31417	NM_029498	ENSMUSG00000021945	Zmym2	5830413P05Rik|FIM|MGC51607|MYM|RAMP|SCLL|Zfp198|Znf198	zinc finger, MYM-type 2
MACS_peak_432	chr10	17443063	17444452	+	1600	NA	exon (NM_010828, exon 2 of 2)	exon (NM_010828, exon 2 of 2)	723	NM_010828	17684	Mm.272321	NM_010828	ENSMUSG00000039910	Cited2	AI835299|ER154-like|Mrg1|Msg2|p35srj	Cbp/p300-interacting transactivator, with Glu/Asp-rich carboxy-terminal domain, 2
MACS_peak_835	chr11	22758925	22760437	+	1600	NA	promoter-TSS (NM_016888)	promoter-TSS (NM_016888)	54	NM_016888	53625	Mm.460502	NM_001169114	ENSMUSG00000051650	B3gnt2	AA408337|AA409404|AW260308|B3Galt6|B3gnt1|BGnT-1|BGnT-2|BGnT1|BGnT2|Beta3gnt	UDP-GlcNAc:betaGal beta-1,3-N-acetylglucosaminyltransferase 2
MACS_peak_4768	chr5	20387188	20388572	+	1600	NA	promoter-TSS (NM_172992)	promoter-TSS (NM_172992)	62	NM_172992	68770	Mm.86410	NM_172992	ENSMUSG00000039987	Phtf2	1110054G21Rik|9530062N20Rik|AI447096|C77923	putative homeodomain transcription factor 2
MACS_peak_3897	chr2	167514298	167515642	+	1586	NA	exon (NM_009883, exon 1 of 1)	exon (NM_009883, exon 1 of 1)	555	NM_009883	12608	Mm.439656	NM_009883	ENSMUSG00000056501	Cebpb	C/EBPbeta|CRP2|IL-6DBP|LAP|LIP|NF-IL6|NF-M|Nfil6	CCAAT/enhancer binding protein (C/EBP), beta
MACS_peak_4427	chr4	94717541	94719777	+	1586	NA	5' UTR (NM_010591, exon 1 of 1)	5' UTR (NM_010591, exon 1 of 1)	254	NM_010591	16476	Mm.275071	NM_010591	ENSMUSG00000052684	Jun	AP-1|Junc|c-jun	Jun oncogene
MACS_peak_3964	chr3	19210502	19211818	+	1586	NA	5' UTR (NM_001122759, exon 1 of 13)	5' UTR (NM_001122759, exon 1 of 13)	162	NM_001122759	18583	Mm.355614	NM_001122759	ENSMUSG00000069094	Pde7a	AU015378|AW047537	phosphodiesterase 7A
MACS_peak_1988	chr14	57430063	57431463	+	1586	NA	promoter-TSS (NM_144842)	promoter-TSS (NM_144842)	-210	NM_144842	219105	Mm.473172	NM_144842	ENSMUSG00000040123	Zmym5	9830124H08Rik|MGC38922	zinc finger, MYM-type 5
MACS_peak_789	chr11	4998324	5000022	+	1586	NA	promoter-TSS (NM_007968)	promoter-TSS (NM_007968)	-93	NM_007968	14030	Mm.142822	NM_007968	ENSMUSG00000009079	Ewsr1	AU018891|Ews|Ewsh	Ewing sarcoma breakpoint region 1
MACS_peak_1488	chr12	79326916	79328384	+	1586	NA	promoter-TSS (NM_145965)	promoter-TSS (NM_145965)	8	NM_145965	268566	Mm.453131	NM_145965	ENSMUSG00000047454	Gphn	5730552E08Rik|AI662856|BC027112|C230040D23|GPH|GPHRYN|MGC150066|MGC38765|geph	gephyrin
MACS_peak_4748	chr5	3341062	3344806	+	1586	NA	Intergenic	CpG	-1378	NM_009873	12571	Mm.399714	NM_009873	ENSMUSG00000040274	Cdk6	5830411I20|AI504062|Crk2	cyclin-dependent kinase 6
MACS_peak_5589	chr7	16631994	16633797	+	1574	NA	Intergenic	CpG	-24396	NM_001099277	666528	Mm.290718	NM_001099277	ENSMUSG00000078796	Zfp541	EG666528|Znf541	zinc finger protein 541
MACS_peak_1619	chr13	9762954	9764463	+	1552	NA	intron (NM_144516, intron 1 of 13)	CpG	852	NM_001199141	66505	Mm.397307	NM_001199141	ENSMUSG00000021156	Zmynd11	2210402G22Rik|BS69	zinc finger, MYND domain containing 11
MACS_peak_1183	chr11	98010311	98011743	+	1552	NA	promoter-TSS (NM_028149)	promoter-TSS (NM_028149)	-97	NM_028149	72194	Mm.218350	NM_028149	ENSMUSG00000020883	Fbxl20	2610511F20Rik|4632423N09Rik|AI849362|AL117906|C86145|Fbl2|KIAA4147|Scr|mKIAA4147	F-box and leucine-rich repeat protein 20
MACS_peak_4776	chr5	22938917	22940749	+	1548	NA	promoter-TSS (NM_026984)	promoter-TSS (NM_026984)	-414	NM_026984	69188	Mm.403814	NM_026984	ENSMUSG00000029004	Mll5	1810033J14Rik|9530077A04Rik|D230038D11Rik|FLJ10078|Kmt2E	myeloid/lymphoid or mixed-lineage leukemia 5
MACS_peak_2825	chr17	46993635	46995651	+	1548	NA	Intergenic	(CA)n|Simple_repeat|Simple_repeat	-26281	NM_001100452	210982	Mm.37642	NM_001100452	ENSMUSG00000036568	BC032203	KIAA0240|mKIAA0240	cDNA sequence BC032203
MACS_peak_1481	chr12	76696453	76697786	+	1548	NA	promoter-TSS (NM_012024)	promoter-TSS (NM_012024)	68	NM_012024	26932	Mm.440646	NM_012024	ENSMUSG00000021051	Ppp2r5e	4633401M22Rik|AI449017|B56beta	protein phosphatase 2, regulatory subunit B (B56), epsilon isoform
MACS_peak_1457	chr12	70297805	70299162	+	1548	NA	exon (NM_027269, exon 1 of 3)	exon (NM_027269, exon 1 of 3)	285	NR_033222	414085	Mm.256223	NR_033222		9330151L19Rik	-	RIKEN cDNA 9330151L19 gene
MACS_peak_1898	chr14	26278419	26280920	+	1538	NA	intron (NM_183208, intron 1 of 23)	CpG	998	NM_183208	328365	Mm.392057	NM_183208	ENSMUSG00000007817	Zmiz1	BC065120|E330020C23|ENSMUSG00000072684|Gm10397|I920194n01|Rai17|Zimp10	zinc finger, MIZ-type containing 1
MACS_peak_956	chr11	59918579	59920569	+	1527	NA	intron (NM_009021, intron 1 of 5)	CpG	1059	NM_009021	19377	Mm.296366	NM_001037764	ENSMUSG00000062115	Rai1	Gt1	retinoic acid induced 1
MACS_peak_5925	chr7	135019162	135020818	+	1497	NA	5' UTR (NM_146259, exon 1 of 3)	5' UTR (NM_146259, exon 1 of 3)	347	NM_146259	244219	Mm.425491	NM_146259	ENSMUSG00000049728	Zfp668	BC030314|E130018B19Rik|MGC40890|Znf668	zinc finger protein 668
MACS_peak_1143	chr11	93746328	93748216	+	1497	NA	promoter-TSS (NM_001013375)	promoter-TSS (NM_001013375)	-192	NM_001013375	217109	Mm.379350	NM_001013375	ENSMUSG00000054079	Utp18	6230425C22Rik|6430513M13|MGC141453|MGC141454|Wdr50	UTP18, small subunit (SSU) processome component, homolog (yeast)
MACS_peak_4744	chr4	155265205	155266794	+	1490	NA	promoter-TSS (NM_001033490)	promoter-TSS (NM_001033490)	15	NM_207223	140500	Mm.219591	NM_207223	ENSMUSG00000029033	Acap3	Centb5|Kiaa1716-hp|mKIAA1716	ArfGAP with coiled-coil, ankyrin repeat and PH domains 3
MACS_peak_3999	chr3	37317996	37319607	+	1479	NA	promoter-TSS (NM_153561)	promoter-TSS (NM_153561)	-289	NM_153561	229228	Mm.472818	NM_153561	ENSMUSG00000050174	Nudt6	Asfgf2b|MGC27904	nudix (nucleoside diphosphate linked moiety X)-type motif 6
MACS_peak_2795	chr17	39980141	39983255	+	1444	NA	TTS (NR_030494)	TTS (NR_030494)	617	NR_030494							
MACS_peak_2590	chr17	4994049	4996742	+	1422	NA	exon (NM_001085355, exon 1 of 20)	exon (NM_001085355, exon 1 of 20)	321	NM_001085355	239985	Mm.133401	NM_001085355	ENSMUSG00000069729	Arid1b	8030481M12|9330189K18Rik|AI836955|Ardi1b|B230217J03Rik|mKIAA1235	AT rich interactive domain 1B (SWI-like)
MACS_peak_4830	chr5	34162861	34164209	+	1422	NA	Intergenic	CpG	-22226	NM_175231	107823	Mm.456405	NM_001081102	ENSMUSG00000057406	Whsc1	5830445G22Rik|9430010A17Rik|AW555663|C130020C13Rik|D030027O06Rik|D930023B08Rik|Whsc1l|mKIAA1090	Wolf-Hirschhorn syndrome candidate 1 (human)
MACS_peak_4890	chr5	66154570	66156118	+	1422	NA	intron (NM_001024917, intron 1 of 19)	CpG	584	NM_001024917	333789	Mm.393231	NM_001024917	ENSMUSG00000037795	N4bp2	B3bp|E430014I16|Gm1791|Gm868	NEDD4 binding protein 2
MACS_peak_6265	chr8	108159958	108161515	+	1422	NA	intron (NM_181322, intron 1 of 11)	CpG	298	NM_181322	13018	Mm.269474	NM_181322	ENSMUSG00000005698	Ctcf	AW108038	CCCTC-binding factor
MACS_peak_3286	chr19	30104444	30105784	+	1422	NA	5' UTR (NM_144873, exon 1 of 16)	5' UTR (NM_144873, exon 1 of 16)	111	NM_144873	109113	Mm.313364	NM_144873	ENSMUSG00000024817	Uhrf2	2310065A22Rik|AI426270|AW214556|D130071B19Rik|Nirf	ubiquitin-like, containing PHD and RING finger domains 2
MACS_peak_1854	chr13	112597985	112599793	+	1422	NA	exon (NM_011945, exon 1 of 20)	exon (NM_011945, exon 1 of 20)	302	NM_011945	26401	Mm.15918	NM_011945	ENSMUSG00000021754	Map3k1	MAPKKK1|MEKK1|Mekk	mitogen-activated protein kinase kinase kinase 1
MACS_peak_671	chr10	92623545	92624912	+	1422	NA	intron (NM_146239, intron 1 of 16)	CpG	607	NM_146239	237459		NM_146239	ENSMUSG00000020015	Cdk17	6430598J10Rik|MGC25109|Pctk2	cyclin-dependent kinase 17
MACS_peak_2055	chr14	79880533	79881971	+	1422	NA	promoter-TSS (NM_018765)	promoter-TSS (NM_018765)	-177	NM_018765	22380	Mm.476813	NM_018765	ENSMUSG00000022023	Wbp4	AW545037|BB101031|FBP21	WW domain binding protein 4
MACS_peak_6638	chr9	94437679	94439407	+	1422	NA	promoter-TSS (NM_001033145)	promoter-TSS (NM_001033145)	-43	NM_001033145	68861	Mm.258746	NM_001033145	ENSMUSG00000045414	1190002N15Rik	GoPro49	RIKEN cDNA 1190002N15 gene
MACS_peak_2951	chr18	5591499	5592972	+	1422	NA	3' UTR (NR_033552, exon 1 of 7)	3' UTR (NR_033552, exon 1 of 7)	200	NR_033552	791318	Mm.84339	NR_033552		Gm10125	ENSMUSG00000063087	predicted gene 10125
MACS_peak_1797	chr13	91600103	91601823	+	1422	NA	intron (NM_024272, intron 1 of 16)	CpG	261	NM_024272	66970	Mm.343095	NM_024186	ENSMUSG00000003992	Ssbp2	1500004K09Rik|2310079I02Rik|9330163K02Rik|A830008M03Rik|AU067692|AW558684|Hspc116|SSDP2	single-stranded DNA binding protein 2
MACS_peak_154	chr1	84835085	84836881	+	1422	NA	promoter-TSS (NM_133975)	promoter-TSS (NM_133975)	-104	NM_133975	14897	Mm.209265	NM_133975	ENSMUSG00000026219	Trip12	1110036I07Rik|6720416K24Rik|AA410158|Gtl6|MGC31615	thyroid hormone receptor interactor 12
MACS_peak_4030	chr3	58218790	58221127	+	1422	NA	exon (NM_001081229, exon 1 of 4)	exon (NM_001081229, exon 1 of 4)	347	NM_001081229	72033	Mm.218409	NM_001081229	ENSMUSG00000027806	Tsc22d2	1810043J12Rik|5530402M19Rik	TSC22 domain family, member 2
MACS_peak_5542	chr6	140572086	140573593	+	1422	NA	promoter-TSS (NM_009637)	promoter-TSS (NM_009637)	20	NM_009637	11569	Mm.479349	NM_001005605	ENSMUSG00000030232	Aebp2	AU023766|B230313N05Rik	AE binding protein 2
MACS_peak_2842	chr17	51951943	51953342	+	1422	NA	intron (NM_001163632, intron 1 of 10)	CpG	-1263	NM_001163630	20230	Mm.311655	NM_001163630	ENSMUSG00000023927	Satb1	2610306G12Rik|AW413156	special AT-rich sequence binding protein 1
MACS_peak_2763	chr17	35137712	35139215	+	1422	NA	exon (NM_011690, exon 2 of 30)	exon (NM_011690, exon 2 of 30)	611	NM_011690	22321	Mm.28420	NM_011690	ENSMUSG00000007029	Vars	Bat6|D17H6S56E|G7a|Vars2	valyl-tRNA synthetase
MACS_peak_6432	chr9	31087613	31089273	+	1422	NA	Intergenic	CpG	5960	NM_001101597	638580	Mm.373655	NM_001101597		Gm7244	EG638580	predicted gene 7244
MACS_peak_3376	chr19	59419279	59420733	+	1422	NA	exon (NM_001033222, exon 1 of 5)	exon (NM_001033222, exon 1 of 5)	264	NM_001033222	107368	Mm.485461	NM_001033222	ENSMUSG00000074746	Pdzd8	A630041P07Rik|AV329468|AW228944|Pdzk8	PDZ domain containing 8
MACS_peak_1151	chr11	94852363	94853950	+	1421	NA	exon (NM_172261, exon 1 of 10)	exon (NM_172261, exon 1 of 10)	630	NM_172261	217124		NM_172261	ENSMUSG00000038976	Ppp1r9b	MGC38940|Spn	protein phosphatase 1, regulatory subunit 9B
MACS_peak_3654	chr2	103636460	103637886	+	1421	NA	promoter-TSS (NM_001111289)	promoter-TSS (NM_001111289)	62	NM_001111290	53872	Mm.427589	NM_001111289	ENSMUSG00000027184	Caprin1	AL022980|Caprin-1|Gpiap|Gpiap1|Mmgpip137|P137|rng105	cell cycle associated protein 1
MACS_peak_452	chr10	26093582	26096010	+	1419	NA	intron (NM_172787, intron 1 of 21)	CpG	195	NM_172787	237339	Mm.338439	NM_172787	ENSMUSG00000039089	L3mbtl3	AI481284|MBT-1|MGC90546	l(3)mbt-like 3 (Drosophila)
MACS_peak_1134	chr11	87881257	87882587	+	1417	NA	promoter-TSS (NM_016686)	promoter-TSS (NM_016686)	79	NM_016686	22344	Mm.46628	NM_016686	ENSMUSG00000018377	Vezf1	AI848691|AW046909|db1	vascular endothelial zinc finger 1
MACS_peak_978	chr11	62270192	62271685	+	1417	NA	promoter-TSS (NM_011308)	promoter-TSS (NM_011308)	-104	NM_011308	20185	Mm.460227	NM_011308	ENSMUSG00000018501	Ncor1	5730405M06Rik|A230020K14Rik|N-CoR|RIP13|Rxrip13|mKIAA1047	nuclear receptor co-repressor 1
MACS_peak_5893	chr7	133645886	133647267	+	1410	NA	exon (NM_183020, exon 1 of 23)	exon (NM_183020, exon 1 of 23)	240	NM_183020	233871	Mm.231450	NM_183020	ENSMUSG00000032637	Atxn2l	A2D|A2LG|A2RP|A2lp|Atxnl2	ataxin 2-like
MACS_peak_4889	chr5	66088253	66089708	+	1410	NA	intron (NM_001081321, intron 1 of 31)	CpG-11115	115	NM_001081321	71521	Mm.278974	NM_001081321	ENSMUSG00000029202	Pds5a	9030416H16Rik|E230024D05Rik|mKIAA0648	PDS5, regulator of cohesion maintenance, homolog A (S. cerevisiae)
MACS_peak_4013	chr3	51143599	51145529	+	1404	NA	Intergenic	CpG	-14655	NM_023502	69257	Mm.131038	NM_023502	ENSMUSG00000037174	Elf2	2610036A20Rik|A230104O07Rik|AW111824|BB183398|EU32|MGC102660|NERF|NERF-1A|NERF-1B|NERF-2	E74-like factor 2
MACS_peak_2009	chr14	63379079	63380920	+	1397	NA	promoter-TSS (NM_008715)	promoter-TSS (NM_008715)	-50	NM_008715	18130	Mm.441110	NM_008715	ENSMUSG00000035161	Ints6	2900075H24Rik|AI480962|DICE1|Ddx26|HDB|Notch2l	integrator complex subunit 6
MACS_peak_3461	chr2	28694506	28696426	+	1391	NA	promoter-TSS (NM_001033294)	promoter-TSS (NM_001033294)	414	NM_172977	269252	Mm.26043	NM_001166033	ENSMUSG00000035666	Gtf3c4	5330400C03|AI426938|AU014771|AU017413|KAT12|TFIIIC90	general transcription factor IIIC, polypeptide 4
MACS_peak_6255	chr8	107694309	107695672	+	1391	NA	intron (NM_022309, intron 1 of 5)	CpG	416	NM_001161458	12400	Mm.2018	NM_001161456	ENSMUSG00000031885	Cbfb	AI893578|PEA2|PEBP2b|Pebp2|Pebpb2	core binding factor beta
MACS_peak_585	chr10	79612448	79613796	+	1386	NA	intron (NM_021565, intron 2 of 8)	CpG-1254	2087	NM_021565	59090	Mm.143813	NM_021565	ENSMUSG00000035621	Midn	3000003C15Rik	midnolin
MACS_peak_3454	chr2	27281152	27282698	+	1373	NA	exon (NM_009500, exon 1 of 28)	exon (NM_009500, exon 1 of 28)	420	NM_009500	22325	Mm.179011	NM_009500	ENSMUSG00000009621	Vav2	2810040F13Rik|AI847175	vav 2 oncogene
MACS_peak_1356	chr12	3806566	3807911	+	1373	NA	intron (NM_007872, intron 1 of 22)	intron (NM_007872, intron 1 of 22)	258	NM_007872	13435	Mm.5001	NM_007872	ENSMUSG00000020661	Dnmt3a	AU015806|W91664	DNA methyltransferase 3A
MACS_peak_5408	chr6	86992120	86993562	+	1363	NA	promoter-TSS (NM_013528)	promoter-TSS (NM_013528)	1	NM_013528	14583	Mm.19893	NM_013528	ENSMUSG00000029992	Gfpt1	2810423A18Rik|AI324119|AI449986|GFA|GFAT|GFAT1|GFAT1m|Gfpt	glutamine fructose-6-phosphate transaminase 1
MACS_peak_2543	chr16	84834713	84836195	+	1363	NA	promoter-TSS (NM_008065)	promoter-TSS (NM_008065)	85	NM_008065	14390	Mm.18974	NM_008065	ENSMUSG00000008976	Gabpa	GABPalpha	GA repeat binding protein, alpha
MACS_peak_837	chr11	23155291	23156963	+	1350	NA	promoter-TSS (NM_001035226)	promoter-TSS (NM_001035226)	86	NM_134014	103573	Mm.217547	NM_001035226	ENSMUSG00000020290	Xpo1	AA420417|Crm1|Exp1	exportin 1, CRM1 homolog (yeast)
MACS_peak_6129	chr8	73222210	73224252	+	1350	NA	exon (NM_010592, exon 1 of 1)	exon (NM_010592, exon 1 of 1)	1593	NM_010592	16478	Mm.419851	NM_010592	ENSMUSG00000071076	Jund	Jund1|MGC6245	Jun proto-oncogene related gene d
MACS_peak_1014	chr11	69809394	69810717	+	1350	NA	intron (NM_030064, intron 1 of 4)	CpG	782	NM_030064	78246	Mm.413084	NM_030064	ENSMUSG00000018572	Phf23	2410141M05Rik|JUNE-1|RP23-172M21.13	PHD finger protein 23
MACS_peak_911	chr11	51670143	51671549	+	1350	NA	5' UTR (NM_199299, exon 1 of 12)	5' UTR (NM_199299, exon 1 of 12)	137	NM_199299	76901	Mm.259996	NM_199299	ENSMUSG00000020387	Phf15	1200017K05Rik|AI480685|Jade2|mKIAA0239	PHD finger protein 15
MACS_peak_2303	chr15	96117571	96119150	+	1350	NA	exon (NM_175251, exon 2 of 21)	exon (NM_175251, exon 2 of 21)	407	NM_175251	77044	Mm.17166	NM_175251	ENSMUSG00000033237	Arid2	1700124K17Rik|4432409D24Rik|zipzap/p200	AT rich interactive domain 2 (ARID, RFX-like)
MACS_peak_1069	chr11	77499665	77501341	+	1350	NA	intron (NM_001024205, intron 1 of 3)	CpG	862	NM_001024205	68564	Mm.428996	NM_001024205	ENSMUSG00000037857	Nufip2	1110001M19Rik|9530056D24Rik|AI256692|AI461731|PIG1|mKIAA1321	nuclear fragile X mental retardation protein interacting protein 2
MACS_peak_4939	chr5	96590050	96591509	+	1350	NA	promoter-TSS (NM_178854)	promoter-TSS (NM_178854)	-5	NM_178854	231464	Mm.384746	NM_144910	ENSMUSG00000034724	Cnot6l	4932442K20Rik|DKFZp434K098|MGC29037	CCR4-NOT transcription complex, subunit 6-like
MACS_peak_6630	chr9	88376210	88377998	+	1350	NA	5' UTR (NM_019796, exon 1 of 12)	5' UTR (NM_019796, exon 1 of 12)	131	NM_019666	56403	Mm.260545	NM_019666	ENSMUSG00000032423	Syncrip	2610109K23Rik|4632417O19Rik|GRY-RBP|Nsap1|Nsap1l|pp68	synaptotagmin binding, cytoplasmic RNA interacting protein
MACS_peak_6620	chr9	82868016	82869680	+	1350	NA	intron (NM_001081216, intron 1 of 39)	CpG-15217	248	NM_001081216	83946	Mm.221688	NM_001081216	ENSMUSG00000032253	Phip	2810004D21Rik|4632404O06Rik|Ndrp|Wdr11	pleckstrin homology domain interacting protein
MACS_peak_4230	chr3	136332495	136334662	+	1350	NA	promoter-TSS (NM_008913)	promoter-TSS (NM_008913)	-156	NM_008913	19055	Mm.331389	NM_008913	ENSMUSG00000028161	Ppp3ca	2900074D19Rik|AI841391|AW413465|CN|Caln|Calna|CnA|MGC106804	protein phosphatase 3, catalytic subunit, alpha isoform
MACS_peak_777	chr11	3189688	3191001	+	1345	NA	promoter-TSS (NM_019574)	promoter-TSS (NM_019574)	-116	NM_019574	56218	Mm.275563	NM_019574	ENSMUSG00000020453	Patz1	8430401L15Rik|AI447519|Mazr|Patz|Zfp278	POZ (BTB) and AT hook containing zinc finger 1
MACS_peak_753	chr10	127495502	127496887	+	1345	NA	5' UTR (NM_019766, exon 1 of 8)	5' UTR (NM_019766, exon 1 of 8)	156	NM_019766	56351	Mm.305816	NM_019766	ENSMUSG00000071072	Ptges3	5730442A20Rik|Ptges|Tebp|cPGES|p23|sid3177	prostaglandin E synthase 3 (cytosolic)
MACS_peak_6363	chr8	127472104	127473641	+	1341	NA	exon (NM_053207, exon 1 of 5)	exon (NM_053207, exon 1 of 5)	282	NM_053207	112405	Mm.140619	NM_053207	ENSMUSG00000031987	Egln1	AI503754|C1orf12|Hif-p4h-2|ORF13|Phd2|SM-20	EGL nine homolog 1 (C. elegans)
MACS_peak_1255	chr11	106649072	106650786	+	1341	NA	promoter-TSS (NM_007840)	promoter-TSS (NM_007840)	-121	NM_007840	13207	Mm.220038	NM_007840	ENSMUSG00000020719	Ddx5	2600009A06Rik|G17P1|HUMP68|Hlr1|MGC118083|p68	DEAD (Asp-Glu-Ala-Asp) box polypeptide 5
MACS_peak_365	chr1	182570810	182572158	+	1341	NA	promoter-TSS (NM_175186)	promoter-TSS (NM_175186)	19	NM_001103182	72568	Mm.275044	NM_001103182	ENSMUSG00000058729	Lin9	2700022J23Rik|AA537062|AA545216|Bara|TGS|TGS1	lin-9 homolog (C. elegans)
MACS_peak_2926	chr17	84585000	84587790	+	1337	NA	exon (NM_001001806, exon 2 of 2)	exon (NM_001001806, exon 2 of 2)	892	NM_001001806	12193	Mm.259321	NM_001001806	ENSMUSG00000045817	Zfp36l2	Brf2|ERF2|Tis11d	zinc finger protein 36, C3H type-like 2
MACS_peak_1263	chr11	108204230	108205556	+	1322	NA	exon (NM_011101, exon 1 of 17)	exon (NM_011101, exon 1 of 17)	309	NM_011101	18750	Mm.222178	NM_011101	ENSMUSG00000050965	Prkca	AI875142|Pkca	protein kinase C, alpha
MACS_peak_367	chr1	182742647	182744510	+	1317	NA	intron (NM_008210, intron 1 of 3)	CpG	156	NM_008210	15078	Mm.442502	NM_008210	ENSMUSG00000060743	H3f3a	H3.3A|H3f3b|MGC102150	H3 histone, family 3A
MACS_peak_6205	chr8	87501109	87502571	+	1307	NA	exon (NM_008416, exon 1 of 1)	exon (NM_008416, exon 1 of 1)	807	NM_008416	16477	Mm.470093	NM_008416	ENSMUSG00000052837	Junb	-	Jun-B oncogene
MACS_peak_2748	chr17	34168021	34169372	+	1299	NA	promoter-TSS (NM_001077709)	promoter-TSS (NM_001077709)	-61	NM_008202	14977	Mm.18556	NM_001077709	ENSMUSG00000024327	Slc39a7	AA408174|AI117660|AL024048|H-2Ke4|H2-Ke4|Ke-4|Ke4|MGC143814|MGC143815|Ring5|Zip7	solute carrier family 39 (zinc transporter), member 7
MACS_peak_6335	chr8	124805097	124807209	+	1281	NA	5' UTR (NM_009569, exon 1 of 10)	5' UTR (NM_009569, exon 1 of 10)	112	NM_009569	22761	Mm.390068	NM_009569	ENSMUSG00000049577	Zfpm1	FOG|Fog1	zinc finger protein, multitype 1
MACS_peak_3506	chr2	32567677	32569171	+	1273	NA	promoter-TSS (NM_130860)	promoter-TSS (NM_130860)	-16	NR_037217	100499514		NR_037217		Mir2861	mmu-mir-2861	microRNA 2861
MACS_peak_470	chr10	40020135	40021587	+	1273	NA	intron (NM_009665, intron 1 of 7)	CpG	1131	NM_007444	100041585	Mm.476925	NM_007444	ENSMUSG00000063953	Amd2	AdoMetDC|Amd1|Amd3|ENSMUSG00000063953	S-adenosylmethionine decarboxylase 2
MACS_peak_1366	chr12	8505662	8507154	+	1197	NA	exon (NM_007483, exon 1 of 1)	exon (NM_007483, exon 1 of 1)	383	NM_007483	11852	Mm.687	NM_007483	ENSMUSG00000054364	Rhob	AA017882|Arh6|Arhb|MGC117867	ras homolog gene family, member B
MACS_peak_2080	chr14	120876445	120878182	+	1182	NA	promoter-TSS (NM_029519)	promoter-TSS (NM_029519)	-370	NM_029519	76108	Mm.261448	NM_029519	ENSMUSG00000051615	Rap2a	5830461H18Rik	RAS related protein 2a
MACS_peak_3038	chr18	39648701	39650980	+	1182	NA	Intergenic	CpG	-2941	NM_008173	14815	Mm.129481	NM_008173	ENSMUSG00000024431	Nr3c1	GR|Grl-1|Grl1	nuclear receptor subfamily 3, group C, member 1
MACS_peak_5061	chr5	122951286	122952713	+	1182	NA	5' UTR (NM_009722, exon 1 of 21)	5' UTR (NM_009722, exon 1 of 21)	235	NM_001110140	11938	Mm.227583	NM_001110140	ENSMUSG00000029467	Atp2a2	9530097L16Rik|D5Wsu150e|KIAA4195|SERCA2|SERCA2B|mKIAA4195	ATPase, Ca++ transporting, cardiac muscle, slow twitch 2
MACS_peak_4239	chr3	138737470	138738820	+	1182	NA	promoter-TSS (NM_001040690)	promoter-TSS (NM_001040690)	18	NM_145544	229877	Mm.28893	NM_001040690	ENSMUSG00000028149	Rap1gds1	BC011279|GDS1|MGC18981	RAP1, GTP-GDP dissociation stimulator 1
MACS_peak_4045	chr3	68808716	68810193	+	1182	NA	promoter-TSS (NM_026641)	promoter-TSS (NM_026641)	560	NM_133786	70099	Mm.206841	NM_133786	ENSMUSG00000034349	Smc4	2500002A22Rik|C79747|SMC-4|Smc4l1	structural maintenance of chromosomes 4
MACS_peak_13	chr1	13362417	13364727	+	1182	NA	intron (NM_008678, intron 1 of 22)	CpG	592	NM_001077695	17978	Mm.2537	NM_001077695	ENSMUSG00000005886	Ncoa2	9530095N19|D1Ertd433e|GRIP-1|Grip1|KAT13C|SRC-2|TIF-2|TIF2|bHLHe75	nuclear receptor coactivator 2
MACS_peak_349	chr1	179187449	179189289	+	1182	NA	Intergenic	CpG	-9471	NM_011785	23797	Mm.235194	NM_011785	ENSMUSG00000019699	Akt3	AI851531|D930002M15Rik|Nmf350	thymoma viral proto-oncogene 3
MACS_peak_1266	chr11	109333630	109335196	+	1182	NA	promoter-TSS (NM_028710)	promoter-TSS (NM_028710)	130	NM_134038	104681	Mm.265874	NM_001029842	ENSMUSG00000041920	Slc16a6	AW743111|ESTM12|MCT6|MGC27628	solute carrier family 16 (monocarboxylic acid transporters), member 6
MACS_peak_1688	chr13	44825221	44826598	+	1182	NA	promoter-TSS (NM_001205044)	promoter-TSS (NM_001205044)	-234	NM_001205044	16468	Mm.25059	NM_001205043	ENSMUSG00000038518	Jarid2	Jmj|jumonji	jumonji, AT rich interactive domain 2
MACS_peak_5052	chr5	122160995	122163061	+	1182	NA	exon (NM_009125, exon 1 of 25)	exon (NM_009125, exon 1 of 25)	410	NM_009125	20239	Mm.260900	NM_009125	ENSMUSG00000042605	Atxn2	9630045M23Rik|ATX2|AW544490|Sca2	ataxin 2
MACS_peak_4433	chr4	98589664	98591111	+	1182	NA	promoter-TSS (NM_146144)	promoter-TSS (NM_146144)	-114	NM_146144	230484	Mm.371692	NM_146144	ENSMUSG00000028560	Usp1	MGC25559	ubiquitin specific peptidase 1
MACS_peak_4879	chr5	65194097	65195438	+	1182	NA	promoter-TSS (NM_008453)	promoter-TSS (NM_008453)	5	NM_008453	16599	Mm.439720	NM_008453	ENSMUSG00000029178	Klf3	9930027G08Rik|AL024007|Bklf|MGC151315|Tef-2	Kruppel-like factor 3 (basic)
MACS_peak_1670	chr13	37917934	37919820	+	1182	NA	promoter-TSS (NM_001177868)	promoter-TSS (NM_001177868)	96	NR_033615	68750	Mm.132634	NM_001039188	ENSMUSG00000039087	Rreb1	1110037N09Rik|AA414966|B930013M22Rik	ras responsive element binding protein 1
MACS_peak_4063	chr3	84618008	84619338	+	1182	NA	promoter-TSS (NM_001177773)	promoter-TSS (NM_001177773)	-826	NM_001177773	50754	Mm.196475	NM_001177773	ENSMUSG00000028086	Fbxw7	1110001A17Rik|AGO|Cdc4|Fbw7|Fbwd6|Fbx30|Fbxo30|Fbxw6|SEL-10	F-box and WD-40 domain protein 7
MACS_peak_5292	chr6	39155513	39157195	+	1182	NA	intron (NM_001033430, intron 1 of 19)	CpG	418	NM_001033430	338523	Mm.293175	NM_001033430	ENSMUSG00000042599	Jhdm1d	A630082K20Rik|BB041802|ENSMUSG00000073143|Kdm7a|mKIAA1718	jumonji C domain-containing histone demethylase 1 homolog D (S. cerevisiae)
MACS_peak_3417	chr2	20889638	20891355	+	1182	NA	promoter-TSS (NR_033225)	promoter-TSS (NR_033225)	-5	NR_033225	433408	Mm.386941	NR_033225		Gm13375	OTTMUSG00000011664	predicted gene 13375
MACS_peak_4472	chr4	114580530	114582238	+	1182	NA	promoter-TSS (NR_030721)	promoter-TSS (NR_030721)	119	NM_008593	17301	Mm.7997	NM_008593	ENSMUSG00000055210	Foxd2	AI426778|Mf2	forkhead box D2
MACS_peak_2977	chr18	15221274	15222829	+	1182	NA	promoter-TSS (NM_001142731)	promoter-TSS (NM_001142731)	40	NM_001142731	106931	Mm.329299	NM_001142731	ENSMUSG00000036225	Kctd1	4933402K10Rik|AI661543|AW553000	potassium channel tetramerisation domain containing 1
MACS_peak_5606	chr7	19856120	19857468	+	1182	NA	intron (NM_009499, intron 1 of 12)	CpG	409	NM_009499	22323	Mm.9684	NM_009499	ENSMUSG00000030403	Vasp	AA107290	vasodilator-stimulated phosphoprotein
MACS_peak_5783	chr7	91031183	91033045	+	1182	NA	5' UTR (NM_030705, exon 1 of 1)	5' UTR (NM_030705, exon 1 of 1)	737	NM_030705	80889	Mm.272998	NM_030705	ENSMUSG00000070462	Mesdc1	AW061151	mesoderm development candidate 1
MACS_peak_4860	chr5	43623956	43626426	+	1182	NA	exon (NM_001177379, exon 1 of 11)	exon (NM_001177379, exon 1 of 11)	489	NM_001177379	231207	Mm.7233	NM_001177379	ENSMUSG00000039782	Cpeb2	A630055H10Rik|Cpe-bp2	cytoplasmic polyadenylation element binding protein 2
MACS_peak_6168	chr8	81032292	81033794	+	1182	NA	promoter-TSS (NM_009033)	promoter-TSS (NM_009033)	-191	NM_029736	76775	Mm.334631	NM_029736	ENSMUSG00000031684	Slc10a7	2410193C02Rik|P7	solute carrier family 10 (sodium/bile acid cotransporter family), member 7
MACS_peak_208	chr1	108068305	108069787	+	1182	NA	exon (NM_133821, exon 1 of 17)	exon (NM_133821, exon 1 of 17)	600	NM_133821	98432	Mm.24115	NM_133821	ENSMUSG00000044340	Phlpp1	AI836256|Phlpp|Plekhe1|SCOP|mKIAA0606	PH domain and leucine rich repeat protein phosphatase 1
MACS_peak_1819	chr13	99085951	99087346	+	1177	NA	exon (NM_145455, exon 1 of 6)	exon (NM_145455, exon 1 of 6)	274	NM_145455	218490	Mm.371688	NM_001170540	ENSMUSG00000021660	Btf3	1700054E11Rik	basic transcription factor 3
MACS_peak_4818	chr5	32437532	32439201	+	1172	NA	promoter-TSS (NM_008037)	promoter-TSS (NM_008037)	-479	NM_008037	14284	Mm.24684	NM_008037	ENSMUSG00000029135	Fosl2	Fra-2	fos-like antigen 2
MACS_peak_1892	chr14	22318573	22320445	+	1167	NA	intron (NM_017479, intron 1 of 16)	CpG	502	NM_017479	54169	Mm.248967	NM_001205241	ENSMUSG00000021767	Myst4	AI507552|B130044K16Rik|KAT6B|MYST-4|Morf|mKIAA0383|qkf|querkopf	MYST histone acetyltransferase monocytic leukemia 4
MACS_peak_2447	chr16	30599846	30601738	+	1150	NA	exon (NM_177632, exon 1 of 1)	exon (NM_177632, exon 1 of 1)	983	NM_177632	224093	Mm.28244	NM_177632	ENSMUSG00000046546	Fam43a	Tuf1	family with sequence similarity 43, member A
MACS_peak_990	chr11	68504818	68506560	+	1150	NA	intron (NM_175260, intron 1 of 40)	CpG	272	NM_175260	77579	Mm.218233	NM_175260	ENSMUSG00000020900	Myh10	5730504C04Rik|9330167F11Rik|Fltn|MGC115764|Myhn-2|Myhn2|NMHC II-B|NMHC-B|NMHCII-B|NMMHC II-b|NMMHC-B|NMMHC-IIB|SMemb|mKIAA3005	myosin, heavy polypeptide 10, non-muscle
MACS_peak_4127	chr3	96049634	96051193	+	1146	NA	promoter-TSS (NM_178216).2	promoter-TSS (NM_178216).2	-261	NM_178216	15077	Mm.422680	NM_178216	ENSMUSG00000070392	Hist2h3c1	BE691662|H3-615|H3f2|Hist2h3ca1	histone cluster 2, H3c1
MACS_peak_2191	chr15	74915880	74917390	+	1145	NA	Intergenic	CT-rich|Low_complexity|Low_complexity	25744	NM_001099217	100041546	Mm.482110	NM_001099217	ENSMUSG00000022584	Ly6c2	Ly-6C.2|MGC103163	lymphocyte antigen 6 complex, locus C2
MACS_peak_3010	chr18	35019892	35021431	+	1135	NA	promoter-TSS (NM_007913)	promoter-TSS (NM_007913)	-200	NM_007913	13653	Mm.181959	NM_007913	ENSMUSG00000038418	Egr1	A530045N19Rik|ETR103|Egr-1|Krox-1|Krox-24|Krox24|NGF1-A|NGFI-A|NGFIA|TIS8|Zenk|Zfp-6|Zif268|egr	early growth response 1
MACS_peak_2786	chr17	36116099	36117528	+	1131	NA	promoter-TSS (NR_028516)	promoter-TSS (NR_028516)	-43	NR_028507	75210	Mm.40036	NM_001165892	ENSMUSG00000038500	Prr3	4930540G07Rik|Cat56	proline-rich polypeptide 3
MACS_peak_5507	chr6	125046201	125048067	+	1128	NA	5' UTR (NM_145979, exon 2 of 39)	5' UTR (NM_145979, exon 2 of 39)	953	NM_145979	107932	Mm.333388	NM_145979	ENSMUSG00000063870	Chd4	9530019N15Rik|AA617397|BC005710|D6Ertd380e|KIAA4075|MGC11769|Mi-2beta|mKIAA4075	chromodomain helicase DNA binding protein 4
MACS_peak_1701	chr13	49062501	49064123	+	1121	NA	promoter-TSS (NM_001033268)	promoter-TSS (NM_001033268)	-115	NM_001033268	218236	Mm.426571	NM_001033268	ENSMUSG00000038014	Fam120a	C9orf10|KIAA0183|Ossa	family with sequence similarity 120, member A
MACS_peak_444	chr10	20878817	20881110	+	1121	NA	intron (NM_010848, intron 1 of 14)	CpG	827	NM_001198914	17863	Mm.52109	NM_001198914	ENSMUSG00000019982	Myb	AI550390|M16449|MGC18531|c-myb	myeloblastosis oncogene
MACS_peak_915	chr11	52174045	52175417	+	1121	NA	intron (NM_011694, intron 1 of 8)	CpG	114	NM_011694	22333	Mm.470023	NM_011694	ENSMUSG00000020402	Vdac1	AL033343|Vdac5	voltage-dependent anion channel 1
MACS_peak_3982	chr3	30993001	30994751	+	1121	NA	promoter-TSS (NM_001039090)	promoter-TSS (NM_001039090)	-107	NM_011386	20482	Mm.15406	NM_001039090	ENSMUSG00000027660	Skil	9130011J04Rik|Skir|SnoN|SnoN2|sno|sno-dE3	SKI-like
MACS_peak_1300	chr11	117515362	117516942	+	1121	NA	intron (NM_198022, intron 1 of 21)	CpG	549	NM_198022	217351	Mm.473244	NM_198022	ENSMUSG00000025571	Tnrc6c	9930033H14Rik|mKIAA1582	trinucleotide repeat containing 6C
MACS_peak_5706	chr7	52383365	52385295	+	1121	NA	promoter-TSS (NM_009438)	promoter-TSS (NM_009438)	-225	NM_009438	22121	Mm.180458	NM_009438	ENSMUSG00000074129	Rpl13a	1810026N22Rik|MGC107571|Tstap198-7|tum-antigen	ribosomal protein L13A
MACS_peak_6472	chr9	44688634	44690284	+	1121	NA	promoter-TSS (NM_001081049)	promoter-TSS (NM_001081049)	-102	NM_001081049	214162	Mm.2389	NM_001081049	ENSMUSG00000002028	Mll1	6430520K01|ALL-1|All1|Cxxc7|HRX|HTRX1|KIAA4050|KMT2A|Mll|mKIAA4050	myeloid/lymphoid or mixed-lineage leukemia 1
MACS_peak_2418	chr16	18248184	18250094	+	1091	NA	promoter-TSS (NM_011239)	promoter-TSS (NM_011239)	163	NM_001080999	15547	Mm.271798	NM_001080999	ENSMUSG00000022721	Trmt2a	Htf9c	TRM2 tRNA methyltransferase 2 homolog A (S. cerevisiae)
MACS_peak_3738	chr2	127951410	127953479	+	1091	NA	intron (NM_207681, intron 1 of 4)	CpG	670	NM_009754	12125	Mm.453214	NM_009754	ENSMUSG00000027381	Bcl2l11	1500006F24Rik|Bim|Bod	BCL2-like 11 (apoptosis facilitator)
MACS_peak_4110	chr3	94818363	94820429	+	1091	NA	promoter-TSS (NM_030074)	promoter-TSS (NM_030074)	-236	NM_030074	78266	Mm.389478	NM_030074	ENSMUSG00000019338	Zfp687	4931408L03Rik|Znf687|mKIAA1441	zinc finger protein 687
MACS_peak_5213	chr5	148241566	148243007	+	1091	NA	exon (NM_028291, exon 1 of 19)	exon (NM_028291, exon 1 of 19)	130	NM_028291	72587	Mm.485492	NM_028291	ENSMUSG00000029647	Pan3	2700050F09Rik|A430027N15Rik|AU014670|MGC102350|MGC99847	PAN3 polyA specific ribonuclease subunit homolog (S. cerevisiae)
MACS_peak_6208	chr8	87560352	87562314	+	1053	NA	intron (NM_001122843, intron 1 of 24)	CpG	266	NM_001122843	212999	Mm.220357	NM_001122843	ENSMUSG00000031691	Tnpo2	1110034O24Rik|AA414969|AI464345|AI852433|IPO3|Knpb2b|Kpnb2b|MGC6380|TRN2	transportin 2 (importin 3, karyopherin beta 2b)
MACS_peak_5842	chr7	117204482	117205876	+	1018	NA	promoter-TSS (NM_009281)	promoter-TSS (NM_009281)	-37	NM_009281	20841	Mm.10815	NM_009281	ENSMUSG00000061079	Zfp143	AA959806|AU015869|D7Ertd805e|KRAB14|SBF|Staf|Zfp79|Zfp80-rs1|Znf143|pHZ-1	zinc finger protein 143
MACS_peak_5105	chr5	129525496	129526939	+	1002	NA	intron (NM_009391, intron 1 of 6)	CpG	186	NM_009391	19384	Mm.386831	NM_009391	ENSMUSG00000029430	Ran	-	RAN, member RAS oncogene family
MACS_peak_843	chr11	23976572	23978503	+	947	NA	promoter-TSS (NM_001159289)	promoter-TSS (NM_001159289)	-519	NM_016707	14025	Mm.471050	NM_001159289	ENSMUSG00000000861	Bcl11a	2810047E18Rik|BCL-11A|Ctip1|D930021L15Rik|Evi9|mKIAA1809	B-cell CLL/lymphoma 11A (zinc finger protein)
MACS_peak_4957	chr5	104182662	104183997	+	947	NA	promoter-TSS (NM_001080798)	promoter-TSS (NM_001080798)	148	NM_133919	17355	Mm.6949	NM_001080798	ENSMUSG00000029313	Aff1	9630032B01Rik|AW319193|Af4|Mllt2h|Rob	AF4/FMR2 family, member 1
MACS_peak_4915	chr5	77738330	77739899	+	947	NA	promoter-TSS (NM_019836)	promoter-TSS (NM_019836)	-3	NM_019836	56412	Mm.129136	NM_019836	ENSMUSG00000036285	2610024G14Rik	AU022345|AtNOS1|mAtNOS1	RIKEN cDNA 2610024G14 gene
MACS_peak_6831	chrX	91367491	91368994	+	947	NA	intron (NM_001044386, intron 1 of 8)	CpG	504	NM_011768	22764	Mm.919	NM_001044386	ENSMUSG00000079509	Zfx	Zfx5|Zfx5,6|Zfx6	zinc finger protein X-linked
MACS_peak_2077	chr14	115439826	115441397	+	947	NA	Intergenic	CpG	-2282	NR_029785	723905		NR_029785		Mir17	Mirn17|mmu-mir-17	microRNA 17
MACS_peak_1566	chr12	109416644	109418199	+	947	NA	promoter-TSS (NM_028262)	promoter-TSS (NM_028262)	73	NM_028262	52690	Mm.159185	NM_028262	ENSMUSG00000056770	Setd3	2610102I01Rik|2610305M23Rik|6030490B17Rik|D12Ertd771e	SET domain containing 3
MACS_peak_6807	chrX	39502181	39503647	+	947	NA	promoter-TSS (NM_021465)	promoter-TSS (NM_021465)	325	NM_001077712	20843	Mm.290422	NM_001077712	ENSMUSG00000025862	Stag2	9230105L23Rik|B230112I07Rik|SA-2|SAP2	stromal antigen 2
MACS_peak_4007	chr3	40886279	40887595	+	947	NA	promoter-TSS (NM_027558)	promoter-TSS (NM_027558)	31	NM_027558	70804	Mm.40321	NM_027558	ENSMUSG00000049940	Pgrmc2	4631434O19Rik|5730409G06Rik|DG6|PMBP	progesterone receptor membrane component 2
MACS_peak_1661	chr13	31898548	31900426	+	947	NA	exon (NM_008592, exon 1 of 1)	exon (NM_008592, exon 1 of 1)	972	NM_008592	17300	Mm.12949	NM_008592	ENSMUSG00000050295	Foxc1	FREAC3|Fkh1|Mf1|Mf4|ch|fkh-1|frkhda	forkhead box C1
MACS_peak_722	chr10	120415370	120416830	+	947	NA	exon (NM_001081193, exon 1 of 13)	exon (NM_001081193, exon 1 of 13)	286	NM_001081193	380664	Mm.339371	NM_001081193	ENSMUSG00000048661	Lemd3	AI316861|Man1	LEM domain containing 3
MACS_peak_5288	chr6	38501059	38502385	+	947	NA	5' UTR (NM_001170849, exon 1 of 8)	5' UTR (NM_001170849, exon 1 of 8)	278	NM_001170848	192196	Mm.482369	NM_001170848	ENSMUSG00000029823	Luc7l2	4930471C18Rik|AA522013|AU015269|CGI59|Cgi74	LUC7-like 2 (S. cerevisiae)
MACS_peak_5744	chr7	75095869	75098040	+	947	NA	promoter-TSS (NM_010513)	promoter-TSS (NM_010513)	-189	NM_010513	16001	Mm.275742	NM_010513	ENSMUSG00000005533	Igf1r	A330103N21Rik|CD221|D930020L01|IGF-1R|hyft	insulin-like growth factor I receptor
MACS_peak_3951	chr3	9250140	9251628	+	947	NA	5' UTR (NM_177660, exon 1 of 6)	5' UTR (NM_177660, exon 1 of 6)	317	NM_177660	229055	Mm.413596	NM_177660	ENSMUSG00000069114	Zbtb10	4832414A18|AU021107|RINZF	zinc finger and BTB domain containing 10
MACS_peak_5782	chr7	90014496	90016591	+	947	NA	promoter-TSS (NM_175366)	promoter-TSS (NM_175366)	-300	NM_175366	108797	Mm.306789	NM_175366	ENSMUSG00000057706	Mex3b	4931439A04Rik|M-04814|Rkhd3|mKIAA2009	mex3 homolog B (C. elegans)
MACS_peak_5742	chr7	74516940	74518260	+	947	NA	5' UTR (NM_001033713, exon 1 of 12)	5' UTR (NM_001033713, exon 1 of 12)	144	NM_001033713	17258	Mm.426509	NM_001033713	ENSMUSG00000030557	Mef2a	A430079H05Rik	myocyte enhancer factor 2A
MACS_peak_3369	chr19	55817012	55818789	+	947	NA	intron (NM_009333, intron 3 of 12)	intron (NM_009333, intron 3 of 12)	1600	NM_001142923	21416	Mm.139815	NM_001142918	ENSMUSG00000024985	Tcf7l2	TCF4B|TCF4E|Tcf-4|Tcf4|mTcf-4B|mTcf-4E	transcription factor 7-like 2, T-cell specific, HMG-box
MACS_peak_3544	chr2	44964267	44965895	+	947	NA	intron (NM_015753, intron 2 of 9)	CpG	-1577	NM_001177394	433424	Mm.441408	NM_001177394		Gm13476	OTTMUSG00000012358	predicted gene 13476
MACS_peak_6622	chr9	85219906	85221674	+	947	NA	promoter-TSS (NM_001160378)	promoter-TSS (NM_001160378)	-33	NM_001160379	212943	Mm.74610	NM_001160378	ENSMUSG00000032265	Fam46a	D930050G01Rik	family with sequence similarity 46, member A
MACS_peak_1843	chr13	108678758	108680289	+	947	NA	intron (NM_145456, intron 1 of 13)	CpG	735	NM_145456	67263	Mm.474904	NM_145456	ENSMUSG00000032846	Zswim6	2900036G02Rik|mKIAA1577	zinc finger, SWIM domain containing 6
MACS_peak_2985	chr18	24363709	24365025	+	947	NA	promoter-TSS (NM_001160404)	promoter-TSS (NM_001160404)	-128	NM_001160404	14423	Mm.30249	NM_001160404	ENSMUSG00000000420	Galnt1	-	UDP-N-acetyl-alpha-D-galactosamine:polypeptide N-acetylgalactosaminyltransferase 1
MACS_peak_5481	chr6	119428852	119431177	+	929	NA	exon (NM_133940, exon 1 of 1)	exon (NM_133940, exon 1 of 1)	328	NM_133940	101358	Mm.125477	NM_133940	ENSMUSG00000030019	Fbxl14	AW322056|Fbx14l	F-box and leucine-rich repeat protein 14
MACS_peak_4507	chr4	118966189	118967611	+	927	NA	exon (NM_011732, exon 1 of 8)	exon (NM_011732, exon 1 of 8)	218	NM_011732	22608	Mm.258204	NM_011732	ENSMUSG00000028639	Ybx1	1700102N10Rik|C79409|EF1A|MGC118070|MSY1|Nsep1|YB-1|dbpB|mYB-1a	Y box protein 1
MACS_peak_3809	chr2	153354102	153356069	+	927	NA	intron (NM_001134300, intron 1 of 10)	CpG	622	NM_001134300	329540	Mm.50600	NM_001001986	ENSMUSG00000061411	8430427H17Rik	4931410H15|AI429157|Gm1636	RIKEN cDNA 8430427H17 gene
MACS_peak_2196	chr15	75739376	75741238	+	918	NA	promoter-TSS (NM_023240)	promoter-TSS (NM_023240)	142	NM_178646	105734	Mm.275583	NM_178646		Tigd5	AA409802|AA409995|AI666797|FLJ14926	tigger transposable element derived 5
MACS_peak_1610	chr13	3536903	3538503	+	914	NA	intron (NM_008112, intron 1 of 10)	CpG	382	NM_008112	14569	Mm.221609	NM_008112	ENSMUSG00000021218	Gdi2	GDI-B|GDIB|Gdi3	guanosine diphosphate (GDP) dissociation inhibitor 2
MACS_peak_4075	chr3	88335376	88336799	+	914	NA	promoter-TSS (NM_001029890)	promoter-TSS (NM_001029890)	-230	NM_001029890	72640	Mm.402169	NM_001029890	ENSMUSG00000074480	Mex3a	2700083E18Rik|Gm411|Rkhd4	mex3 homolog A (C. elegans)
MACS_peak_430	chr10	13684661	13687313	+	909	NA	promoter-TSS (NM_010437)	promoter-TSS (NM_010437)	-198	NM_010437	15273	Mm.484135	NM_010437	ENSMUSG00000015501	Hivep2	MIBP1|Schnurri-2|Shn-2	human immunodeficiency virus type I enhancer binding protein 2
MACS_peak_5450	chr6	113026385	113027800	+	906	NA	promoter-TSS (NM_028385)	promoter-TSS (NM_028385)	146	NR_027010	14910	Mm.280950	NR_027008		Gt(ROSA)26Sor	AV258896|Gtrgeo26|Gtrosa26|R26|ROSA26	gene trap ROSA 26, Philippe Soriano
MACS_peak_5039	chr5	119009810	119011408	+	896	NA	promoter-TSS (NM_172424)	promoter-TSS (NM_172424)	-119	NM_172424	76199	Mm.206238	NM_172424	ENSMUSG00000018076	Med13l	2210413I17Rik|6330591G05Rik|9030618F05Rik|Thrap2|Trap240L|mKIAA1025	mediator complex subunit 13-like
MACS_peak_1269	chr11	113544693	113546028	+	896	NA	promoter-TSS (NM_177777)	promoter-TSS (NM_177777)	105	NM_138598	28081	Mm.351688	NM_138598	ENSMUSG00000041629	D11Wsu99e	-	DNA segment, Chr 11, Wayne State University 99, expressed
MACS_peak_6092	chr8	60130631	60132252	+	896	NA	intron (NM_144731, intron 1 of 11)	CpG	411	NM_001167981	108150	Mm.62886	NM_001167981	ENSMUSG00000031608	Galnt7	AI225872	UDP-N-acetyl-alpha-D-galactosamine: polypeptide N-acetylgalactosaminyltransferase 7
MACS_peak_6091	chr8	59989922	59991581	+	896	NA	5' UTR (NM_008252, exon 1 of 5)	5' UTR (NM_008252, exon 1 of 5)	111	NM_008252	97165	Mm.279998	NM_008252	ENSMUSG00000054717	Hmgb2	C80539|HMG-2|Hmg2|MGC103184	high mobility group box 2
MACS_peak_4664	chr4	141101477	141102995	+	896	NA	5' UTR (NR_030695, exon 1 of 1)	5' UTR (NR_030695, exon 1 of 1)	159	NR_030695	320456	Mm.32859	NR_030695		B330016D10Rik	-	RIKEN cDNA B330016D10 gene
MACS_peak_3173	chr19	5424193	5425705	+	896	NA	promoter-TSS (NM_024176)	promoter-TSS (NM_024176)	-33	NM_024176	66556	Mm.275446	NM_024176	ENSMUSG00000024914	Drap1	2310074H19Rik	Dr1 associated protein 1 (negative cofactor 2 alpha)
MACS_peak_3409	chr2	17985788	17987159	+	896	NA	intron (NM_010804, intron 1 of 22)	CpG	9575	NM_010804	17354	Mm.209175	NM_010804	ENSMUSG00000026743	Mllt10	Af10|B130021D15Rik|D630001B22Rik|KIAA4140|mKIAA4140	myeloid/lymphoid or mixed-lineage leukemia (trithorax homolog, Drosophila); translocated to, 10
MACS_peak_1520	chr12	88223988	88226149	+	893	NA	5' UTR (NM_145836, exon 1 of 1)	5' UTR (NM_145836, exon 1 of 1)	696	NM_145836	238330	Mm.248358	NM_145836	ENSMUSG00000034168	6430527G18Rik	Eap1|Irf2bpl	RIKEN cDNA 6430527G18 gene
MACS_peak_479	chr10	41995513	41997001	+	886	NA	intron (NM_019740, intron 1 of 3)	CpG-998	291	NM_019740	56484	Mm.466459	NM_019740	ENSMUSG00000048756	Foxo3	1110048B16Rik|2010203A17Rik|C76856|FKHRL1|Fkhr2|Foxo3a	forkhead box O3
MACS_peak_2931	chr17	86565883	86568177	+	875	NA	promoter-TSS (NM_011104)	promoter-TSS (NM_011104)	-95	NM_011104	18754	Mm.24614	NM_011104	ENSMUSG00000045038	Prkce	5830406C15Rik|PKC[e]|PKCepsilon|Pkce|R75156	protein kinase C, epsilon
MACS_peak_234	chr1	133422356	133423921	+	871	NA	intron (NM_001081011, intron 1 of 22)	CpG	800	NM_001081011	14270	Mm.276259	NM_001081011	ENSMUSG00000026425	Srgap2	9930124L22Rik|AI448945|FBP2|Fnbp2|srGAP3	SLIT-ROBO Rho GTPase activating protein 2
MACS_peak_5846	chr7	118225712	118227183	+	871	NA	promoter-TSS (NM_001040131)	promoter-TSS (NM_001040131)	97	NM_001040131	13690	Mm.185453	NM_001040131	ENSMUSG00000005610	Eif4g2	AA589388|DAP-5|E130105L11Rik|Nat1|Natm1|p97	eukaryotic translation initiation factor 4, gamma 2
MACS_peak_372	chr1	183140864	183142553	+	838	NA	5' UTR (NM_145514, exon 1 of 14)	5' UTR (NM_145514, exon 1 of 14)	401	NM_145514	226757	Mm.289082	NM_145514	ENSMUSG00000038733	Wdr26	1600024A01Rik|AA693241|AI447817|AU044014|C77982	WD repeat domain 26
MACS_peak_820	chr11	19824353	19825770	+	838	NA	intron (NM_033523, intron 1 of 5)	CpG	616	NM_033523	114716	Mm.266627	NM_033523	ENSMUSG00000045671	Spred2	C79158	sprouty-related, EVH1 domain containing 2
MACS_peak_858	chr11	31269036	31270407	+	818	NA	exon (NM_011491, exon 1 of 4)	exon (NM_011491, exon 1 of 4)	340	NM_011491	20856	Mm.32506	NM_011491	ENSMUSG00000020303	Stc2	AW125853|Stc2l|mustc2	stanniocalcin 2
MACS_peak_115	chr1	64662793	64664271	+	809	NA	5' UTR (NM_025964, exon 1 of 3)	5' UTR (NM_025964, exon 1 of 3)	210	NM_025964	67099	Mm.46394	NM_025964	ENSMUSG00000025956	Mettl21a	2310038H17Rik|AI464204|Fam119a	methyltransferase like 21A
MACS_peak_194	chr1	95374712	95376144	+	782	NA	promoter-TSS (NM_133808)	promoter-TSS (NM_133808)	-43	NM_133808	110611	Mm.30012	NM_133808	ENSMUSG00000034088	Hdlbp	1110005P14Rik|AA960365|AI118566|D1Ertd101e	high density lipoprotein (HDL) binding protein
MACS_peak_1277	chr11	115464735	115466051	+	725	NA	promoter-TSS (NM_173048)	promoter-TSS (NM_173048)	-72	NM_025305	50529	Mm.193040	NM_025305	ENSMUSG00000046756	Mrps7	MRP-S7|Rpms7	mitchondrial ribosomal protein S7
MACS_peak_6096	chr8	63702525	63703843	+	719	NA	intron (NM_021506, intron 1 of 11)	CpG	216	NM_021506	59009	Mm.27949	NM_021506	ENSMUSG00000031642	Sh3rf1	2200003J05Rik|Posh|R75531|Sh3md2	SH3 domain containing ring finger 1
MACS_peak_5610	chr7	20092874	20094303	+	719	NA	promoter-TSS (NM_177692)	promoter-TSS (NM_177692)	92	NM_177692	232946	Mm.64557	NM_177692	ENSMUSG00000057667	Bloc1s3	BC043666|Blos3|E230011O18|rp	biogenesis of lysosome-related organelles complex-1, subunit 3
MACS_peak_2068	chr14	103380888	103382226	+	719	NA	exon (NM_177715, exon 1 of 1)	exon (NM_177715, exon 1 of 1)	297	NM_177715	239217	Mm.246466	NM_177715		Kctd12	AU046135|AW538430|Pfet1|Pfetin	potassium channel tetramerisation domain containing 12
MACS_peak_1303	chr11	117710244	117711755	+	719	NA	intron (NM_009689, intron 1 of 3)	intron (NM_009689, intron 1 of 3)	448	NM_009689	11799	Mm.8552	NM_001012273	ENSMUSG00000017716	Birc5	AAC-11|Api4|TIAP|survivin40	baculoviral IAP repeat-containing 5
MACS_peak_6221	chr8	90723017	90724424	+	719	NA	intron (NM_001164498, intron 1 of 12)	CpG	608	NM_001164498	214627	Mm.37825	NM_001164497	ENSMUSG00000036779	Papd5	5730445M16Rik|5830428A09	PAP associated domain containing 5
MACS_peak_4901	chr5	73882043	73883357	+	719	NA	intron (NM_178896, intron 1 of 10)	CpG	435	NM_001190733	100737	Mm.220312	NM_001190733	ENSMUSG00000051674	Dcun1d4	AI836376|MGC117952	DCN1, defective in cullin neddylation 1, domain containing 4 (S. cerevisiae)
MACS_peak_2836	chr17	48060761	48062162	+	719	NA	5' UTR (NM_001110824, exon 1 of 17)	5' UTR (NM_001110824, exon 1 of 17)	120	NM_028767	74123	Mm.240062	NM_001110824	ENSMUSG00000023991	Foxp4	1200010K03Rik|2310007G05Rik|mFKHLA	forkhead box P4
MACS_peak_5704	chr7	52307653	52309623	+	719	NA	promoter-TSS (NM_175022)	promoter-TSS (NM_175022)	-387	NM_175022	233210	Mm.219137	NM_175022	ENSMUSG00000046574	Prr12	6720469B10|BC058674	proline rich 12
MACS_peak_5314	chr6	47997590	47998976	+	719	NA	promoter-TSS (NM_001081382)	promoter-TSS (NM_001081382)	-170	NM_001081382	72306	Mm.381553	NM_001081382	ENSMUSG00000071477	Zfp777	2500002G23Rik	zinc finger protein 777
MACS_peak_3066	chr18	58037655	58039436	+	719	NA	exon (NM_009194, exon 1 of 27)	exon (NM_009194, exon 1 of 27)	213	NM_009194	20496	Mm.399997	NM_009194	ENSMUSG00000024597	Slc12a2	9330166H04Rik|Nkcc1|mBSC2|sy-ns	solute carrier family 12, member 2
MACS_peak_6751	chr9	119310879	119312319	+	719	NA	promoter-TSS (NM_007397)	promoter-TSS (NM_007397)	-20	NM_007397	11481	Mm.390239	NM_007397	ENSMUSG00000061393	Acvr2b	ActRIIB|MGC118477	activin receptor IIB
MACS_peak_2359	chr16	4212987	4214423	+	713	NA	promoter-TSS (NM_001025432)	promoter-TSS (NM_001025432)	-301	NM_001025432	12914	Mm.392384	NM_001025432	ENSMUSG00000022521	Crebbp	AW558298|CBP|CBP/p300|KAT3A|p300/CBP	CREB binding protein
MACS_peak_4786	chr5	23957682	23959059	+	698	NA	intron (NM_139153, intron 1 of 17)	intron (NM_139153, intron 1 of 17)	375	NM_139153	213990	Mm.250703	NM_139153	ENSMUSG00000023353	Agap3	AV028425|Centg3|Crag|MGC37541|MRIP-1	ArfGAP with GTPase domain, ankyrin repeat and PH domain 3
MACS_peak_6740	chr9	115218620	115220001	+	698	NA	5' UTR (NM_024222, exon 1 of 16)	5' UTR (NM_024222, exon 1 of 16)	229	NM_024222	68292	Mm.296158	NM_024222	ENSMUSG00000032437	Stt3b	1300006C19Rik|Simp	STT3, subunit of the oligosaccharyltransferase complex, homolog B (S. cerevisiae)
MACS_peak_3350	chr19	46574848	46576983	+	688	NA	promoter-TSS (NM_053100)	promoter-TSS (NM_053100)	-223	NM_053100	93679	Mm.485016	NM_053100	ENSMUSG00000025034	Trim8	AA408830|BB006755|GERP|Rnf27	tripartite motif-containing 8
MACS_peak_4383	chr4	57155020	57156688	+	684	NA	exon (NM_019427, exon 1 of 16)	exon (NM_019427, exon 1 of 16)	174	NM_019427	54357	Mm.381403	NM_019427	ENSMUSG00000028434	Epb4.1l4b	6430543G08Rik|AA589614|AU021054|BB007528|D4Ertd346e|Ehm2|Epb41l4b	erythrocyte protein band 4.1-like 4b
MACS_peak_545	chr10	74523292	74524940	+	682	NA	exon (NM_001081412, exon 1 of 23)	exon (NM_001081412, exon 1 of 23)	475	NM_001081412	110279	Mm.333722	NM_001081412	ENSMUSG00000009681	Bcr	5133400C09Rik|AI561783|AI853148|mKIAA3017	breakpoint cluster region
MACS_peak_3876	chr2	164736185	164737718	+	677	NA	intron (NM_199027, intron 1 of 27)	CpG	299	NM_199027	329559	Mm.330776	NM_199027	ENSMUSG00000039834	Zfp335	1810045J01Rik|MGC86001|Nif1|Znf335	zinc finger protein 335
MACS_peak_2115	chr15	27954179	27955627	+	677	NA	intron (NM_001081302, intron 1 of 56)	CpG	700	NM_001081302	223435	Mm.485422	NM_001081302	ENSMUSG00000022263	Trio	6720464I07Rik|AA408740|Solo	triple functional domain (PTPRF interacting)
MACS_peak_3557	chr2	53050091	53051507	+	677	NA	promoter-TSS (NM_018785)	promoter-TSS (NM_018785)	-319	NM_022989	65103	Mm.37623	NM_022989	ENSMUSG00000026960	Arl6ip6	2310057C01Rik|2610529A11Rik|Aip-6	ADP-ribosylation factor-like 6 interacting protein 6
MACS_peak_4592	chr4	132567383	132569313	+	669	NA	intron (NM_146155, intron 2 of 6)	CpG-10439	927	NM_146155	230793	Mm.421391	NM_146155	ENSMUSG00000037692	Ahdc1	D030015G18Rik|MGC29331	AT hook, DNA binding motif, containing 1
MACS_peak_2203	chr15	76180955	76182277	+	629	NA	promoter-TSS (NM_025340)	promoter-TSS (NM_025340)	-76	NM_025340	106025	Mm.41463	NM_025340	ENSMUSG00000022552	Sharpin	0610041B22Rik|AW121341|RBCKL1|SIPL1|cpdm	SHANK-associated RH domain interacting protein
MACS_peak_3408	chr2	17968370	17969793	+	629	NA	exon (NM_028317, exon 1 of 1)	exon (NM_028317, exon 1 of 1)	995	NM_028317	72668	Mm.482646	NM_028317		2810030E01Rik	5730507N06Rik|BB088113|MGC59463	RIKEN cDNA 2810030E01 gene
MACS_peak_2944	chr18	3336791	3338159	+	605	NA	5' UTR (NM_001110850, exon 1 of 7)	5' UTR (NM_001110850, exon 1 of 7)	112	NM_001110851	12916	Mm.5244	NM_001110850	ENSMUSG00000063889	Crem	ICER	cAMP responsive element modulator
MACS_peak_2943	chr18	3004160	3006469	+	572	NA	Intergenic	B1_Mur4|SINE|Alu	118098	NM_001167539	100312476	Mm.480293	NM_001167539	ENSMUSG00000091539	Vmn1r238	-	vomeronasal 1 receptor, 238
MACS_peak_399	chr1	193730149	193731513	+	562	NA	5' UTR (NM_009579, exon 1 of 2)	5' UTR (NM_009579, exon 1 of 2)	171	NM_009579	22782	Mm.9024	NM_009579	ENSMUSG00000037434	Slc30a1	AI839647|C130040I11Rik|Znt1	solute carrier family 30 (zinc transporter), member 1
MACS_peak_2862	chr17	56855985	56857382	+	535	NA	promoter-TSS (NM_178926)	promoter-TSS (NM_178926)	-339	NM_178926	106639	Mm.37290	NM_001166474	ENSMUSG00000054723	Vmac	AI662250	vimentin-type intermediate filament associated coiled-coil protein
MACS_peak_2949	chr18	4920602	4921954	+	535	NA	Intergenic	Intergenic	-125309	NM_153153	225115	Mm.136791	NM_153153	ENSMUSG00000024236	Svil	AU024053|B430302E16Rik	supervillin
MACS_peak_6226	chr8	93431886	93433289	+	495	NA	intron (NM_177224, intron 2 of 39)	CpG	79853	NM_177224	109151	Mm.100615	NM_177224	ENSMUSG00000056608	Chd9	1810014J18Rik|9030205D12Rik|A330063D19Rik|AD013|PRIC320|mKIAA0308	chromodomain helicase DNA binding protein 9
MACS_peak_1758	chr13	63664590	63667569	+	495	NA	intron (NM_008957, intron 1 of 22)	CpG-3952	749	NM_008957	19206	Mm.228798	NM_008957	ENSMUSG00000021466	Ptch1	A230106A15Rik|Ptc|Ptc1|Ptch|mes	patched homolog 1
MACS_peak_2883	chr17	66797816	66799133	+	476	NA	exon (NM_001114098, exon 1 of 15)	exon (NM_001114098, exon 1 of 15)	616	NM_172963	68617	Mm.456506	NM_001114098	ENSMUSG00000052105	1110012J17Rik	D130071O13|Kiaa0802|MGC77963|mKIAA0802|t8219b25	RIKEN cDNA 1110012J17 gene
MACS_peak_1156	chr11	95573911	95575363	+	470	NA	Intergenic	CpG	-10263	NR_028263	320616	Mm.428140	NR_028263		B130006D01Rik	-	RIKEN cDNA B130006D01 gene
MACS_peak_1044	chr11	74643851	74645405	+	409	NA	5' UTR (NM_010813, exon 1 of 6)	5' UTR (NM_010813, exon 1 of 6)	202	NM_010813	17428	Mm.3759	NM_010813	ENSMUSG00000000282	Mnt	Rox|bHLHd3	max binding protein
MACS_peak_5819	chr7	108079277	108080590	+	273	NA	exon (NM_001081116, exon 1 of 21)	exon (NM_001081116, exon 1 of 21)	742	NM_001081116	207212	Mm.29954	NM_001081116	ENSMUSG00000032875	Arhgef17	8030463K16|AI428794|AW558066|BC035332|mKIAA0337	Rho guanine nucleotide exchange factor (GEF) 17
