PeakID	Chr	Start	End	Strand	Peak Score	Focus Ratio/Region Size	Annotation	Detailed Annotation	Distance to TSS	Nearest PromoterID	Entrez ID	Nearest Unigene	Nearest Refseq	Nearest Ensembl	Gene Name	Gene Alias	Gene Description
MA2C_peak_2528	chrV	9342950	9347601	+	5.4275	NA	exon (NM_073019, exon 6 of 6)	exon (NM_073019, exon 6 of 6)	1076	NM_073018	179318	Cel.3098	NM_073018		K07B1.7	-	hypothetical protein
MA2C_peak_2323	chrIV	14822231	14827536	+	5.3581	NA	promoter-TSS (NM_070393)	promoter-TSS (NM_070393)	256	NM_070392	178407	Cel.17324	NM_070392		Y57G11C.15	-	hypothetical protein
MA2C_peak_1144	chrII	11975204	11981592	+	5.3290	NA	promoter-TSS (NM_182170)	promoter-TSS (NM_182170)	-824	NM_182170	259466	Cel.21919	NM_182170		Y17G7B.21	-	hypothetical protein
MA2C_peak_1814	chrIII	12605660	12609848	+	5.2563	NA	intron (NM_067241, intron 1 of 8)	intron (NM_067241, intron 1 of 8)	593	NM_067241	176679	Cel.8438	NM_067241		epc-1	-	Enhancer of PolyComb-like
MA2C_peak_1798	chrIII	11917472	11922412	+	5.2559	NA	promoter-TSS (NM_067153)	promoter-TSS (NM_067153)	181	NM_067152	176625	Cel.17350	NM_067152		ccf-1	-	yeast CCR4 Associated Factor family
MA2C_peak_301	chrI	7079171	7086382	+	5.2239	NA	Intergenic	Intergenic	-1255	NM_059604	172441	Cel.6620	NM_059604		F22D6.2	-	hypothetical protein
MA2C_peak_1847	chrIII	13461550	13467373	+	5.1749	NA	promoter-TSS (NM_067384)	promoter-TSS (NM_067384)	-248	NM_067384	176775	Cel.17370	NM_067383		kel-3	-	KELch-repeat containing protein
MA2C_peak_1565	chrIII	7334309	7338766	+	5.1726	NA	promoter-TSS (NM_001027445)	promoter-TSS (NM_001027445)	23	NM_001027445	3564807	Cel.24408	NM_001027445		gsp-2	-	yeast Glc Seven-like Phosphatases
MA2C_peak_2486	chrV	7774280	7778036	+	5.1583	NA	promoter-TSS (NM_072605)	promoter-TSS (NM_072605)	-96	NM_072605	179153	Cel.8759	NM_072605		rpl-39	-	Ribosomal Protein, Large subunit
MA2C_peak_1461	chrIII	5704479	5711978	+	5.1447	NA	TTS (NM_181917)	TTS (NM_181917)	1046	NM_065831	175798	Cel.20060	NM_065831		B0336.11	-	hypothetical protein
MA2C_peak_564	chrI	11928719	11932423	+	5.1365	NA	promoter-TSS (NM_060628)	promoter-TSS (NM_060628)	-144	NM_060628	173076	Cel.18323	NM_060628		R06C1.4	-	hypothetical protein
MA2C_peak_658	chrI	14754968	14761851	+	5.1310	NA	exon (NM_061169, exon 5 of 5)	exon (NM_061169, exon 5 of 5)	-1508	NM_061170	173342	Cel.18312	NM_061170		rps-26	-	Ribosomal Protein, Small subunit
MA2C_peak_516	chrI	10433835	10438414	+	5.1245	NA	promoter-TSS (NM_001026539)	promoter-TSS (NM_001026539)	-130	NM_060327	172921	Cel.6902	NM_060327		rpl-30	-	Ribosomal Protein, Large subunit
MA2C_peak_1318	chrIII	3502188	3506602	+	5.1214	NA	promoter-TSS (NM_065320)	promoter-TSS (NM_065320)	-801	NM_065320	175455	Cel.23339	NM_065320		rpl-16	-	Ribosomal Protein, Large subunit
MA2C_peak_1011	chrII	9053375	9058182	+	5.1173	NA	TTS (NM_063533)	TTS (NM_063533)	880	NM_063532	174442	Cel.14308	NM_063532		T24B8.2	-	hypothetical protein
MA2C_peak_1553	chrIII	7177830	7182951	+	5.1039	NA	promoter-TSS (NM_066171)	promoter-TSS (NM_066171)	212	NM_066172	176007	Cel.20089	NM_066172		rpl-36	-	Ribosomal Protein, Large subunit
MA2C_peak_161	chrI	4643243	4648624	+	5.1031	NA	TTS (NM_059014)	TTS (NM_059014)	847	NR_003378	4926903		NR_003378		B0041.9	-	ncRNA
MA2C_peak_1431	chrIII	5226579	5231544	+	5.0994	NA	exon (NM_065710, exon 3 of 5)	exon (NM_065710, exon 3 of 5)	687	NM_065710	175716	Cel.37995	NM_065710		atp-2	-	ATP synthase subunit
MA2C_peak_3	chrI	107833	112936	+	5.0794	NA	promoter-TSS (NM_058274)	promoter-TSS (NM_058274)	-327	NM_058274	171601	Cel.17482	NM_058274		rab-11.1	-	RAB family
MA2C_peak_1865	chrIV	125333	129433	+	5.0782	NA	intron (NM_067466, intron 1 of 1)	intron (NM_067466, intron 1 of 1)	654	NM_067466	176828	Cel.22887	NM_067466		F29C4.2	-	hypothetical protein
MA2C_peak_2721	chrV	14684203	14689581	+	5.0767	NA	exon (NM_074225, exon 3 of 5)	exon (NM_074225, exon 3 of 5)	-1362	NM_074224	179970	Cel.4480	NM_074224		C47E8.4	-	hypothetical protein
MA2C_peak_279	chrI	6788204	6792272	+	5.0742	NA	promoter-TSS (NM_059543)	promoter-TSS (NM_059543)	-497	NM_059543	172401	Cel.20069	NM_059543		C37A2.7	-	hypothetical protein
MA2C_peak_16	chrI	533945	538027	+	5.0676	NA	TTS (NM_058347)	TTS (NM_058347)	192	NM_182046	171646	Cel.7722	NM_058348		Y65B4BR.5	-	hypothetical protein
MA2C_peak_511	chrI	10329736	10334464	+	5.0657	NA	TTS (NM_060307)	TTS (NM_060307)	972	NM_060308	172902	Cel.16167	NM_060308		ZC434.4	-	hypothetical protein
MA2C_peak_1715	chrIII	9779371	9783170	+	5.0553	NA	promoter-TSS (NM_066765)	promoter-TSS (NM_066765)	119	NM_066764	176383	Cel.19685	NM_066764		vha-1	-	Vacuolar H ATPase
MA2C_peak_2712	chrV	14363069	14368418	+	5.0552	NA	Intergenic	Intergenic	3389	NR_003474	4926937		NR_003474		F56A12.6	-	ncRNA
MA2C_peak_121	chrI	3785231	3789897	+	5.0526	NA	promoter-TSS (NM_001025846)	promoter-TSS (NM_001025846)	-472	NM_001025846	171949	Cel.34851	NM_001025846		rpl-13	-	Ribosomal Protein, Large subunit
MA2C_peak_139	chrI	4137237	4141198	+	5.0460	NA	promoter-TSS (NM_058903)	promoter-TSS (NM_058903)	-264	NM_058903	171997	Cel.6044	NM_058903		E01A2.6	-	hypothetical protein
MA2C_peak_88	chrI	2874544	2879066	+	5.0260	NA	promoter-TSS (NM_058660)	promoter-TSS (NM_058660)	-126	NM_058662	171854	Cel.6519	NM_058662		Y71F9AL.9	-	hypothetical protein
MA2C_peak_1312	chrIII	3320927	3324825	+	4.9779	NA	promoter-TSS (NM_065290)	promoter-TSS (NM_065290)	-83	NM_065290	175435	Cel.7422	NM_065290		Y53G8AR.2	-	hypothetical protein
MA2C_peak_158	chrI	4582995	4586945	+	4.9736	NA	promoter-TSS (NM_058997)	promoter-TSS (NM_058997)	-144	NM_058998	172062	Cel.18345	NM_058998		rpl-24.1	-	Ribosomal Protein, Large subunit
MA2C_peak_2234	chrIV	11601459	11606009	+	4.9534	NA	TTS (NM_069785)	TTS (NM_069785)	1130	NM_069785	178083	Cel.7378	NM_069785		rps-11	-	Ribosomal Protein, Small subunit
MA2C_peak_902	chrII	7613545	7617370	+	4.9521	NA	promoter-TSS (NM_063197)	promoter-TSS (NM_063197)	-926	NM_063197	174233	Cel.34286	NM_063197		cdc-42	-	Cell Division Cycle related
MA2C_peak_66	chrI	2068060	2072665	+	4.9473	NA	promoter-TSS (NM_170818)	promoter-TSS (NM_170818)	34	NR_003392	4926958	Cel.34670	NR_003392		Y37E3.21	-	ncRNA
MA2C_peak_2085	chrIV	7908149	7911948	+	4.9394	NA	promoter-TSS (NM_068916)	promoter-TSS (NM_068916)	-535	NM_171388	177580	Cel.13272	NM_171388		ntl-4	-	NOT-Like (yeast CCR4/NOT complex component)
MA2C_peak_2727	chrV	14999289	15004038	+	4.9371	NA	promoter-TSS (NM_074291)	promoter-TSS (NM_074291)	413	NM_074290	179999	Cel.23500	NM_074290		fib-1	-	FIBrillarin family
MA2C_peak_1510	chrIII	6372859	6376609	+	4.9096	NA	promoter-TSS (NR_002636)	promoter-TSS (NR_002636)	211	NM_065992	175901	Cel.7376	NM_065992		rps-13	-	Ribosomal Protein, Small subunit
MA2C_peak_526	chrI	10565331	10570835	+	4.9054	NA	TTS (NM_060364)	TTS (NM_060364)	202	NM_060365	172943	Cel.20069	NM_060365		rpa-0	-	Replication Protein A homolog
MA2C_peak_711	chrII	1319794	1323770	+	4.8960	NA	exon (NM_170974, exon 4 of 5)	exon (NM_170974, exon 4 of 5)	628	NM_170973	173512	Cel.17617	NM_170973		vig-1	-	VIG (Drosophila Vasa Intronic Gene) ortholog
MA2C_peak_440	chrI	9161864	9169217	+	4.8891	NA	exon (NM_060056, exon 5 of 6)	exon (NM_060056, exon 5 of 6)	2017	NM_060056	172743	Cel.17795	NM_060056		eft-2	-	Elongation FacTor
MA2C_peak_879	chrII	7103632	7107334	+	4.8690	NA	promoter-TSS (NM_063066)	promoter-TSS (NM_063066)	-12	NM_063067	174166	Cel.8345	NM_063067		rpl-33	-	Ribosomal Protein, Large subunit
MA2C_peak_2086	chrIV	7923081	7927546	+	4.8503	NA	TTS (NM_068920)	TTS (NM_068920)	980	NM_068920	177582	Cel.20796	NM_068920		C49H3.3	-	hypothetical protein
MA2C_peak_1558	chrIII	7206893	7211275	+	4.8346	NA	promoter-TSS (NR_003434)	promoter-TSS (NR_003434)	136	NR_003433	4927058	Cel.34683	NR_003433		R151.12	-	ncRNA
MA2C_peak_2212	chrIV	11109309	11113033	+	4.8298	NA	promoter-TSS (NM_069676)	promoter-TSS (NM_069676)	-147	NM_069676	178012	Cel.9125	NM_069676		rps-5	-	Ribosomal Protein, Small subunit
MA2C_peak_1337	chrIII	3862432	3870347	+	4.8276	NA	exon (NM_001026034, exon 6 of 6)	exon (NM_001026034, exon 6 of 6)	-1441	NM_001026085	175501	Cel.17929	NM_001026083		rpl-3	-	Ribosomal Protein, Large subunit
MA2C_peak_60	chrI	1831851	1839279	+	4.8255	NA	promoter-TSS (NM_170806)	promoter-TSS (NM_170806)	-115	NM_170806	171751	Cel.20779	NM_001026403		egl-30	-	EGg Laying defective
MA2C_peak_2216	chrIV	11147049	11151099	+	4.8207	NA	promoter-TSS (NM_001083204)	promoter-TSS (NM_001083204)	50	NM_001083204	178020	Cel.18209	NM_001083203		F01G4.6	-	hypothetical protein
MA2C_peak_2583	chrV	10893518	10898067	+	4.8114	NA	TTS (NM_073376)	TTS (NM_073376)	727	NM_182333	179508	Cel.23476	NM_182333		F32D8.13	-	hypothetical protein
MA2C_peak_2022	chrIV	6321764	6326039	+	4.8056	NA	promoter-TSS (NM_001028402)	promoter-TSS (NM_001028402)	-264	NM_001028403	177392	Cel.17870	NM_001028402		sqd-1	-	homologous to Drosophila SQD (squid) protein
MA2C_peak_419	chrI	8812475	8817678	+	4.8026	NA	TTS (NM_059982)	TTS (NM_059982)	1110	NM_059983	172693	Cel.8614	NM_059983		rps-15	-	Ribosomal Protein, Small subunit
MA2C_peak_1358	chrIII	4193055	4197720	+	4.7940	NA	TTS (NM_001083177)	TTS (NM_001083177)	1464	NM_001083176	175541	Cel.18091	NM_001083176		xbp-1	-	X-box Binding Protein homolog
MA2C_peak_171	chrI	4787901	4792100	+	4.7935	NA	TTS (NM_059050)	TTS (NM_059050)	2502	NM_059050	172096	Cel.16160	NM_059050		zig-7	-	2 (Zwei) IG-domain protein
MA2C_peak_1374	chrIII	4473957	4477726	+	4.7701	NA	promoter-TSS (NM_065508)	promoter-TSS (NM_065508)	-45	NM_065509	175584	Cel.10397	NM_065509		rps-1	-	Ribosomal Protein, Small subunit
MA2C_peak_1500	chrIII	6204889	6209026	+	4.7511	NA	promoter-TSS (NM_065947)	promoter-TSS (NM_065947)	212	NM_065948	175879	Cel.10141	NM_065948		rps-3	-	Ribosomal Protein, Small subunit
MA2C_peak_2598	chrV	11120756	11125268	+	4.7351	NA	promoter-TSS (NM_073427)	promoter-TSS (NM_073427)	-456	NM_073427	179540	Cel.18000	NM_073427		H19N07.4	-	hypothetical protein
MA2C_peak_483	chrI	9786491	9792122	+	4.7224	NA	intron (NM_060200, intron 2 of 3)	intron (NM_060200, intron 2 of 3)	567	NM_060200	172832	Cel.23146	NM_060200		cco-1	-	Cytochrome C Oxidase
MA2C_peak_2245	chrIV	11854009	11858913	+	4.7182	NA	promoter-TSS (NM_069845)	promoter-TSS (NM_069845)	-115	NM_069845	3564942	Cel.12975	NM_069845		ech-2	-	Enoyl-CoA Hydratase
MA2C_peak_2177	chrIV	10174243	10178342	+	4.7136	NA	promoter-TSS (NM_069458)	promoter-TSS (NM_069458)	-358	NM_069458	177895	Cel.4889	NM_069458		rack-1	-	RACK1 (mammalian Receptor of Activated C Kinase) homolog
MA2C_peak_2704	chrV	14008583	14013402	+	4.7107	NA	exon (NM_001047669, exon 2 of 7)	exon (NM_001047669, exon 2 of 7)	802	NR_003170	179897	Cel.17681	NM_001047669		F58E10.3	-	hypothetical protein
MA2C_peak_523	chrI	10551295	10555447	+	4.7054	NA	promoter-TSS (NM_060361)	promoter-TSS (NM_060361)	531	NM_060360	172939	Cel.8678	NM_060360		F25H2.5	-	hypothetical protein
MA2C_peak_1304	chrIII	3066999	3071547	+	4.6683	NA	TTS (NM_171089)	TTS (NM_171089)	477	NR_003430	4927006		NR_003430		H06I04.8	-	ncRNA
MA2C_peak_1689	chrIII	9453949	9459754	+	4.6243	NA	promoter-TSS (NM_066678)	promoter-TSS (NM_066678)	336	NM_001025963	176328	Cel.18080	NM_001025962		spk-1	-	SR Protein Kinase
MA2C_peak_2328	chrIV	15036548	15041010	+	4.6068	NA	TTS (NM_001129339)	TTS (NM_001129339)	-1257	NM_070416	178420	Cel.12011	NM_070416		Y41E3.16	-	hypothetical protein
MA2C_peak_1137	chrII	11746841	11751323	+	4.6039	NA	Intergenic	Intergenic	-1348	NM_064107	174803	Cel.6600	NM_064107		gpb-1	-	G Protein, Beta subunit
MA2C_peak_505	chrI	10172234	10179868	+	4.5946	NA	Intergenic	Intergenic	-1119	NM_060277	172882	Cel.4911	NM_060277		C25A1.5	-	hypothetical protein
MA2C_peak_2322	chrIV	14792733	14798682	+	4.5908	NA	TTS (NM_001129349)	TTS (NM_001129349)	578	NM_001047580	178403	Cel.6647	NM_001047580		coq-3	-	COenzyme Q (ubiquinone) biosynthesis
MA2C_peak_506	chrI	10189937	10194018	+	4.5894	NA	intron (NM_060284, intron 4 of 5)	intron (NM_060284, intron 4 of 5)	906	NM_060284	172888	Cel.19198	NM_060284		C25A1.12	-	hypothetical protein
MA2C_peak_2351	chrIV	17276957	17281908	+	4.5854	NA	exon (NM_070667, exon 2 of 4)	exon (NM_070667, exon 2 of 4)	520	NM_070667	178507	Cel.5111	NM_070667		hsp-1	-	Heat Shock Protein
MA2C_peak_591	chrI	12965187	12969812	+	4.5788	NA	promoter-TSS (NM_001025879)	promoter-TSS (NM_001025879)	-635	NM_001025879	173167	Cel.7257	NM_001025879		tba-2	-	TuBulin, Alpha
MA2C_peak_2966	chrX	6088518	6094123	+	4.5694	NA	exon (NM_076618, exon 3 of 5)	exon (NM_076618, exon 3 of 5)	764	NM_076618	180880	Cel.33294	NM_076618		hsp-3	-	Heat Shock Protein
MA2C_peak_577	chrI	12650836	12655053	+	4.5676	NA	promoter-TSS (NM_060800)	promoter-TSS (NM_060800)	616	NM_001026356	173134	Cel.22874	NM_001026355		H28O16.1	-	hypothetical protein
MA2C_peak_2450	chrV	6222922	6230580	+	4.5490	NA	exon (NM_072195, exon 2 of 6)	exon (NM_072195, exon 2 of 6)	242	NM_072195	3564781	Cel.23182	NM_072195		W06H8.6	-	hypothetical protein
MA2C_peak_2186	chrIV	10365178	10368977	+	4.5330	NA	promoter-TSS (NM_069511)	promoter-TSS (NM_069511)	685	NM_069512	177925	Cel.12478	NM_069512		R11A8.5	-	hypothetical protein
MA2C_peak_563	chrI	11909511	11913767	+	4.4860	NA	promoter-TSS (NM_060622)	promoter-TSS (NM_060622)	325	NM_060623	173072	Cel.36376	NM_060623		ubc-12	-	UBiquitin Conjugating enzyme
MA2C_peak_1676	chrIII	9051352	9055707	+	4.4782	NA	intron (NM_066603, intron 1 of 3)	intron (NM_066603, intron 1 of 3)	166	NM_066602	176279	Cel.10161	NM_066602		R107.5	-	hypothetical protein
MA2C_peak_1808	chrIII	12367202	12371178	+	4.4629	NA	Intergenic	Intergenic	-1144	NM_067207	176660	Cel.17919	NM_067207		his-72	-	HIStone
MA2C_peak_709	chrII	1242167	1247200	+	4.4609	NA	promoter-TSS (NM_001027006)	promoter-TSS (NM_001027006)	-642	NM_001027007	173503	Cel.18253	NM_001027005		lin-42	-	abnormal cell LINeage
MA2C_peak_1989	chrIV	4747143	4751395	+	4.4591	NA	promoter-TSS (NM_068228)	promoter-TSS (NM_068228)	-266	NM_068228	177243	Cel.32687	NM_068228		cyc-2.1	-	CYtochrome C
MA2C_peak_2901	chrX	4523141	4526940	+	4.4540	NA	intron (NM_182439, intron 2 of 4)	intron (NM_182439, intron 2 of 4)	829	NM_182439	180724	Cel.18353	NM_001129628		pdi-2	-	Protein Disulfide Isomerase
MA2C_peak_1025	chrII	9279462	9286591	+	4.4288	NA	Intergenic	Intergenic	-2871	NM_182118	174471	Cel.16006	NM_063577		tag-165	-	Temporarily Assigned Gene name
MA2C_peak_1655	chrIII	8794312	8798612	+	4.4283	NA	intron (NM_066542, intron 2 of 11)	intron (NM_066542, intron 2 of 11)	3156	NM_066542	176237	Cel.22669	NM_001027439		zfp-1	-	Zinc Finger Protein
MA2C_peak_1128	chrII	11632004	11637667	+	4.4221	NA	Intergenic	Intergenic	-1310	NM_064083	174782	Cel.9037	NM_001026897		din-1	-	DAF-12 Interacting Protein
MA2C_peak_1945	chrIV	3382608	3386819	+	4.4176	NA	promoter-TSS (NM_182297)	promoter-TSS (NM_182297)	-569	NM_067934	177105	Cel.4966	NM_067934		B0546.4	-	hypothetical protein
MA2C_peak_840	chrII	6488541	6493993	+	4.4092	NA	TTS (NM_062907)	TTS (NM_062907)	677	NM_062910	189046	Cel.37016	NM_062910		T28D9.11	-	hypothetical protein
MA2C_peak_1348	chrIII	4015625	4020901	+	4.4087	NA	promoter-TSS (NM_065405)	promoter-TSS (NM_065405)	-644	NM_065405	175519	Cel.10737	NM_065405		tbb-2	-	Tubulin, Beta
MA2C_peak_1889	chrIV	1053943	1057808	+	4.4065	NA	exon (NM_067630, exon 2 of 4)	exon (NM_067630, exon 2 of 4)	438	NM_067630	176925	Cel.17765	NM_067630		Y55F3AM.13	-	hypothetical protein
MA2C_peak_2533	chrV	9543161	9551012	+	4.3921	NA	promoter-TSS (NM_073065)	promoter-TSS (NM_073065)	30	NM_073065	179341	Cel.17998	NM_073065		his-37	-	HIStone
MA2C_peak_1589	chrIII	7857058	7862550	+	4.3860	NA	TTS (NM_066304)	TTS (NM_066304)	265	NM_066305	176101	Cel.18049	NM_066305		tomm-7	-	Translocase of Outer Mitochondrial Membrane
MA2C_peak_332	chrI	7516068	7522157	+	4.3810	NA	Intergenic	Intergenic	-3000	NM_059707	172505	Cel.17339	NM_059707		goa-1	-	G protein,O, Alpha subunit
MA2C_peak_796	chrII	5659630	5663679	+	4.3588	NA	promoter-TSS (NM_062706)	promoter-TSS (NM_062706)	493	NM_170998	173960	Cel.23108	NM_062707		C25H3.6	-	hypothetical protein
MA2C_peak_2213	chrIV	11117379	11123339	+	4.3575	NA	intron (NM_069679, intron 2 of 4)	intron (NM_069679, intron 2 of 4)	1043	NM_069679	178014	Cel.16874	NM_069679		T05E11.3	-	hypothetical protein
MA2C_peak_283	chrI	6834720	6839034	+	4.3319	NA	exon (NM_059554, exon 2 of 3)	exon (NM_059554, exon 2 of 3)	488	NM_059554	172408	Cel.7612	NM_059554		K02F2.2	-	hypothetical protein
MA2C_peak_1269	chrIII	1617595	1621568	+	4.3182	NA	promoter-TSS (NM_065027)	promoter-TSS (NM_065027)	-150	NM_065028	175316	Cel.7829	NM_001129251		hsp-60	-	Heat Shock Protein
MA2C_peak_707	chrII	1234488	1238916	+	4.3129	NA	promoter-TSS (NM_001027005)	promoter-TSS (NM_001027005)	-156	NM_001027005	173503	Cel.18253	NM_001027005		lin-42	-	abnormal cell LINeage
MA2C_peak_1481	chrIII	5937635	5941498	+	4.2951	NA	promoter-TSS (NM_171139)	promoter-TSS (NM_171139)	-627	NM_171139	175840	Cel.17821	NM_171139		ubq-1	-	UBiQuitin
MA2C_peak_1693	chrIII	9520434	9524434	+	4.2820	NA	TTS (NM_066698)	TTS (NM_066698)	458	NM_066697	176343	Cel.34225	NM_066697		ZK1098.1	-	hypothetical protein
MA2C_peak_990	chrII	8782665	8789414	+	4.2815	NA	Intergenic	Intergenic	-2473	NM_063466	184162	Cel.15506	NM_063466		sgn-1	-	SarcoGlycaN
MA2C_peak_949	chrII	8123980	8133739	+	4.2521	NA	Intergenic	Intergenic	-1031	NM_063302	174307	Cel.22587	NM_063302		ulp-4	-	Ubiquitin-Like Protease
MA2C_peak_1380	chrIII	4560169	4564998	+	4.2425	NA	promoter-TSS (NM_065524)	promoter-TSS (NM_065524)	-122	NM_065523	175596	Cel.16921	NM_065523		pan-1	-	P-granule Associated Novel protein
MA2C_peak_1413	chrIII	5015585	5019507	+	4.2378	NA	promoter-TSS (NM_001047403)	promoter-TSS (NM_001047403)	67	NM_001047403	175680	Cel.23170	NM_001047402		larp-1	-	LARP (RNA binding La related protein) homolog
MA2C_peak_1127	chrII	11615647	11621366	+	4.2085	NA	exon (NM_182102, exon 1 of 5)	exon (NM_182102, exon 1 of 5)	1296	NM_182102	174782	Cel.9037	NM_001026897		din-1	-	DAF-12 Interacting Protein
MA2C_peak_164	chrI	4671205	4675566	+	4.1431	NA	Intergenic	AT_rich|Low_complexity|Low_complexity	-1646	NM_001025787	172077	Cel.22650	NM_001025787		xnp-1	-	human XNP gene related
MA2C_peak_767	chrII	4901613	4906323	+	4.0914	NA	promoter-TSS (NM_062492)	promoter-TSS (NM_062492)	-185	NM_062492	173846	Cel.7260	NM_062492		sgt-1	-	Small Glutamine-rich Tetratrico repeat protein
MA2C_peak_1012	chrII	9059016	9063118	+	4.0648	NA	promoter-TSS (NM_001027187)	promoter-TSS (NM_001027187)	-8	NM_001027186	174444	Cel.17491	NM_001027186		T24B8.3	-	hypothetical protein
MA2C_peak_2227	chrIV	11520242	11525694	+	4.0589	NA	TTS (NM_069771)	TTS (NM_069771)	-1645	NM_069772	178074	Cel.16881	NM_069772		mep-1	-	Mog interacting, Ectopic P granules
MA2C_peak_1070	chrII	10500513	10506105	+	4.0420	NA	promoter-TSS (NM_063861)	promoter-TSS (NM_063861)	-847	NM_063861	174614	Cel.4939	NM_063861		pqn-47	-	Prion-like-(Q/N-rich)-domain-bearing protein
MA2C_peak_1737	chrIII	10214475	10219158	+	4.0257	NA	promoter-TSS (NM_066863)	promoter-TSS (NM_066863)	-278	NM_066863	176437	Cel.34779	NM_066863		cts-1	-	CiTrate Synthase
MA2C_peak_1731	chrIII	10092638	10096750	+	4.0165	NA	intron (NM_001027593, intron 1 of 6)	intron (NM_001027593, intron 1 of 6)	3250	NM_001027593	176422	Cel.16844	NM_001027593		bath-43	-	BTB and MATH domain containing
MA2C_peak_2343	chrIV	16862556	16866533	+	4.0144	NA	intron (NM_070598, intron 2 of 3)	intron (NM_070598, intron 2 of 3)	-1142	NM_070597	178469	Cel.7369	NM_070597		mel-46	-	Maternal Effect Lethal
MA2C_peak_2259	chrIV	12120436	12124189	+	4.0021	NA	promoter-TSS (NM_001083228)	promoter-TSS (NM_001083228)	-813	NM_001083228	178157	Cel.4924	NM_001083228		aly-3	-	Ref/ALY RNA export adaptor family
MA2C_peak_999	chrII	8930834	8934633	+	4.0018	NA	exon (NM_001027178, exon 3 of 4)	exon (NM_001027178, exon 3 of 4)	716	NM_063499	174423	Cel.18035	NM_001027178		enol-1	-	ENOLase
MA2C_peak_366	chrI	7949996	7954977	+	3.9580	NA	promoter-TSS (NM_059792)	promoter-TSS (NM_059792)	-899	NM_059792	266843	Cel.9171	NM_059792		jph-1	-	JunctoPHilin
MA2C_peak_2457	chrV	6511213	6517854	+	3.9567	NA	TTS (NM_182354)	TTS (NM_182354)	690	NM_072254	179040	Cel.196	NM_072254		dpy-11	-	DumPY : shorter than wild-type
MA2C_peak_478	chrI	9720283	9725249	+	3.9459	NA	promoter-TSS (NM_170912)	promoter-TSS (NM_170912)	55	NM_170912	172823	Cel.20772	NM_170911		eat-16	-	EATing: abnormal pharyngeal pumping
MA2C_peak_2458	chrV	6537078	6543718	+	3.9436	NA	Intergenic	Intergenic	-2353	NM_072260	179045	Cel.6694	NM_072260		dre-1	-	Daf-12, REdundant with
MA2C_peak_485	chrI	9851953	9857410	+	3.9364	NA	Intergenic	Intergenic	-2898	NM_060208	172837	Cel.17284	NM_060208		K10C3.2	-	hypothetical protein
MA2C_peak_1762	chrIII	10811964	10819810	+	3.9295	NA	intron (NM_001129236, intron 3 of 6)	intron (NM_001129236, intron 3 of 6)	839	NM_001129236	176512	Cel.22455	NM_001129236		sca-1	-	SERCA (Sarco-Endoplasmic Reticulum Calcium ATPase)
MA2C_peak_497	chrI	10033836	10037936	+	3.9005	NA	intron (NM_060251, intron 1 of 6)	(CA)n|Simple_repeat|Simple_repeat	-1082	NM_060250	172866	Cel.19737	NM_060250		ncs-2	-	Neuronal Calcium Sensor family
MA2C_peak_1701	chrIII	9628974	9634145	+	3.8948	NA	promoter-TSS (NM_066732)	promoter-TSS (NM_066732)	-489	NM_066732	176363	Cel.18114	NM_066732		ubc-7	-	UBiquitin Conjugating enzyme
MA2C_peak_320	chrI	7313337	7318386	+	3.8937	NA	Intergenic	Intergenic	-1584	NM_001128980	3565846	Cel.32713	NM_001128979		F13G3.10	-	hypothetical protein
MA2C_peak_175	chrI	4913601	4918846	+	3.8863	NA	Intergenic	Intergenic	-2173	NM_059075	172109	Cel.8980	NM_059075		F21F3.6	-	hypothetical protein
MA2C_peak_2653	chrV	12537698	12542698	+	3.8799	NA	promoter-TSS (NM_073740)	promoter-TSS (NM_073740)	-819	NM_073740	179716	Cel.7403	NM_073740		F45D3.2	-	hypothetical protein
MA2C_peak_1570	chrIII	7496816	7500558	+	3.8725	NA	promoter-TSS (NM_066245)	promoter-TSS (NM_066245)	602	NM_066246	176062	Cel.10858	NM_066246		C07H6.9	-	hypothetical protein
MA2C_peak_1656	chrIII	8799062	8803614	+	3.7620	NA	promoter-TSS (NM_066544)	promoter-TSS (NM_066544)	-730	NM_066544	186252	Cel.29144	NM_066544		F54F2.6	-	hypothetical protein
MA2C_peak_2577	chrV	10714121	10719132	+	3.7617	NA	intron (NM_073334, intron 1 of 4)	intron (NM_073334, intron 1 of 4)	14102	NM_073333	182242	Cel.7899	NM_073333		pph-1	-	Protein PHosphatase
MA2C_peak_912	chrII	7678816	7684923	+	3.7313	NA	promoter-TSS (NM_001026921)	promoter-TSS (NM_001026921)	-22	NM_001026921	3565051	Cel.7943	NM_001026921		lin-26	-	abnormal cell LINeage
MA2C_peak_863	chrII	6888291	6892500	+	3.7290	NA	promoter-TSS (NM_063008)	promoter-TSS (NM_063008)	-40	NM_063008	174128	Cel.17877	NM_063008		C44B7.10	-	hypothetical protein
MA2C_peak_2233	chrIV	11591981	11596288	+	3.7198	NA	promoter-TSS (NM_001129307)	promoter-TSS (NM_001129307)	-532	NM_001129307	178082	Cel.5312	NM_001129307		F40F11.2	-	hypothetical protein
MA2C_peak_1868	chrIV	254600	259349	+	3.6987	NA	TTS (NM_067488)	TTS (NM_067488)	215	NM_067486	176845	Cel.12526	NM_067486		R02D3.8	-	hypothetical protein
MA2C_peak_508	chrI	10231811	10235865	+	3.6831	NA	Intergenic	Intergenic	-2633	NM_060293	172891	Cel.7247	NM_060293		csnk-1	-	CaSeiN Kinase
MA2C_peak_1704	chrIII	9637949	9642425	+	3.6498	NA	Intergenic	Intergenic	-3170	NM_066733	176364	Cel.10366	NM_066733		gei-13	-	GEX Interacting protein
MA2C_peak_3095	chrX	11057110	11066867	+	3.6455	NA	promoter-TSS (NM_077450)	promoter-TSS (NM_077450)	-70	NM_077450	181297	Cel.8133	NM_077450		W04G3.2	-	hypothetical protein
MA2C_peak_2554	chrV	10201985	10205935	+	3.6268	NA	promoter-TSS (NM_073222)	promoter-TSS (NM_073222)	-503	NM_073222	179415	Cel.35602	NM_073222		ZK856.8	-	hypothetical protein
MA2C_peak_2672	chrV	13082901	13088516	+	3.6026	NA	promoter-TSS (NM_001047628)	promoter-TSS (NM_001047628)	-467	NM_001047628	179793	Cel.4977	NM_001047628		C34B4.2	-	hypothetical protein
MA2C_peak_1038	chrII	9617498	9622147	+	3.5230	NA	intron (NM_171030, intron 6 of 7)	intron (NM_171030, intron 6 of 7)	-2777	NM_063670	188538	Cel.14360	NM_063670		coiled-coil	-	hypothetical protein
MA2C_peak_220	chrI	5874343	5882277	+	3.4282	NA	exon (NM_170870, exon 2 of 9)	exon (NM_170870, exon 2 of 9)	647	NM_171838	172261	Cel.20504	NM_170870		noah-1	-	NOmpA Homolog (Drosophila nompA: no mechanoreceptor potential A)
MA2C_peak_1721	chrIII	9824300	9828657	+	3.3923	NA	3' UTR (NM_066780, exon 3 of 3)	3' UTR (NM_066780, exon 3 of 3)	571	NM_066780	176395	Cel.18050	NM_066780		ZK632.10	-	hypothetical protein
MA2C_peak_2860	chrX	3089523	3094443	+	3.3076	NA	TTS (NM_076128)	TTS (NM_076128)	1723	NM_171648	180596	Cel.19780	NM_171647		pccb-1	-	Propionyl Coenzyme A Carboxylase Beta subunit
MA2C_peak_2052	chrIV	7233818	7238456	+	3.2985	NA	Intergenic	Intergenic	-1575	NM_068746	183948	Cel.13217	NM_068746		elo-3	-	fatty acid ELOngation
MA2C_peak_667	chrI	14855760	14863659	+	3.2612	NA	exon (NM_061195, exon 6 of 11)	exon (NM_061195, exon 6 of 11)	-2833	NM_061193	173358	Cel.19324	NM_061193		aex-5	-	Aboc, EXpulsion defective
MA2C_peak_263	chrI	6577122	6581471	+	3.2349	NA	intron (NM_059496, intron 1 of 7)	intron (NM_059496, intron 1 of 7)	5291	NM_059496	266837	Cel.17486	NM_059496		let-607	-	LEThal
MA2C_peak_457	chrI	9424700	9429431	+	3.2082	NA	intron (NM_060104, intron 5 of 6)	intron (NM_060104, intron 5 of 6)	-4176	NM_060105	182726	Cel.19226	NM_060105		C17E4.9	-	hypothetical protein
MA2C_peak_995	chrII	8849812	8854216	+	3.1979	NA	exon (NM_063485, exon 1 of 7)	exon (NM_063485, exon 1 of 7)	178	NM_063485	174415	Cel.5986	NM_063485		oac-46	-	O-ACyltransferase homolog
MA2C_peak_352	chrI	7709016	7712894	+	3.1816	NA	Intergenic	Intergenic	-3904	NM_059746	172536	Cel.17221	NM_001128989		F27D4.2	-	hypothetical protein
MA2C_peak_1493	chrIII	6135834	6141623	+	3.1716	NA	Intergenic	Intergenic	-2507	NM_001027695	175863	Cel.6499	NM_001027695		Y42G9A.4	-	hypothetical protein
MA2C_peak_425	chrI	8975509	8987429	+	3.1669	NA	exon (NM_060016, exon 7 of 11)	exon (NM_060016, exon 7 of 11)	5045	NM_060016	172715	Cel.18801	NM_060016		fasn-1	-	Fatty Acid SyNthase
MA2C_peak_917	chrII	7773945	7778594	+	3.1579	NA	intron (NM_171024, intron 1 of 6)	intron (NM_171024, intron 1 of 6)	1488	NM_171025	174254	Cel.17243	NM_171024		C06A8.1	-	hypothetical protein
MA2C_peak_2316	chrIV	14089907	14096263	+	3.1338	NA	intron (NM_070298, intron 1 of 4)	intron (NM_070298, intron 1 of 4)	1863	NM_070298	178365	Cel.5884	NM_070298		noah-2	-	NOmpA Homolog (Drosophila nompA: no mechanoreceptor potential A)
MA2C_peak_2786	chrV	20660605	20667693	+	3.0922	NA	exon (NM_075592, exon 6 of 15)	exon (NM_075592, exon 6 of 15)	1550	NM_075592	180352	Cel.20885	NM_075592		mlt-11	-	MoLTing defective
MA2C_peak_1583	chrIII	7728499	7733477	+	3.0863	NA	promoter-TSS (NM_066283)	promoter-TSS (NM_066283)	-327	NM_066283	176084	Cel.34838	NM_066283		ncl-1	-	abnormal NuCLeoli
MA2C_peak_1468	chrIII	5834448	5839053	+	3.0673	NA	promoter-TSS (NM_065858)	promoter-TSS (NM_065858)	-128	NM_065858	189187	Cel.27937	NM_065858		W04D12.1	-	hypothetical protein
MA2C_peak_1708	chrIII	9700986	9705335	+	3.0445	NA	intron (NM_181913, intron 1 of 8)	intron (NM_181913, intron 1 of 8)	-1683	NM_001047379	176369	Cel.17152	NM_001047379		tlk-1	-	Tousled-Like Kinase
MA2C_peak_2837	chrX	2212576	2216831	+	3.0057	NA	promoter-TSS (NM_001029739)	promoter-TSS (NM_001029739)	-921	NM_001029739	180532	Cel.620	NM_001029739		peb-1	-	Pharyngeal Enhancer Binding
MA2C_peak_1373	chrIII	4451249	4456403	+	2.9884	NA	Intergenic	Intergenic	2921	NM_065504	182972	Cel.25937	NM_065504		C28A5.5	-	hypothetical protein
MA2C_peak_2010	chrIV	5748457	5754667	+	2.9375	NA	intron (NM_068459, intron 1 of 5)	intron (NM_068459, intron 1 of 5)	-1480	NM_068457	177350	Cel.18365	NM_001027894		nhr-46	-	Nuclear Hormone Receptor family
MA2C_peak_988	chrII	8749158	8753760	+	2.9317	NA	promoter-TSS (NM_063460)	promoter-TSS (NM_063460)	-456	NM_063460	174399	Cel.4969	NM_063460		atf-2	-	ATF (cAMP-dependent transciption factor) family
MA2C_peak_2515	chrV	8662612	8667311	+	2.9097	NA	Intergenic	Intergenic	-1081	NM_072832	179248	Cel.8994	NM_072832		ZC190.4	-	hypothetical protein
MA2C_peak_324	chrI	7377011	7381042	+	2.9087	NA	exon (NM_001136291, exon 8 of 11)	exon (NM_001136291, exon 8 of 11)	4127	NM_059684	172491	Cel.17034	NM_001136291		unc-15	-	UNCoordinated
MA2C_peak_1469	chrIII	5839104	5843913	+	2.9028	NA	Intergenic	Intergenic	4630	NM_065858	189187	Cel.27937	NM_065858		W04D12.1	-	hypothetical protein
MA2C_peak_1954	chrIV	3650492	3654391	+	2.8095	NA	Intergenic	Intergenic	-3762	NM_067990	177126	Cel.22478	NM_067990		CC8.2	-	hypothetical protein
MA2C_peak_2884	chrX	3900748	3905282	+	2.7782	NA	Intergenic	Intergenic	-1556	NM_076273	180674	Cel.4999	NM_001136466		sup-12	-	SUPpressor
MA2C_peak_1091	chrII	10925042	10930233	+	2.7622	NA	exon (NM_063952, exon 4 of 9)	exon (NM_063952, exon 4 of 9)	1154	NM_063952	174681	Cel.16853	NM_063952		R03D7.1	-	hypothetical protein
MA2C_peak_2787	chrV	20667694	20673293	+	2.6564	NA	exon (NM_075592, exon 12 of 15)	exon (NM_075592, exon 12 of 15)	-6315	NM_075593	186180	Cel.26958	NM_075593		srsx-35	-	Serpentine Receptor, class SX
