PeakID	Chr	Start	End	Strand	Peak Score	Focus Ratio/Region Size	Annotation	Detailed Annotation	Distance to TSS	Nearest PromoterID	Entrez ID	Nearest Unigene	Nearest Refseq	Nearest Ensembl	Gene Name	Gene Alias	Gene Description
MA2C_peak_2874	chrV	9342950	9347701	+	5.6252	NA	exon (NM_073019, exon 6 of 6)	exon (NM_073019, exon 6 of 6)	1026	NM_073018	179318	Cel.3098	NM_073018		K07B1.7	-	hypothetical protein
MA2C_peak_62	chrI	1831851	1839379	+	5.3095	NA	promoter-TSS (NM_170806)	promoter-TSS (NM_170806)	-65	NM_170806	171751	Cel.20779	NM_001026403		egl-30	-	EGg Laying defective
MA2C_peak_2022	chrIII	12605710	12609848	+	5.2433	NA	intron (NM_067241, intron 1 of 8)	A-rich|Low_complexity|Low_complexity	568	NM_067241	176679	Cel.8438	NM_067241		epc-1	-	Enhancer of PolyComb-like
MA2C_peak_356	chrI	7472096	7479868	+	5.1662	NA	intron (NM_059697, intron 1 of 3)	intron (NM_059697, intron 1 of 3)	960	NM_059697	172501	Cel.16662	NM_059697		T28F4.1	-	hypothetical protein
MA2C_peak_3085	chrV	14684503	14688681	+	5.0446	NA	exon (NM_074225, exon 3 of 5)	exon (NM_074225, exon 3 of 5)	-1062	NM_074224	179970	Cel.4480	NM_074224		C47E8.4	-	hypothetical protein
MA2C_peak_2359	chrIV	7908399	7911848	+	5.0069	NA	promoter-TSS (NM_068916)	promoter-TSS (NM_068916)	-460	NM_171388	177580	Cel.13272	NM_171388		ntl-4	-	NOT-Like (yeast CCR4/NOT complex component)
MA2C_peak_2383	chrIV	8430831	8434230	+	4.9546	NA	promoter-TSS (NM_069035)	promoter-TSS (NM_069035)	-490	NM_069035	177644	Cel.5820	NM_069035		T26A8.1	-	hypothetical protein
MA2C_peak_336	chrI	7079781	7086382	+	4.9433	NA	Intergenic	Intergenic	-1560	NM_059604	172441	Cel.6620	NM_059604		F22D6.2	-	hypothetical protein
MA2C_peak_1904	chrIII	9779221	9783263	+	4.9418	NA	promoter-TSS (NM_066763)	promoter-TSS (NM_066763)	91	NM_066764	176383	Cel.19685	NM_066764		vha-1	-	Vacuolar H ATPase
MA2C_peak_1524	chrIII	4192755	4198073	+	4.9070	NA	TTS (NM_001083177)	TTS (NM_001083177)	1491	NM_001083176	175541	Cel.18091	NM_001083176		xbp-1	-	X-box Binding Protein homolog
MA2C_peak_2250	chrIV	5368043	5371541	+	4.8747	NA	promoter-TSS (NM_171339)	promoter-TSS (NM_171339)	-3	NM_171340	177319	Cel.17303	NM_171339		F41H10.3	-	hypothetical protein
MA2C_peak_162	chrI	4137237	4141598	+	4.8519	NA	promoter-TSS (NM_058903)	promoter-TSS (NM_058903)	-98	NM_001128967	171998	Cel.19005	NM_001128967		E01A2.1	-	hypothetical protein
MA2C_peak_3715	chrX	14556740	14561609	+	4.8490	NA	exon (NM_078022, exon 3 of 7)	exon (NM_078022, exon 3 of 7)	749	NM_078022	181551	Cel.19601	NM_078022		nhr-3	-	Nuclear Hormone Receptor family
MA2C_peak_1281	chrII	11977457	11981337	+	4.8341	NA	promoter-TSS (NM_001129179)	promoter-TSS (NM_001129179)	61	NM_001129179	174837	Cel.7110	NM_001129179		Y17G7B.20	-	hypothetical protein
MA2C_peak_1274	chrII	11746841	11752473	+	4.8226	NA	Intergenic	Intergenic	-1923	NM_064107	174803	Cel.6600	NM_064107		gpb-1	-	G Protein, Beta subunit
MA2C_peak_1231	chrII	11040424	11043966	+	4.8202	NA	Intergenic	Intergenic	-1063	NM_063965	174690	Cel.17447	NM_063965		cey-1	-	Y-box
MA2C_peak_1740	chrIII	7334209	7338046	+	4.8161	NA	promoter-TSS (NM_001027445)	promoter-TSS (NM_001027445)	-387	NM_001027445	3564807	Cel.24408	NM_001027445		gsp-2	-	yeast Glc Seven-like Phosphatases
MA2C_peak_2043	chrIII	13067824	13072553	+	4.8054	NA	promoter-TSS (NM_067309)	promoter-TSS (NM_067309)	-452	NM_067309	176728	Cel.8055	NM_067309		Y39E4B.6	-	hypothetical protein
MA2C_peak_1266	chrII	11631554	11637720	+	4.7866	NA	Intergenic	AT_rich|Low_complexity|Low_complexity	-1112	NM_064083	174782	Cel.9037	NM_001026897		din-1	-	DAF-12 Interacting Protein
MA2C_peak_1858	chrIII	9051602	9055657	+	4.7815	NA	promoter-TSS (NM_066602)	promoter-TSS (NM_066602)	66	NM_066602	176279	Cel.10161	NM_066602		R107.5	-	hypothetical protein
MA2C_peak_942	chrII	6343957	6349554	+	4.7784	NA	promoter-TSS (NM_001026832)	promoter-TSS (NM_001026832)	-879	NM_001026832	174048	Cel.4896	NM_001026832		Thioredoxin	-	hypothetical protein
MA2C_peak_1342	chrII	14248426	14252619	+	4.7643	NA	promoter-TSS (NM_064569)	promoter-TSS (NM_064569)	-74	NM_064569	175081	Cel.7507	NM_064569		hmg-1.1	-	HMG
MA2C_peak_2773	chrV	6222472	6233646	+	4.7640	NA	Intergenic	Intergenic	-1066	NM_072195	3564781	Cel.23182	NM_072195		W06H8.6	-	hypothetical protein
MA2C_peak_1252	chrII	11451736	11455135	+	4.7349	NA	promoter-TSS (NM_064040)	promoter-TSS (NM_064040)	-461	NM_182114	174748	Cel.6471	NM_064041		rsp-1	-	SR Protein (splicing factor)
MA2C_peak_1026	chrII	7613295	7617420	+	4.7284	NA	TTS (NM_001027107)	TTS (NM_001027107)	-1026	NM_063197	174233	Cel.34286	NM_063197		cdc-42	-	Cell Division Cycle related
MA2C_peak_3630	chrX	12168847	12173055	+	4.7038	NA	intron (NM_077634, intron 1 of 1)	intron (NM_077634, intron 1 of 1)	655	NM_077634	181381	Cel.23191	NM_077634		F57G12.1	-	hypothetical protein
MA2C_peak_718	chrI	14755268	14760901	+	4.6887	NA	exon (NM_061169, exon 4 of 5)	exon (NM_061169, exon 4 of 5)	1239	NM_061169	173341	Cel.8844	NM_061169		dnj-12	-	DNaJ domain (prokaryotic heat shock protein)
MA2C_peak_3616	chrX	11603229	11608580	+	4.6614	NA	promoter-TSS (NM_077538)	promoter-TSS (NM_077538)	-559	NM_077537	181348	Cel.17467	NM_077537		ftt-2	-	Fourteen-Three-Three family
MA2C_peak_1479	chrIII	3321127	3324509	+	4.6561	NA	promoter-TSS (NM_065290)	promoter-TSS (NM_065290)	-141	NM_065290	175435	Cel.7422	NM_065290		Y53G8AR.2	-	hypothetical protein
MA2C_peak_2548	chrIV	11854059	11858813	+	4.6539	NA	promoter-TSS (NM_069845)	promoter-TSS (NM_069845)	-90	NM_069845	3564942	Cel.12975	NM_069845		ech-2	-	Enoyl-CoA Hydratase
MA2C_peak_1142	chrII	9279912	9286143	+	4.6385	NA	Intergenic	Intergenic	-2870	NM_182118	174471	Cel.16006	NM_063577		tag-165	-	Temporarily Assigned Gene name
MA2C_peak_540	chrI	10033034	10041236	+	4.6312	NA	intron (NM_060251, intron 1 of 6)	intron (NM_060251, intron 1 of 6)	-2331	NM_060250	172866	Cel.19737	NM_060250		ncs-2	-	Neuronal Calcium Sensor family
MA2C_peak_5	chrI	108055	111936	+	4.6182	NA	promoter-TSS (NM_058274)	promoter-TSS (NM_058274)	62	NM_058274	171601	Cel.17482	NM_058274		rab-11.1	-	RAB family
MA2C_peak_3433	chrX	6739203	6745002	+	4.6124	NA	promoter-TSS (NM_076735)	promoter-TSS (NM_076735)	-246	NM_076735	180942	Cel.17925	NM_076735		mdl-1	-	MAD-Like
MA2C_peak_2060	chrIII	13461750	13467173	+	4.5497	NA	promoter-TSS (NM_067384)	promoter-TSS (NM_067384)	-248	NM_067384	176775	Cel.17370	NM_067383		kel-3	-	KELch-repeat containing protein
MA2C_peak_96	chrI	2875192	2878647	+	4.5253	NA	promoter-TSS (NM_058660)	promoter-TSS (NM_058660)	-12	NM_058662	171854	Cel.6519	NM_058662		Y71F9AL.9	-	hypothetical protein
MA2C_peak_2633	chrIV	14822968	14826734	+	4.4908	NA	promoter-TSS (NM_070393)	promoter-TSS (NM_070393)	288	NM_070392	178407	Cel.17324	NM_070392		Y57G11C.15	-	hypothetical protein
MA2C_peak_1843	chrIII	8794212	8803714	+	4.4788	NA	exon (NM_066542, exon 5 of 12)	exon (NM_066542, exon 5 of 12)	1645	NM_066544	186252	Cel.29144	NM_066544		F54F2.6	-	hypothetical protein
MA2C_peak_1652	chrIII	5938099	5941498	+	4.4671	NA	promoter-TSS (NM_171139)	promoter-TSS (NM_171139)	-395	NM_171139	175840	Cel.17821	NM_171139		ubq-1	-	UBiQuitin
MA2C_peak_197	chrI	4787901	4791400	+	4.4386	NA	TTS (NM_059050)	TTS (NM_059050)	2852	NM_059050	172096	Cel.16160	NM_059050		zig-7	-	2 (Zwei) IG-domain protein
MA2C_peak_1107	chrII	8783615	8790184	+	4.4381	NA	Intergenic	Intergenic	-3333	NM_063466	184162	Cel.15506	NM_063466		sgn-1	-	SarcoGlycaN
MA2C_peak_522	chrI	9786891	9792322	+	4.4160	NA	intron (NM_060200, intron 3 of 3)	intron (NM_060200, intron 3 of 3)	867	NM_060200	172832	Cel.23146	NM_060200		cco-1	-	Cytochrome C Oxidase
MA2C_peak_2014	chrIII	12367152	12371078	+	4.4110	NA	Intergenic	Intergenic	-1069	NM_067207	176660	Cel.17919	NM_067207		his-72	-	HIStone
MA2C_peak_2497	chrIV	10932227	10937892	+	4.3868	NA	TTS (NM_069633)	TTS (NM_069633)	816	NM_069634	177989	Cel.18191	NM_069634		lgg-2	-	LC3, GABARAP and GATE-16 family
MA2C_peak_2219	chrIV	4444732	4448465	+	4.3763	NA	promoter-TSS (NM_068166)	promoter-TSS (NM_068166)	603	NM_068168	177212	Cel.17489	NM_068168		htz-1	-	HisTone variant H2AZ homolog
MA2C_peak_2934	chrV	10893609	10900223	+	4.3583	NA	promoter-TSS (NM_182333)	promoter-TSS (NM_182333)	205	NM_073377	179510	Cel.18025	NM_073377		emo-1	-	EndoMitotic Oocytes
MA2C_peak_516	chrI	9720283	9723949	+	4.3358	NA	promoter-TSS (NM_170911)	promoter-TSS (NM_170911)	-424	NM_170911	172823	Cel.20772	NM_170911		eat-16	-	EATing: abnormal pharyngeal pumping
MA2C_peak_222	chrI	5313053	5316593	+	4.3282	NA	TTS (NM_059163)	TTS (NM_059163)	487	NM_059163	185973	Cel.18680	NM_059163		F48C1.3	-	hypothetical protein
MA2C_peak_895	chrII	5659780	5663929	+	4.3265	NA	TTS (NM_062707)	TTS (NM_062707)	693	NM_170998	173960	Cel.23108	NM_062707		C25H3.6	-	hypothetical protein
MA2C_peak_360	chrI	7515818	7522788	+	4.3219	NA	Intergenic	Intergenic	-2809	NM_059707	172505	Cel.17339	NM_059707		goa-1	-	G protein,O, Alpha subunit
MA2C_peak_18	chrI	534015	537927	+	4.3128	NA	TTS (NM_058347)	TTS (NM_058347)	177	NM_182046	171646	Cel.7722	NM_058348		Y65B4BR.5	-	hypothetical protein
MA2C_peak_2533	chrIV	11592031	11596188	+	4.3111	NA	promoter-TSS (NM_001129307)	promoter-TSS (NM_001129307)	-557	NM_001129307	178082	Cel.5312	NM_001129307		F40F11.2	-	hypothetical protein
MA2C_peak_3355	chrX	4959752	4963104	+	4.2998	NA	promoter-TSS (NM_001029632)	promoter-TSS (NM_001029632)	-468	NM_001029632	180767	Cel.17615	NM_001029632		act-4	-	ACTin
MA2C_peak_382	chrI	7859454	7863003	+	4.2923	NA	Intergenic	Intergenic	-1817	NM_059771	172554	Cel.5103	NM_059771		nud-2	-	Aspergillus NUclear Division related
MA2C_peak_1128	chrII	9059116	9063468	+	4.2485	NA	promoter-TSS (NM_001027187)	promoter-TSS (NM_001027187)	-233	NM_001027186	174444	Cel.17491	NM_001027186		T24B8.3	-	hypothetical protein
MA2C_peak_240	chrI	5608243	5611735	+	4.2234	NA	TTS (NM_059241)	TTS (NM_059241)	290	NM_059240	172216	Cel.34864	NM_059240		vha-10	-	Vacuolar H ATPase
MA2C_peak_3059	chrV	13786773	13790572	+	4.2229	NA	promoter-TSS (NM_074013)	promoter-TSS (NM_074013)	-981	NM_074013	179873	Cel.16963	NM_074013		F53C11.4	-	hypothetical protein
MA2C_peak_2177	chrIV	3382608	3386719	+	4.2103	NA	promoter-TSS (NM_182297)	promoter-TSS (NM_182297)	-519	NM_067934	177105	Cel.4966	NM_067934		B0546.4	-	hypothetical protein
MA2C_peak_2885	chrV	9728922	9732584	+	4.2062	NA	intron (NM_001028736, intron 1 of 3)	intron (NM_001028736, intron 1 of 3)	670	NM_001028736	179365	Cel.17779	NM_001028735		F40F9.7	-	hypothetical protein
MA2C_peak_551	chrI	10174618	10179426	+	4.1806	NA	promoter-TSS (NM_060277)	promoter-TSS (NM_060277)	-148	NM_060277	172882	Cel.4911	NM_060277		C25A1.5	-	hypothetical protein
MA2C_peak_1162	chrII	9644119	9648391	+	4.1758	NA	Intergenic	Intergenic	-1556	NM_063675	174517	Cel.18243	NM_063675		sqv-8	-	SQuashed Vulva
MA2C_peak_2479	chrIV	10500462	10505363	+	4.1715	NA	Intergenic	Intergenic	-1356	NM_001083189	177943	Cel.13613	NM_001026121		tax-6	-	abnormal CHEmotaxis
MA2C_peak_1814	chrIII	8356018	8359420	+	4.1669	NA	promoter-TSS (NM_001027529)	promoter-TSS (NM_001027529)	-825	NM_001027528	176180	Cel.22996	NM_001027528		rfp-1	-	Ring Finger Protein, UBC associated
MA2C_peak_1084	chrII	8480143	8485113	+	4.1596	NA	promoter-TSS (NM_063390)	promoter-TSS (NM_063390)	-479	NM_063390	174357	Cel.7432	NM_063390		M05D6.5	-	hypothetical protein
MA2C_peak_1139	chrII	9259134	9264140	+	4.1472	NA	intron (NM_063572, intron 1 of 5)	intron (NM_063572, intron 1 of 5)	264	NM_063571	174467	Cel.17495	NM_063571		aqp-2	-	AQuaPorin or aquaglyceroporin related
MA2C_peak_486	chrI	9371304	9375403	+	4.1396	NA	intron (NM_001026219, intron 5 of 15)	intron (NM_001026219, intron 5 of 15)	14209	NM_001136314	187442	Cel.27349	NM_001136314		dyf-5	-	abnormal DYe Filling
MA2C_peak_3413	chrX	6089718	6094073	+	4.1349	NA	5' UTR (NM_076618, exon 1 of 5)	5' UTR (NM_076618, exon 1 of 5)	189	NM_076618	180880	Cel.33294	NM_076618		hsp-3	-	Heat Shock Protein
MA2C_peak_2804	chrV	6877472	6882105	+	4.1210	NA	Intergenic	Intergenic	-1538	NM_001028881	179077	Cel.18368	NM_001028881		unc-70	-	UNCoordinated
MA2C_peak_573	chrI	10551295	10555447	+	4.1126	NA	promoter-TSS (NM_060361)	promoter-TSS (NM_060361)	531	NM_060360	172939	Cel.8678	NM_060360		F25H2.5	-	hypothetical protein
MA2C_peak_3782	chrX	16610683	16614231	+	4.0994	NA	promoter-TSS (NM_078286)	promoter-TSS (NM_078286)	-909	NM_078286	181719	Cel.6838	NM_078286		ain-1	-	ALG-1 INteracting protein
MA2C_peak_3034	chrV	13128088	13131737	+	4.0985	NA	promoter-TSS (NM_073868)	promoter-TSS (NM_073868)	65	NM_073868	179796	Cel.17890	NM_073868		eat-6	-	EATing: abnormal pharyngeal pumping
MA2C_peak_140	chrI	3822498	3826414	+	4.0904	NA	promoter-TSS (NM_058832)	promoter-TSS (NM_058832)	-493	NM_058832	171956	Cel.17433	NM_058832		unc-108	-	UNCoordinated
MA2C_peak_1883	chrIII	9520834	9524234	+	4.0881	NA	TTS (NM_066698)	TTS (NM_066698)	558	NM_066697	176343	Cel.34225	NM_066697		ZK1098.1	-	hypothetical protein
MA2C_peak_988	chrII	6942901	6947152	+	4.0789	NA	intron (NM_001026937, intron 2 of 4)	CELE7|DNA|DNA	784	NM_001026937	174134	Cel.23165	NM_001026935		F22D3.2	-	hypothetical protein
MA2C_peak_1922	chrIII	10092738	10096800	+	4.0757	NA	intron (NM_001027593, intron 1 of 6)	intron (NM_001027593, intron 1 of 6)	3175	NM_001027593	176422	Cel.16844	NM_001027593		bath-43	-	BTB and MATH domain containing
MA2C_peak_3760	chrX	15605590	15609439	+	4.0553	NA	promoter-TSS (NM_078171)	promoter-TSS (NM_078171)	-377	NM_078172	181650	Cel.17300	NM_078172		nipi-3	-	No Induction of Peptide after Drechmeria Infection
MA2C_peak_3309	chrX	3898890	3906532	+	4.0509	NA	Intergenic	Intergenic	-1860	NM_076273	180674	Cel.4999	NM_001136466		sup-12	-	SUPpressor
MA2C_peak_2662	chrIV	17277057	17281356	+	4.0341	NA	exon (NM_070667, exon 2 of 4)	exon (NM_070667, exon 2 of 4)	294	NM_070667	178507	Cel.5111	NM_070667		hsp-1	-	Heat Shock Protein
MA2C_peak_3812	chrX	17512683	17516042	+	4.0090	NA	Intergenic	Intergenic	-3997	NM_001029684	181783	Cel.17829	NM_001029682		nhr-1	-	Nuclear Hormone Receptor family
MA2C_peak_3209	chrX	1060930	1064332	+	3.9837	NA	promoter-TSS (NM_075801)	promoter-TSS (NM_075801)	-186	NM_075801	180458	Cel.23065	NM_001129690		unc-1	-	UNCoordinated
MA2C_peak_2560	chrIV	12120586	12124389	+	3.9771	NA	promoter-TSS (NM_001083228)	promoter-TSS (NM_001083228)	-638	NM_001083228	178157	Cel.4924	NM_001083228		aly-3	-	Ref/ALY RNA export adaptor family
MA2C_peak_881	chrII	5335362	5338717	+	3.9556	NA	intron (NM_062597, intron 1 of 4)	intron (NM_062597, intron 1 of 4)	759	NM_062597	173904	Cel.8018	NM_062596		vhp-1	-	VH1 dual-specificity phosphatase family
MA2C_peak_1675	chrIII	6277818	6281910	+	3.9312	NA	promoter-TSS (NM_065974)	promoter-TSS (NM_065974)	-464	NM_065974	175890	Cel.10345	NM_001027428		hmg-1.2	-	HMG
MA2C_peak_1726	chrIII	7178451	7182451	+	3.9012	NA	promoter-TSS (NM_066171)	promoter-TSS (NM_066171)	-208	NM_066173	176008	Cel.19963	NM_066173		F37C12.3	-	hypothetical protein
MA2C_peak_3418	chrX	6251509	6255849	+	3.8950	NA	TTS (NM_076647)	TTS (NM_076647)	1444	NM_076647	189229	Cel.18309	NM_076647		W05H9.3	-	hypothetical protein
MA2C_peak_388	chrI	7949996	7954051	+	3.8767	NA	promoter-TSS (NM_059792)	promoter-TSS (NM_059792)	-436	NM_059792	266843	Cel.9171	NM_059792		jph-1	-	JunctoPHilin
MA2C_peak_3089	chrV	14829559	14833961	+	3.8749	NA	promoter-TSS (NM_074257)	promoter-TSS (NM_074257)	-161	NM_074256	179981	Cel.2009	NM_001029018		ret-1	-	RETiculon protein
MA2C_peak_201	chrI	4914256	4918896	+	3.8568	NA	Intergenic	Intergenic	-1821	NM_001026230	3565133	Cel.29698	NM_001026230		F21F3.7	-	hypothetical protein
MA2C_peak_2526	chrIV	11520292	11525494	+	3.8518	NA	TTS (NM_069771)	TTS (NM_069771)	1621	NM_069771	187434	Cel.12578	NM_069771		gfl-1	-	human GAS41-Like
MA2C_peak_2879	chrV	9543661	9550812	+	3.8495	NA	TTS (NM_073063)	TTS (NM_073063)	180	NM_073065	179341	Cel.17998	NM_073065		his-37	-	HIStone
MA2C_peak_2969	chrV	11528978	11540127	+	3.8457	NA	intron (NM_073526, intron 1 of 7)	intron (NM_073526, intron 1 of 7)	2006	NM_073526	179584	Cel.5435	NM_073525		ccch-1	-	CCCH-type zinc finger transcription factor
MA2C_peak_1191	chrII	10200165	10203844	+	3.8422	NA	Intergenic	Intergenic	-1267	NM_063801	187628	Cel.14644	NM_063801		R05H5.5	-	hypothetical protein
MA2C_peak_526	chrI	9851753	9857360	+	3.8088	NA	Intergenic	Intergenic	-2773	NM_060208	172837	Cel.17284	NM_060208		K10C3.2	-	hypothetical protein
MA2C_peak_1044	chrII	7808439	7812596	+	3.8025	NA	promoter-TSS (NM_063240)	promoter-TSS (NM_063240)	-654	NM_063240	174260	Cel.19541	NM_063240		cki-1	-	CKI family (Cyclin-dependent Kinase Inhibitor)
MA2C_peak_2114	chrIV	1054043	1057558	+	3.7877	NA	exon (NM_067630, exon 2 of 4)	exon (NM_067630, exon 2 of 4)	513	NM_067630	176925	Cel.17765	NM_067630		Y55F3AM.13	-	hypothetical protein
MA2C_peak_470	chrI	9113023	9117306	+	3.7756	NA	Intergenic	Intergenic	-2943	NM_060045	172735	Cel.16131	NM_060045		ZK858.1	-	hypothetical protein
MA2C_peak_494	chrI	9421201	9430531	+	3.7668	NA	intron (NM_060104, intron 5 of 6)	intron (NM_060104, intron 5 of 6)	3318	NM_060104	172769	Cel.37967	NM_060104		C17E4.6	-	hypothetical protein
MA2C_peak_2947	chrV	11077666	11081129	+	3.7659	NA	5' UTR (NM_073418, exon 2 of 5)	5' UTR (NM_073418, exon 2 of 5)	253	NM_073418	179535	Cel.17615	NM_073418		act-1	-	ACTin
MA2C_peak_838	chrII	4516722	4520358	+	3.7559	NA	promoter-TSS (NM_001026721)	promoter-TSS (NM_001026721)	-517	NM_001026721	173788	Cel.6667	NM_001026721		hlh-1	-	Helix Loop Helix
MA2C_peak_2262	chrIV	5748707	5754945	+	3.7538	NA	intron (NM_068459, intron 1 of 5)	intron (NM_068459, intron 1 of 5)	-1744	NM_068457	177350	Cel.18365	NM_001027894		nhr-46	-	Nuclear Hormone Receptor family
MA2C_peak_964	chrII	6705972	6709756	+	3.7536	NA	Intergenic	Intergenic	-2362	NM_062964	174105	Cel.5133	NM_062964		rpy-1	-	RaPsYn
MA2C_peak_3749	chrX	15272162	15278722	+	3.7488	NA	intron (NM_182447, intron 3 of 6)	(CA)n|Simple_repeat|Simple_repeat	-1732	NM_078132	181620	Cel.996	NM_001029498		kin-20	-	protein KINase
MA2C_peak_353	chrI	7377111	7383420	+	3.7414	NA	exon (NM_059684, exon 6 of 11)	exon (NM_059684, exon 6 of 11)	2888	NM_059684	172491	Cel.17034	NM_001136291		unc-15	-	UNCoordinated
MA2C_peak_2469	chrIV	10365328	10368779	+	3.7219	NA	promoter-TSS (NM_069511)	promoter-TSS (NM_069511)	709	NM_069512	177925	Cel.12478	NM_069512		R11A8.5	-	hypothetical protein
MA2C_peak_1072	chrII	8222560	8227562	+	3.7101	NA	Intergenic	Intergenic	-1003	NM_063330	174323	Cel.14713	NM_001129154		dab-1	-	DAB (Drosophila disabled) homolog
MA2C_peak_1160	chrII	9617848	9621947	+	3.7075	NA	intron (NM_171030, intron 6 of 7)	intron (NM_171030, intron 6 of 7)	-2852	NM_063670	188538	Cel.14360	NM_063670		coiled-coil	-	hypothetical protein
MA2C_peak_1618	chrIII	5564163	5567532	+	3.7060	NA	3' UTR (NM_171129, exon 2 of 2)	3' UTR (NM_171129, exon 2 of 2)	866	NM_171128	175768	Cel.22696	NM_171128		mlc-3	-	Myosin Light Chain
MA2C_peak_349	chrI	7313423	7317786	+	3.6634	NA	Intergenic	Intergenic	-1327	NM_001128980	3565846	Cel.32713	NM_001128979		F13G3.10	-	hypothetical protein
MA2C_peak_2263	chrIV	5804323	5808187	+	3.6624	NA	promoter-TSS (NM_182299)	promoter-TSS (NM_182299)	823	NM_068465	183098	Cel.8380	NM_068465		lntl-1	-	LIN-24 (Twenty-four) Like
MA2C_peak_556	chrI	10231221	10236208	+	3.6551	NA	Intergenic	Intergenic	-2509	NM_060293	172891	Cel.7247	NM_060293		csnk-1	-	CaSeiN Kinase
MA2C_peak_1544	chrIII	4501487	4506430	+	3.6436	NA	intron (NM_171104, intron 2 of 7)	intron (NM_171104, intron 2 of 7)	4123	NM_171104	175588	Cel.18128	NM_065514		cct-5	-	Chaperonin Containing TCP-1
MA2C_peak_643	chrI	12965787	12969609	+	3.6005	NA	promoter-TSS (NM_001025879)	promoter-TSS (NM_001025879)	572	NM_060870	173168	Cel.23266	NM_060870		pbs-2	-	Proteasome Beta Subunit
MA2C_peak_2725	chrV	4499204	4502794	+	3.5817	NA	intron (NM_001028999, intron 1 of 9)	intron (NM_001028999, intron 1 of 9)	1537	NM_001028999	178845	Cel.8113	NM_001028998		unc-62	-	UNCoordinated
MA2C_peak_728	chrI	14860160	14863659	+	3.5798	NA	exon (NM_061195, exon 4 of 11)	exon (NM_061195, exon 4 of 11)	1618	NM_061195	259839	Cel.19324	NM_061195		unc-54	-	UNCoordinated
MA2C_peak_617	chrI	11909988	11913417	+	3.5731	NA	promoter-TSS (NM_060622)	promoter-TSS (NM_060622)	388	NM_060623	173072	Cel.36376	NM_060623		ubc-12	-	UBiquitin Conjugating enzyme
MA2C_peak_3557	chrX	9997709	10001112	+	3.5644	NA	promoter-TSS (NM_077275)	promoter-TSS (NM_077275)	-298	NM_077275	181212	Cel.1193	NM_077275		grk-1	-	G-protein-coupled Receptor Kinase
MA2C_peak_1531	chrIII	4278522	4282194	+	3.5598	NA	promoter-TSS (NM_065455)	promoter-TSS (NM_065455)	-169	NM_065454	175551	Cel.23099	NM_001027545		tag-310	-	Temporarily Assigned Gene name
MA2C_peak_496	chrI	9443405	9448154	+	3.5567	NA	intron (NM_060107, intron 1 of 4)	intron (NM_060107, intron 1 of 4)	4944	NM_060107	172771	Cel.18412	NM_060107		mec-8	-	MEChanosensory abnormality
MA2C_peak_3576	chrX	10592853	10598250	+	3.5563	NA	Intergenic	Intergenic	-2287	NM_171972	181259	Cel.23080	NM_171769		sdn-1	-	SynDecaN
MA2C_peak_729	chrI	14896697	14901062	+	3.5544	NA	intron (NM_001026695, intron 1 of 12)	intron (NM_001026695, intron 1 of 12)	1321	NM_001026695	173360	Cel.18328	NM_001026695		frm-1	-	FERM domain (protein4.1-ezrin-radixin-moesin) family
MA2C_peak_2233	chrIV	4747343	4751095	+	3.5527	NA	promoter-TSS (NM_068228)	promoter-TSS (NM_068228)	-216	NM_068228	177243	Cel.32687	NM_068228		cyc-2.1	-	CYtochrome C
MA2C_peak_1909	chrIII	9824250	9828657	+	3.5511	NA	3' UTR (NM_066780, exon 3 of 3)	3' UTR (NM_066780, exon 3 of 3)	596	NM_066780	176395	Cel.18050	NM_066780		ZK632.10	-	hypothetical protein
MA2C_peak_137	chrI	3785331	3789147	+	3.5412	NA	promoter-TSS (NM_001025846)	promoter-TSS (NM_001025846)	643	NM_058818	171948	Cel.19175	NM_058818		C32E8.3	-	hypothetical protein
MA2C_peak_1178	chrII	9984960	9989476	+	3.5371	NA	Intergenic	Intergenic	-4073	NM_001027360	174557	Cel.17731	NM_001027360		lec-3	-	gaLECtin
MA2C_peak_3647	chrX	12689591	12693390	+	3.5265	NA	promoter-TSS (NM_077717)	promoter-TSS (NM_077717)	-39	NM_077717	181413	Cel.406	NM_077717		ugt-50	-	UDP-GlucuronosylTransferase
MA2C_peak_1508	chrIII	3913252	3917776	+	3.5228	NA	Intergenic	Intergenic	-1396	NM_065387	175505	Cel.17561	NM_065387		ccdc-47	-	CCDC (human Coiled Coil Domain Containing) homolog
MA2C_peak_2986	chrV	11953976	11959755	+	3.4957	NA	Intergenic	Intergenic	-1503	NM_073599	179635	Cel.3315	NM_073599		F58H1.5	-	hypothetical protein
MA2C_peak_1066	chrII	8124180	8131539	+	3.4929	NA	Intergenic	CERP2|DNA?|DNA?	-2031	NM_063302	174307	Cel.22587	NM_063302		ulp-4	-	Ubiquitin-Like Protease
MA2C_peak_2160	chrIV	2772569	2776222	+	3.4912	NA	Intergenic	Intergenic	-2608	NM_001028317	177058	Cel.17634	NM_001028317		Y54G2A.11	-	hypothetical protein
MA2C_peak_3396	chrX	5818257	5822869	+	3.4830	NA	Intergenic	Intergenic	-2465	NM_001047779	180848	Cel.5045	NM_001047778		hbl-1	-	HunchBack Like (fly gap gene related)
MA2C_peak_290	chrI	6458344	6461745	+	3.4793	NA	promoter-TSS (NM_059457)	promoter-TSS (NM_059457)	-391	NM_059457	172350	Cel.7559	NM_059457		knl-2	-	Kinetochore NuLl
MA2C_peak_1515	chrIII	4017475	4020901	+	3.4708	NA	promoter-TSS (NM_065406)	promoter-TSS (NM_065406)	-850	NM_065406	192054	Cel.9962	NM_065406		T02C12.2	-	hypothetical protein
MA2C_peak_3033	chrV	13083031	13088616	+	3.4700	NA	promoter-TSS (NM_001047628)	promoter-TSS (NM_001047628)	-352	NM_001047628	179793	Cel.4977	NM_001047628		C34B4.2	-	hypothetical protein
MA2C_peak_3369	chrX	5119572	5123549	+	3.4525	NA	Intergenic	AT_rich|Low_complexity|Low_complexity	-4721	NM_076470	180783	Cel.6164	NM_076469		apl-1	-	Amyloid Precursor-Like
MA2C_peak_3336	chrX	4521187	4526490	+	3.4394	NA	promoter-TSS (NM_076377)	promoter-TSS (NM_076377)	-321	NM_076377	180724	Cel.18353	NM_001129628		pdi-2	-	Protein Disulfide Isomerase
MA2C_peak_2904	chrV	10201770	10205684	+	3.4360	NA	promoter-TSS (NM_073222)	promoter-TSS (NM_073222)	-270	NM_073222	179415	Cel.35602	NM_073222		ZK856.8	-	hypothetical protein
MA2C_peak_1742	chrIII	7356631	7360149	+	3.4358	NA	intron (NM_066224, intron 4 of 6)	intron (NM_066224, intron 4 of 6)	606	NM_066224	176046	Cel.5056	NM_066224		F08F8.4	-	hypothetical protein
MA2C_peak_754	chrII	159152	164101	+	3.4213	NA	promoter-TSS (NM_061272)	promoter-TSS (NM_061272)	-748	NM_061272	173401	Cel.5079	NM_001027124		etr-1	-	ELAV-Type RNA binding protein family
MA2C_peak_2116	chrIV	1106742	1110280	+	3.4185	NA	intron (NM_067638, intron 2 of 5)	intron (NM_067638, intron 2 of 5)	1115	NM_067638	176931	Cel.17507	NM_067638		ost-1	-	OSTeonectin (SPARC) related
MA2C_peak_1665	chrIII	6136084	6141573	+	3.4179	NA	Intergenic	Intergenic	-2607	NM_001027695	175863	Cel.6499	NM_001027695		Y42G9A.4	-	hypothetical protein
MA2C_peak_1826	chrIII	8509857	8513868	+	3.4150	NA	intron (NM_066476, intron 9 of 15)	intron (NM_066476, intron 9 of 15)	7994	NM_066478	191055	Cel.9620	NM_066478		ZC21.8	-	hypothetical protein
MA2C_peak_1540	chrIII	4447992	4454899	+	3.4144	NA	intron (NM_065504, intron 3 of 5)	intron (NM_065504, intron 3 of 5)	540	NM_065504	182972	Cel.25937	NM_065504		C28A5.5	-	hypothetical protein
MA2C_peak_2606	chrIV	13383067	13387329	+	3.3939	NA	promoter-TSS (NM_070175)	promoter-TSS (NM_070175)	865	NM_001047588	4363066	Cel.8938	NM_001047588		Y62E10A.20	-	hypothetical protein
MA2C_peak_519	chrI	9750806	9754306	+	3.3808	NA	Intergenic	Intergenic	-1556	NM_060190	172826	Cel.7689	NM_060190		sur-6	-	SUppressor of activated let-60 Ras
MA2C_peak_3540	chrX	9548387	9552601	+	3.3712	NA	intron (NM_001029524, intron 1 of 19)	intron (NM_001029524, intron 1 of 19)	6889	NM_171968	181175	Cel.17100	NM_001029522		F49E2.5	-	hypothetical protein
MA2C_peak_375	chrI	7707565	7712594	+	3.3657	NA	Intergenic	Intergenic	-3028	NM_059746	172536	Cel.17221	NM_001128989		F27D4.2	-	hypothetical protein
MA2C_peak_2594	chrIV	13028058	13032228	+	3.3609	NA	intron (NM_001047486, intron 1 of 4)	intron (NM_001047486, intron 1 of 4)	-1067	NM_070091	178250	Cel.7508	NM_001028036		mbk-2	-	MiniBrain Kinase (Drosophila) homolog
MA2C_peak_1030	chrII	7640156	7643859	+	3.3601	NA	promoter-TSS (NM_182145)	promoter-TSS (NM_182145)	83	NM_182145	174235	Cel.17824	NM_001047333		pde-4	-	PhosphoDiEsterase
MA2C_peak_3628	chrX	12079358	12085879	+	3.3584	NA	intron (NM_077618, intron 1 of 6)	intron (NM_077618, intron 1 of 6)	-8856	NM_077616	182623	Cel.11366	NM_077616		C15A7.2	-	hypothetical protein
MA2C_peak_1879	chrIII	9464708	9468157	+	3.3520	NA	promoter-TSS (NM_066682)	promoter-TSS (NM_066682)	-566	NM_066682	176329	Cel.10931	NM_066682		B0464.6	-	hypothetical protein
MA2C_peak_2468	chrIV	10342678	10346262	+	3.3364	NA	intron (NM_001028123, intron 1 of 5)	intron (NM_001028123, intron 1 of 5)	-3942	NM_001136391	177921	Cel.22903	NM_001028122		unc-43	-	UNCoordinated
MA2C_peak_3039	chrV	13390206	13396082	+	3.3363	NA	Intergenic	Intergenic	-1769	NM_073919	179819	Cel.17852	NM_073919		somi-1	-	Suppressor of Overexpressed MIcro-RNA
MA2C_peak_1156	chrII	9573553	9579047	+	3.3290	NA	intron (NM_063656, intron 1 of 6)	intron (NM_063656, intron 1 of 6)	407	NM_063656	174506	Cel.5876	NM_063656		exc-7	-	EXCretory canal abnormal
MA2C_peak_1763	chrIII	7725741	7729548	+	3.3261	NA	intron (NM_066281, intron 2 of 2)	intron (NM_066281, intron 2 of 2)	1544	NM_066281	191226	Cel.28606	NM_066281		ZK112.3	-	hypothetical protein
MA2C_peak_1899	chrIII	9701486	9705435	+	3.3244	NA	intron (NM_181913, intron 1 of 8)	intron (NM_181913, intron 1 of 8)	-1383	NM_001047379	176369	Cel.17152	NM_001047379		tlk-1	-	Tousled-Like Kinase
MA2C_peak_1663	chrIII	6076560	6081722	+	3.3139	NA	Intergenic	Intergenic	-1368	NM_171148	175858	Cel.6490	NM_001025973		C05D10.1	-	hypothetical protein
MA2C_peak_3795	chrX	16998030	17003313	+	3.3094	NA	promoter-TSS (NM_001136459)	promoter-TSS (NM_001136459)	-977	NM_001136459	186912	Cel.27171	NM_001136459		K02H8.1	-	hypothetical protein
MA2C_peak_3578	chrX	10676098	10679450	+	3.3013	NA	promoter-TSS (NM_077386)	promoter-TSS (NM_077386)	-736	NM_077386	181265	Cel.23059	NM_077386		F13E6.1	-	hypothetical protein
MA2C_peak_1908	chrIII	9816084	9819797	+	3.2809	NA	promoter-TSS (NM_066775)	promoter-TSS (NM_066775)	-905	NM_066775	176390	Cel.17175	NM_066775		cnx-1	-	CalNeXin
MA2C_peak_3164	chrV	20705814	20709742	+	3.2800	NA	Intergenic	Intergenic	-1556	NM_075598	189898	Cel.1752	NM_075598		Y44A6C.1	-	hypothetical protein
MA2C_peak_3374	chrX	5208534	5212035	+	3.2644	NA	promoter-TSS (NM_171680)	promoter-TSS (NM_171680)	-804	NM_171680	180790	Cel.6642	NM_171678		H28G03.2	-	hypothetical protein
MA2C_peak_3026	chrV	12895356	12899655	+	3.2598	NA	Intergenic	Intergenic	-1654	NM_073823	179768	Cel.17276	NM_073823		R90.1	-	hypothetical protein
MA2C_peak_2625	chrIV	14611165	14616815	+	3.2501	NA	Intergenic	Intergenic	-2578	NM_070369	178392	Cel.17477	NM_070369		dmd-6	-	DM (Doublesex/MAB-3) Domain family
MA2C_peak_2968	chrV	11525377	11528877	+	3.2491	NA	promoter-TSS (NM_073525)	promoter-TSS (NM_073525)	-682	NM_073525	179584	Cel.5435	NM_073525		ccch-1	-	CCCH-type zinc finger transcription factor
MA2C_peak_2733	chrV	4962435	4966493	+	3.2478	NA	Intergenic	Intergenic	-1392	NM_071934	178887	Cel.17409	NM_071934		tam-1	-	Tandem Array expression Modifier
MA2C_peak_3631	chrX	12173256	12177226	+	3.2434	NA	Intergenic	Intergenic	-3635	NM_077634	181381	Cel.23191	NM_077634		F57G12.1	-	hypothetical protein
MA2C_peak_3776	chrX	16386027	16389386	+	3.2398	NA	exon (NM_078262, exon 5 of 18)	exon (NM_078262, exon 5 of 18)	1703	NM_078262	181708	Cel.17195	NM_078262		let-2	-	LEThal
MA2C_peak_59	chrI	1719143	1722742	+	3.2326	NA	promoter-TSS (NM_001026647)	promoter-TSS (NM_001026647)	-651	NM_058485	171736	Cel.17169	NM_001026647		Y71G12B.11	-	hypothetical protein
MA2C_peak_977	chrII	6841757	6845555	+	3.1741	NA	intron (NM_001026741, intron 1 of 3)	intron (NM_001026741, intron 1 of 3)	1309	NM_001026741	174121	Cel.17167	NM_001026740		egl-27	-	EGg Laying defective
MA2C_peak_1642	chrIII	5842013	5846663	+	3.1371	NA	Intergenic	Intergenic	7460	NM_065858	189187	Cel.27937	NM_065858		W04D12.1	-	hypothetical protein
MA2C_peak_1028	chrII	7621675	7625026	+	3.1357	NA	Intergenic	Intergenic	-2905	NM_063198	174234	Cel.14612	NM_063198		R07G3.8	-	hypothetical protein
MA2C_peak_1694	chrIII	6604672	6608582	+	3.1352	NA	3' UTR (NM_066056, exon 4 of 4)	3' UTR (NM_066056, exon 4 of 4)	1426	NM_066056	175936	Cel.5076	NM_066056		mdh-1	-	Malate DeHydrogenase
MA2C_peak_3567	chrX	10392844	10397347	+	3.1292	NA	Intergenic	Intergenic	-2080	NM_077341	181244	Cel.5225	NM_077341		F46F6.2	-	hypothetical protein
MA2C_peak_3184	chrX	431199	434798	+	3.1212	NA	intron (NM_001029814, intron 1 of 1)	intron (NM_001029814, intron 1 of 1)	803	NM_001029814	180398	Cel.7425	NM_001029813		dve-1	-	DVE (Defective proVEntriculus in Drosophila) homolog
MA2C_peak_3462	chrX	7460690	7464589	+	3.0703	NA	intron (NM_171725, intron 1 of 5)	intron (NM_171725, intron 1 of 5)	1045	NM_171725	181002	Cel.17061	NM_171725		sox-2	-	SOX (mammalian SRY box) family
MA2C_peak_3006	chrV	12299492	12303514	+	3.0541	NA	promoter-TSS (NM_073684)	promoter-TSS (NM_073684)	-958	NM_073684	179687	Cel.5855	NM_073684		frm-7	-	FERM domain (protein4.1-ezrin-radixin-moesin) family
MA2C_peak_2778	chrV	6354482	6358240	+	3.0118	NA	promoter-TSS (NM_001129441)	promoter-TSS (NM_001129441)	-97	NM_001129441	179019	Cel.5120	NM_001129441		F13H6.1	-	hypothetical protein
MA2C_peak_1035	chrII	7679516	7683916	+	3.0038	NA	promoter-TSS (NM_001026921)	promoter-TSS (NM_001026921)	-175	NM_001026921	3565051	Cel.7943	NM_001026921		lin-26	-	abnormal cell LINeage
MA2C_peak_3382	chrX	5475510	5478971	+	3.0010	NA	Intergenic	Intergenic	-2426	NM_001029260	180819	Cel.17903	NM_001029260		dlg-1	-	Drosophila Discs Large homolog
MA2C_peak_1639	chrIII	5834398	5838453	+	2.9904	NA	promoter-TSS (NM_065857)	promoter-TSS (NM_065857)	-453	NM_065858	189187	Cel.27937	NM_065858		W04D12.1	-	hypothetical protein
MA2C_peak_2186	chrIV	3649623	3654391	+	2.9806	NA	Intergenic	Intergenic	-3328	NM_067990	177126	Cel.22478	NM_067990		CC8.2	-	hypothetical protein
MA2C_peak_911	chrII	5878061	5882720	+	2.9636	NA	Intergenic	Intergenic	3137	NM_062773	186302	Cel.26995	NM_062773		F55C12.2	-	hypothetical protein
MA2C_peak_975	chrII	6831139	6836091	+	2.9386	NA	Intergenic	Intergenic	-1344	NM_171011	174121	Cel.17167	NM_001026740		egl-27	-	EGg Laying defective
MA2C_peak_3653	chrX	13003494	13008231	+	2.9061	NA	Intergenic	Intergenic	-2553	NM_001029380	181432	Cel.7338	NM_001029379		nhr-25	-	Nuclear Hormone Receptor family
MA2C_peak_2218	chrIV	4402990	4408198	+	2.9055	NA	promoter-TSS (NM_068157)	promoter-TSS (NM_068157)	-430	NM_068157	189532	Cel.12128	NM_068157		Y24D9A.7	-	hypothetical protein
MA2C_peak_3302	chrX	3819830	3825523	+	2.8749	NA	intron (NM_001029590, intron 1 of 4)	intron (NM_001029590, intron 1 of 4)	-2125	NM_001047800	180670	Cel.17888	NM_001029589		fkh-9	-	ForKHead transcription factor family
MA2C_peak_3167	chrV	20747533	20751437	+	2.8467	NA	intron (NM_001047649, intron 1 of 7)	intron (NM_001047649, intron 1 of 7)	1161	NM_001047649	180357	Cel.17389	NM_001047649		pha-4	-	defective PHArynx development
MA2C_peak_948	chrII	6409407	6412814	+	2.8147	NA	promoter-TSS (NM_062891)	promoter-TSS (NM_062891)	-878	NM_062891	174064	Cel.14281	NM_062891		T25D10.4	-	hypothetical protein
MA2C_peak_2851	chrV	8662562	8667261	+	2.7863	NA	Intergenic	Intergenic	-1131	NM_072832	179248	Cel.8994	NM_072832		ZC190.4	-	hypothetical protein
