PeakID	Chr	Start	End	Strand	Peak Score	Focus Ratio/Region Size	Annotation	Detailed Annotation	Distance to TSS	Nearest PromoterID	Entrez ID	Nearest Unigene	Nearest Refseq	Nearest Ensembl	Gene Name	Gene Alias	Gene Description
MA2C_peak_4344	chrV	9342950	9347551	+	5.2363	NA	exon (NM_073019, exon 6 of 6)	exon (NM_073019, exon 6 of 6)	-1059	NM_073017	3565833	Cel.17993	NM_073016		K07B1.6	-	hypothetical protein
MA2C_peak_2857	chrIII	9778222	9783620	+	5.2168	NA	promoter-TSS (NM_066763)	promoter-TSS (NM_066763)	-230	NM_066764	176383	Cel.19685	NM_066764		vha-1	-	Vacuolar H ATPase
MA2C_peak_818	chrI	10329486	10334614	+	4.9973	NA	TTS (NM_060307)	TTS (NM_060307)	1022	NM_060308	172902	Cel.16167	NM_060308		ZC434.4	-	hypothetical protein
MA2C_peak_4163	chrV	6425826	6430708	+	4.9781	NA	exon (NM_171471, exon 6 of 8)	exon (NM_171471, exon 6 of 8)	-1170	NM_072232	179025	Cel.7035	NM_072232		atp-4	-	ATP synthase subunit
MA2C_peak_1225	chrII	4944349	4948398	+	4.8172	NA	promoter-TSS (NM_062506)	promoter-TSS (NM_062506)	360	NM_170985	173855	Cel.13780	NM_001027354		ZK546.2	-	hypothetical protein
MA2C_peak_4755	chrV	14683767	14689631	+	4.8062	NA	exon (NM_074225, exon 3 of 5)	exon (NM_074225, exon 3 of 5)	-1169	NM_074224	179970	Cel.4480	NM_074224		C47E8.4	-	hypothetical protein
MA2C_peak_243	chrI	4787701	4792320	+	4.7855	NA	TTS (NM_059050)	TTS (NM_059050)	2492	NM_059050	172096	Cel.16160	NM_059050		zig-7	-	2 (Zwei) IG-domain protein
MA2C_peak_4766	chrV	14999121	15004488	+	4.7780	NA	promoter-TSS (NM_074291)	promoter-TSS (NM_074291)	272	NM_074290	179999	Cel.23500	NM_074290		fib-1	-	FIBrillarin family
MA2C_peak_1015	chrI	14754968	14761751	+	4.7642	NA	exon (NM_061169, exon 5 of 5)	exon (NM_061169, exon 5 of 5)	1514	NM_061169	173341	Cel.8844	NM_061169		dnj-12	-	DNaJ domain (prokaryotic heat shock protein)
MA2C_peak_2940	chrIII	10745831	10750080	+	4.7409	NA	promoter-TSS (NM_066968)	promoter-TSS (NM_066968)	-343	NM_066968	176503	Cel.17475	NM_066968		ran-1	-	associated with RAN (nuclear import/export) function
MA2C_peak_1935	chrII	11975304	11981237	+	4.7375	NA	promoter-TSS (NM_182170)	promoter-TSS (NM_182170)	-696	NM_182170	259466	Cel.21919	NM_182170		Y17G7B.21	-	hypothetical protein
MA2C_peak_4472	chrV	10893359	10898403	+	4.6868	NA	TTS (NM_073375)	TTS (NM_073375)	638	NM_182333	179508	Cel.23476	NM_182333		F32D8.13	-	hypothetical protein
MA2C_peak_2786	chrIII	9051052	9057257	+	4.6832	NA	promoter-TSS (NM_066602)	promoter-TSS (NM_066602)	-458	NM_066603	176279	Cel.10161	NM_066602		R107.5	-	hypothetical protein
MA2C_peak_2253	chrIII	4190329	4198273	+	4.6611	NA	TTS (NM_065438)	TTS (NM_065438)	378	NM_001083176	175541	Cel.18091	NM_001083176		xbp-1	-	X-box Binding Protein homolog
MA2C_peak_3494	chrIV	7907899	7912548	+	4.6445	NA	promoter-TSS (NM_068916)	promoter-TSS (NM_068916)	-360	NM_171388	177580	Cel.13272	NM_171388		ntl-4	-	NOT-Like (yeast CCR4/NOT complex component)
MA2C_peak_2558	chrIII	7206843	7213814	+	4.6433	NA	TTS (NM_066183)	TTS (NM_066183)	326	NM_066184	176016	Cel.17602	NM_001027557		R151.2	-	hypothetical protein
MA2C_peak_3790	chrIV	11854211	11859513	+	4.6267	NA	promoter-TSS (NM_069845)	promoter-TSS (NM_069845)	-516	NM_069845	3564942	Cel.12975	NM_069845		ech-2	-	Enoyl-CoA Hydratase
MA2C_peak_4482	chrV	10963478	10968427	+	4.6047	NA	promoter-TSS (NM_073398)	promoter-TSS (NM_073398)	210	NM_001047635	179522	Cel.9049	NM_001047635		F17C11.9	-	hypothetical protein
MA2C_peak_2988	chrIII	11917422	11922272	+	4.5860	NA	promoter-TSS (NM_067153)	promoter-TSS (NM_067153)	276	NM_067152	176625	Cel.17350	NM_067152		ccf-1	-	yeast CCR4 Associated Factor family
MA2C_peak_769	chrI	9786191	9791722	+	4.5687	NA	intron (NM_060200, intron 1 of 3)	intron (NM_060200, intron 1 of 3)	217	NM_060200	172832	Cel.23146	NM_060200		cco-1	-	Cytochrome C Oxidase
MA2C_peak_2193	chrIII	3501510	3506602	+	4.5655	NA	promoter-TSS (NM_065320)	promoter-TSS (NM_065320)	-462	NM_065320	175455	Cel.23339	NM_065320		rpl-16	-	Ribosomal Protein, Large subunit
MA2C_peak_3496	chrIV	7922680	7927609	+	4.5588	NA	TTS (NM_068920)	TTS (NM_068920)	811	NM_068920	177582	Cel.20796	NM_068920		C49H3.3	-	hypothetical protein
MA2C_peak_3538	chrIV	8430405	8434430	+	4.5512	NA	promoter-TSS (NM_069034)	promoter-TSS (NM_069034)	-603	NM_069035	177644	Cel.5820	NM_069035		T26A8.1	-	hypothetical protein
MA2C_peak_1363	chrII	6343533	6349146	+	4.5417	NA	promoter-TSS (NM_001026832)	promoter-TSS (NM_001026832)	-463	NM_001026832	174048	Cel.4896	NM_001026832		Thioredoxin	-	hypothetical protein
MA2C_peak_4499	chrV	11119906	11125508	+	4.5393	NA	promoter-TSS (NM_073427)	promoter-TSS (NM_073427)	-151	NM_073427	179540	Cel.18000	NM_073427		H19N07.4	-	hypothetical protein
MA2C_peak_3668	chrIV	10365178	10369727	+	4.5070	NA	exon (NM_069512, exon 2 of 6)	exon (NM_069512, exon 2 of 6)	310	NM_069512	177925	Cel.12478	NM_069512		R11A8.5	-	hypothetical protein
MA2C_peak_93	chrI	2067960	2072834	+	4.4930	NA	promoter-TSS (NM_170818)	promoter-TSS (NM_170818)	-1	NR_003392	4926958	Cel.34670	NR_003392		Y37E3.21	-	ncRNA
MA2C_peak_226	chrI	4582995	4587045	+	4.4824	NA	promoter-TSS (NM_058997)	promoter-TSS (NM_058997)	-94	NM_058998	172062	Cel.18345	NM_058998		rpl-24.1	-	Ribosomal Protein, Large subunit
MA2C_peak_3067	chrIII	13460850	13467323	+	4.4755	NA	promoter-TSS (NM_067384)	promoter-TSS (NM_067384)	-623	NM_067384	176775	Cel.17370	NM_067383		kel-3	-	KELch-repeat containing protein
MA2C_peak_1235	chrII	5053988	5058237	+	4.4639	NA	promoter-TSS (NM_062530)	promoter-TSS (NM_062530)	511	NM_062532	173873	Cel.8253	NM_062531		rpl-22	-	Ribosomal Protein, Large subunit
MA2C_peak_3926	chrIV	14822231	14827636	+	4.4351	NA	promoter-TSS (NM_070393)	promoter-TSS (NM_070393)	206	NM_070392	178407	Cel.17324	NM_070392		Y57G11C.15	-	hypothetical protein
MA2C_peak_4577	chrV	11978238	11983340	+	4.4349	NA	promoter-TSS (NM_073603)	promoter-TSS (NM_073603)	694	NR_000465	179640	Cel.34339	NR_000465		C52E4.8	-	ncRNA
MA2C_peak_1451	chrII	7103282	7107634	+	4.4243	NA	promoter-TSS (NM_063066)	promoter-TSS (NM_063066)	-37	NM_063067	174166	Cel.8345	NM_063067		rpl-33	-	Ribosomal Protein, Large subunit
MA2C_peak_2424	chrIII	5904756	5908943	+	4.4201	NA	promoter-TSS (NM_001129206)	promoter-TSS (NM_001129206)	-151	NM_065881	175833	Cel.7344	NM_065881		C28H8.4	-	hypothetical protein
MA2C_peak_2553	chrIII	7177403	7185703	+	4.4192	NA	promoter-TSS (NM_066174)	promoter-TSS (NM_066174)	-367	NM_066174	176009	Cel.10521	NM_066174		eip-24	-	Etoposide-Induced Protein homolog
MA2C_peak_84	chrI	1831851	1836958	+	4.4175	NA	promoter-TSS (NM_058504)	promoter-TSS (NM_058504)	-478	NM_058504	171750	Cel.19696	NM_058504		rpl-27	-	Ribosomal Protein, Large subunit
MA2C_peak_3937	chrIV	15036548	15041010	+	4.4043	NA	TTS (NM_001129339)	TTS (NM_001129339)	-1257	NM_070416	178420	Cel.12011	NM_070416		Y41E3.16	-	hypothetical protein
MA2C_peak_843	chrI	10565331	10571185	+	4.3966	NA	promoter-TSS (NM_060366)	promoter-TSS (NM_060366)	377	NM_060365	172943	Cel.20069	NM_060365		rpa-0	-	Replication Protein A homolog
MA2C_peak_3718	chrIV	11080396	11085905	+	4.3938	NA	promoter-TSS (NM_069664)	promoter-TSS (NM_069664)	-925	NM_069664	178006	Cel.18192	NM_069664		let-70	-	LEThal
MA2C_peak_1897	chrII	11631904	11637720	+	4.3756	NA	Intergenic	Intergenic	-1287	NM_064083	174782	Cel.9037	NM_001026897		din-1	-	DAF-12 Interacting Protein
MA2C_peak_4717	chrV	14008383	14013752	+	4.3693	NA	exon (NM_001047669, exon 2 of 7)	exon (NM_001047669, exon 2 of 7)	727	NR_003170	179897	Cel.17681	NM_001047669		F58E10.3	-	hypothetical protein
MA2C_peak_3727	chrIV	11146199	11151449	+	4.3683	NA	promoter-TSS (NM_001047446)	promoter-TSS (NM_001047446)	300	NM_001083204	178020	Cel.18209	NM_001083203		F01G4.6	-	hypothetical protein
MA2C_peak_5	chrI	107743	112886	+	4.3564	NA	promoter-TSS (NM_058274)	promoter-TSS (NM_058274)	-257	NM_058274	171601	Cel.17482	NM_058274		rab-11.1	-	RAB family
MA2C_peak_18	chrI	379714	383780	+	4.3527	NA	intron (NM_058326, intron 1 of 8)	intron (NM_058326, intron 1 of 8)	158	NM_058326	266819	Cel.139	NM_058326		pqn-59	-	Prion-like-(Q/N-rich)-domain-bearing protein
MA2C_peak_2236	chrIII	4015425	4021251	+	4.3486	NA	promoter-TSS (NM_065405)	promoter-TSS (NM_065405)	-719	NM_065405	175519	Cel.10737	NM_065405		tbb-2	-	Tubulin, Beta
MA2C_peak_3965	chrIV	17276857	17281958	+	4.3460	NA	exon (NM_070667, exon 2 of 4)	exon (NM_070667, exon 2 of 4)	495	NM_070667	178507	Cel.5111	NM_070667		hsp-1	-	Heat Shock Protein
MA2C_peak_1502	chrII	7612695	7617520	+	4.3386	NA	TTS (NM_001027107)	TTS (NM_001027107)	-1276	NM_063197	174233	Cel.34286	NM_063197		cdc-42	-	Cell Division Cycle related
MA2C_peak_231	chrI	4642893	4649224	+	4.3385	NA	TTS (NM_059014)	TTS (NM_059014)	722	NR_003378	4926903		NR_003378		B0041.9	-	ncRNA
MA2C_peak_1888	chrII	11544189	11548090	+	4.3116	NA	exon (NM_064067, exon 2 of 3)	exon (NM_064067, exon 2 of 3)	522	NM_064067	3564910	Cel.17614	NM_064067		dnj-13	-	DNaJ domain (prokaryotic heat shock protein)
MA2C_peak_1674	chrII	9053275	9058131	+	4.3044	NA	TTS (NM_063533)	TTS (NM_063533)	805	NM_063532	174442	Cel.14308	NM_063532		T24B8.2	-	hypothetical protein
MA2C_peak_5515	chrX	11463880	11468093	+	4.3038	NA	Intergenic	Intergenic	-3425	NM_077515	181337	Cel.663	NM_077515		lin-14	-	abnormal cell LINeage
MA2C_peak_195	chrI	4136937	4141448	+	4.3021	NA	promoter-TSS (NM_058903)	promoter-TSS (NM_058903)	-239	NM_058903	171997	Cel.6044	NM_058903		E01A2.6	-	hypothetical protein
MA2C_peak_1572	chrII	8140915	8145421	+	4.2967	NA	promoter-TSS (NM_063306)	promoter-TSS (NM_063306)	159	NM_063305	174310	Cel.37549	NM_063305		F10B5.8	-	hypothetical protein
MA2C_peak_1878	chrII	11451286	11455285	+	4.2920	NA	promoter-TSS (NM_064040)	promoter-TSS (NM_064040)	-414	NM_064040	174747	Cel.7900	NM_064040		rsp-2	-	SR Protein (splicing factor)
MA2C_peak_703	chrI	9161264	9169267	+	4.2803	NA	exon (NM_060056, exon 5 of 6)	exon (NM_060056, exon 5 of 6)	1742	NM_060056	172743	Cel.17795	NM_060056		eft-2	-	Elongation FacTor
MA2C_peak_826	chrI	10432585	10438714	+	4.2665	NA	promoter-TSS (NM_060327)	promoter-TSS (NM_060327)	161	NM_001026540	172920	Cel.17753	NM_001026538		pab-1	-	PolyA Binding protein
MA2C_peak_2418	chrIII	5852825	5859392	+	4.2607	NA	promoter-TSS (NM_171136)	promoter-TSS (NM_171136)	118	NM_065862	175820	Cel.8090	NM_065862		alh-9	-	ALdehyde deHydrogenase
MA2C_peak_2703	chrIII	8443087	8449796	+	4.2561	NA	promoter-TSS (NM_066468)	promoter-TSS (NM_066468)	387	NM_066467	176195	Cel.7695	NM_066467		Msi3p	-	hypothetical protein
MA2C_peak_837	chrI	10551295	10555447	+	4.2516	NA	promoter-TSS (NM_060361)	promoter-TSS (NM_060361)	531	NM_060360	172939	Cel.8678	NM_060360		F25H2.5	-	hypothetical protein
MA2C_peak_668	chrI	8812525	8817978	+	4.2501	NA	TTS (NM_059982)	TTS (NM_059982)	935	NM_059983	172693	Cel.8614	NM_059983		rps-15	-	Ribosomal Protein, Small subunit
MA2C_peak_171	chrI	3784981	3790447	+	4.2478	NA	promoter-TSS (NM_001025846)	promoter-TSS (NM_001025846)	-322	NM_001025846	171949	Cel.34851	NM_001025846		rpl-13	-	Ribosomal Protein, Large subunit
MA2C_peak_4368	chrV	9542911	9551612	+	4.2465	NA	TTS (NM_073063)	TTS (NM_073063)	205	NM_073065	179341	Cel.17998	NM_073065		his-37	-	HIStone
MA2C_peak_1281	chrII	5659430	5664588	+	4.2403	NA	TTS (NM_062707)	TTS (NM_062707)	848	NM_170998	173960	Cel.23108	NM_062707		C25H3.6	-	hypothetical protein
MA2C_peak_2897	chrIII	10214063	10219158	+	4.2324	NA	promoter-TSS (NM_066863)	promoter-TSS (NM_066863)	-72	NM_066863	176437	Cel.34779	NM_066863		cts-1	-	CiTrate Synthase
MA2C_peak_2048	chrII	14812050	14817277	+	4.2296	NA	promoter-TSS (NM_064671)	promoter-TSS (NM_064671)	-757	NM_064671	175141	Cel.30455	NM_064671		W01D2.1	-	hypothetical protein
MA2C_peak_1571	chrII	8135443	8139613	+	4.2284	NA	promoter-TSS (NM_063303)	promoter-TSS (NM_063303)	-282	NM_063304	174309	Cel.7497	NM_063304		cdc-48.2	-	Cell Division Cycle related
MA2C_peak_2219	chrIII	3862332	3872047	+	4.2268	NA	promoter-TSS (NM_001026085)	promoter-TSS (NM_001026085)	-641	NM_001026085	175501	Cel.17929	NM_001026083		rpl-3	-	Ribosomal Protein, Large subunit
MA2C_peak_1196	chrII	4704857	4710251	+	4.2205	NA	exon (NM_062438, exon 2 of 4)	exon (NM_062438, exon 2 of 4)	753	NM_062438	173811	Cel.15459	NM_062438		tsn-1	-	Tudor Staphylococcal Nuclease homolog
MA2C_peak_443	chrI	6787954	6792623	+	4.2186	NA	promoter-TSS (NM_059543)	promoter-TSS (NM_059543)	-547	NM_059543	172401	Cel.20069	NM_059543		C37A2.7	-	hypothetical protein
MA2C_peak_4779	chrV	15186991	15191441	+	4.2147	NA	promoter-TSS (NM_074350)	promoter-TSS (NM_074350)	-685	NM_074350	180028	Cel.6363	NM_074350		cyn-3	-	CYclophyliN
MA2C_peak_3114	chrIV	385368	391601	+	4.2071	NA	TTS (NM_001047521)	TTS (NM_001047521)	400	NM_001028191	176861	Cel.37573	NM_001028190		tag-261	-	Temporarily Assigned Gene name
MA2C_peak_3774	chrIV	11600657	11606410	+	4.1868	NA	TTS (NM_069785)	TTS (NM_069785)	929	NM_069785	178083	Cel.7378	NM_069785		rps-11	-	Ribosomal Protein, Small subunit
MA2C_peak_2379	chrIII	5501715	5506303	+	4.1802	NA	intron (NM_181947, intron 1 of 4)	intron (NM_181947, intron 1 of 4)	2161	NM_181946	175757	Cel.22706	NM_065774		R02F2.1	-	hypothetical protein
MA2C_peak_752	chrI	9622218	9627678	+	4.1799	NA	TTS (NM_060153)	TTS (NM_060153)	845	NM_060154	172805	Cel.5599	NM_060154		rps-19	-	Ribosomal Protein, Small subunit
MA2C_peak_4280	chrV	8459545	8463745	+	4.1736	NA	promoter-TSS (NM_072778)	promoter-TSS (NM_072778)	440	NM_072777	179227	Cel.2198	NM_072777		dnj-22	-	DNaJ domain (prokaryotic heat shock protein)
MA2C_peak_407	chrI	6552380	6556631	+	4.1618	NA	promoter-TSS (NM_059488)	promoter-TSS (NM_059488)	-214	NM_059488	172370	Cel.19725	NM_059488		dad-1	-	DAD (Defender against Apoptotic Death) homolog
MA2C_peak_2404	chrIII	5703879	5717593	+	4.1587	NA	promoter-TSS (NM_065832)	promoter-TSS (NM_065832)	-276	NM_065832	175799	Cel.32140	NM_065832		B0336.12	-	hypothetical protein
MA2C_peak_1570	chrII	8123780	8134892	+	4.1552	NA	promoter-TSS (NM_063302)	promoter-TSS (NM_063302)	-554	NM_063302	174307	Cel.22587	NM_063302		ulp-4	-	Ubiquitin-Like Protease
MA2C_peak_1618	chrII	8601216	8605430	+	4.1545	NA	promoter-TSS (NM_063421)	promoter-TSS (NM_063421)	421	NR_003407	4926904	Cel.34672	NR_003407		F28C6.11	-	ncRNA
MA2C_peak_3533	chrIV	8375592	8380932	+	4.1523	NA	promoter-TSS (NM_001047468)	promoter-TSS (NM_001047468)	-650	NM_001047467	177635	Cel.13210	NM_001047467		D2096.7	-	hypothetical protein
MA2C_peak_4729	chrV	14362919	14366868	+	4.1439	NA	Intergenic	Intergenic	2539	NR_003474	4926937		NR_003474		F56A12.6	-	ncRNA
MA2C_peak_485	chrI	7078271	7086382	+	4.1427	NA	promoter-TSS (NM_059604)	promoter-TSS (NM_059604)	-805	NM_059604	172441	Cel.6620	NM_059604		F22D6.2	-	hypothetical protein
MA2C_peak_486	chrI	7086383	7092139	+	4.1426	NA	exon (NM_001026234, exon 3 of 6)	exon (NM_001026234, exon 3 of 6)	795	NR_002344	172442	Cel.23239	NM_001026234		nrs-1	-	asparagiNyl tRNA Synthetase
MA2C_peak_765	chrI	9750656	9754713	+	4.1420	NA	Intergenic	Intergenic	-1428	NM_060190	172826	Cel.7689	NM_060190		sur-6	-	SUppressor of activated let-60 Ras
MA2C_peak_1917	chrII	11774878	11779184	+	4.1260	NA	exon (NM_064113, exon 5 of 9)	exon (NM_064113, exon 5 of 9)	830	NM_064113	174808	Cel.22803	NM_064113		patr-1	-	yeast PAT1(protein associated with topo II) Related
MA2C_peak_903	chrI	11908611	11913617	+	4.1258	NA	promoter-TSS (NM_060622)	promoter-TSS (NM_060622)	-103	NM_060622	173071	Cel.7501	NM_060622		R09B3.3	-	hypothetical protein
MA2C_peak_2281	chrIII	4471057	4477806	+	4.1249	NA	exon (NM_065508, exon 4 of 10)	exon (NM_065508, exon 4 of 10)	680	NM_065508	175583	Cel.5016	NM_065508		pqn-45	-	Prion-like-(Q/N-rich)-domain-bearing protein
MA2C_peak_355	chrI	6090438	6094388	+	4.1233	NA	promoter-TSS (NM_001129096)	promoter-TSS (NM_001129096)	-894	NM_001129096	172291	Cel.6155	NM_001129095		ZK484.1	-	hypothetical protein
MA2C_peak_1818	chrII	10866467	10870610	+	4.1215	NA	promoter-TSS (NM_001083162)	promoter-TSS (NM_001083162)	76	NM_001083162	174672	Cel.22577	NM_001027085		M106.4	-	hypothetical protein
MA2C_peak_1379	chrII	6488341	6493893	+	4.1099	NA	TTS (NM_062910)	TTS (NM_062910)	827	NM_062910	189046	Cel.37016	NM_062910		T28D9.11	-	hypothetical protein
MA2C_peak_941	chrI	12964187	12969862	+	4.1059	NA	promoter-TSS (NM_001025879)	promoter-TSS (NM_001025879)	-160	NM_001025879	173167	Cel.7257	NM_001025879		tba-2	-	TuBulin, Alpha
MA2C_peak_373	chrI	6214055	6218404	+	4.1036	NA	promoter-TSS (NM_182022)	promoter-TSS (NM_182022)	-33	NM_182022	172312	Cel.5094	NM_059392		T08B2.5	-	hypothetical protein
MA2C_peak_2479	chrIII	6371509	6377259	+	4.0969	NA	promoter-TSS (NM_065993)	promoter-TSS (NM_065993)	106	NR_002636	3564778	Cel.34681	NR_002636		C16A3.11	-	ncRNA
MA2C_peak_5197	chrX	5839850	5843767	+	4.0901	NA	exon (NM_076579, exon 2 of 9)	exon (NM_076579, exon 2 of 9)	256	NM_076579	180850	Cel.23056	NM_076579		puf-9	-	PUF (Pumilio/FBF) domain-containing
MA2C_peak_2572	chrIII	7334059	7338982	+	4.0859	NA	promoter-TSS (NM_001027445)	promoter-TSS (NM_001027445)	6	NM_001027445	3564807	Cel.24408	NM_001027445		gsp-2	-	yeast Glc Seven-like Phosphatases
MA2C_peak_1895	chrII	11615647	11620000	+	4.0851	NA	intron (NM_064084, intron 17 of 20)	intron (NM_064084, intron 17 of 20)	1979	NM_182102	174782	Cel.9037	NM_001026897		din-1	-	DAF-12 Interacting Protein
MA2C_peak_3305	chrIV	4744270	4751745	+	4.0838	NA	promoter-TSS (NM_068227)	promoter-TSS (NM_068227)	-184	NM_068227	184035	Cel.26278	NM_068227		E04A4.6	-	hypothetical protein
MA2C_peak_129	chrI	2874716	2879116	+	4.0836	NA	promoter-TSS (NM_058660)	promoter-TSS (NM_058660)	-15	NM_058662	171854	Cel.6519	NM_058662		Y71F9AL.9	-	hypothetical protein
MA2C_peak_2361	chrIII	5224672	5231844	+	4.0834	NA	promoter-TSS (NM_065709)	promoter-TSS (NM_065709)	-116	NM_065710	175716	Cel.37995	NM_065710		atp-2	-	ATP synthase subunit
MA2C_peak_2640	chrIII	7971558	7977814	+	4.0737	NA	exon (NM_066337, exon 3 of 6)	exon (NM_066337, exon 3 of 6)	1032	NM_171885	176121	Cel.17858	NM_066337		aco-2	-	ACOnitase
MA2C_peak_3643	chrIV	9992715	9999509	+	4.0710	NA	exon (NM_001027902, exon 3 of 5)	exon (NM_001027902, exon 3 of 5)	-1106	NM_001038315	177855	Cel.16912	NM_001038315		uba-1	-	UBA (human ubiquitin) related
MA2C_peak_3328	chrIV	5390162	5396035	+	4.0635	NA	TTS (NM_068399)	TTS (NM_068399)	937	NM_068399	177323	Cel.11594	NM_068399		ZK616.5	-	hypothetical protein
MA2C_peak_1638	chrII	8784065	8789964	+	4.0550	NA	Intergenic	Intergenic	-3448	NM_063466	184162	Cel.15506	NM_063466		sgn-1	-	SarcoGlycaN
MA2C_peak_4149	chrV	6221171	6230680	+	4.0501	NA	exon (NM_072195, exon 4 of 6)	exon (NM_072195, exon 4 of 6)	1068	NM_072195	3564781	Cel.23182	NM_072195		W06H8.6	-	hypothetical protein
MA2C_peak_2939	chrIII	10738664	10743966	+	4.0500	NA	promoter-TSS (NM_066964)	promoter-TSS (NM_066964)	-663	NM_066965	176500	Cel.18107	NM_066964		K01G5.8	-	hypothetical protein
MA2C_peak_592	chrI	8026341	8030441	+	4.0413	NA	intron (NM_059808, intron 1 of 5)	intron (NM_059808, intron 1 of 5)	355	NM_059808	172584	Cel.18516	NM_059808		iftb-1	-	eIFTwoBeta (eIF2beta translation initiation factor)
MA2C_peak_1389	chrII	6586699	6590798	+	4.0318	NA	promoter-TSS (NM_062935)	promoter-TSS (NM_062935)	-120	NM_062935	174090	Cel.18280	NM_062935		icd-1	-	Inhibitor of Cell Death
MA2C_peak_2460	chrIII	6204739	6209785	+	4.0302	NA	promoter-TSS (NM_001026008)	promoter-TSS (NM_001026008)	517	NM_065948	175879	Cel.10141	NM_065948		rps-3	-	Ribosomal Protein, Small subunit
MA2C_peak_265	chrI	5103522	5107781	+	4.0266	NA	promoter-TSS (NM_059118)	promoter-TSS (NM_059118)	556	NM_059119	172139	Cel.23223	NM_059119		pas-3	-	Proteasome Alpha Subunit
MA2C_peak_4289	chrV	8603360	8609408	+	4.0214	NA	promoter-TSS (NM_072818)	promoter-TSS (NM_072818)	-282	NM_072818	179242	Cel.35845	NM_072818		F41E6.9	-	hypothetical protein
MA2C_peak_1769	chrII	10300670	10304887	+	4.0199	NA	promoter-TSS (NM_063814)	promoter-TSS (NM_063814)	2	NM_063814	174594	Cel.13727	NM_063814		clpp-1	-	CLP Protease family
MA2C_peak_4165	chrV	6432160	6436123	+	4.0180	NA	promoter-TSS (NM_072234)	promoter-TSS (NM_072234)	30	NM_001028936	179028	Cel.8961	NM_001028936		T05H4.6	-	hypothetical protein
MA2C_peak_197	chrI	4172408	4176457	+	4.0139	NA	promoter-TSS (NM_058916)	promoter-TSS (NM_058916)	343	NM_058917	187843	Cel.145	NM_058917		R12E2.12	-	hypothetical protein
MA2C_peak_4242	chrV	7852753	7857779	+	4.0129	NA	intron (NM_171488, intron 1 of 8)	intron (NM_171488, intron 1 of 8)	292	NM_171488	179165	Cel.17532	NM_072623		C37C3.2	-	hypothetical protein
MA2C_peak_1790	chrII	10541866	10551335	+	4.0126	NA	intron (NM_182124, intron 3 of 7)	intron (NM_182124, intron 3 of 7)	-1350	NR_003415	4927059		NR_003415		R166.7	-	ncRNA
MA2C_peak_4172	chrV	6511309	6517954	+	4.0118	NA	TTS (NM_182354)	TTS (NM_182354)	592	NM_072254	179040	Cel.196	NM_072254		dpy-11	-	DumPY : shorter than wild-type
MA2C_peak_3500	chrIV	7979823	7984173	+	4.0001	NA	promoter-TSS (NM_068935)	promoter-TSS (NM_068935)	-511	NM_068935	177595	Cel.7675	NM_068935		arf-3	-	ADP-Ribosylation Factor related
MA2C_peak_4234	chrV	7774240	7778486	+	3.9983	NA	promoter-TSS (NM_072605)	promoter-TSS (NM_072605)	-194	NM_072606	179154	Cel.8580	NM_072606		rps-30	-	Ribosomal Protein, Small subunit
MA2C_peak_3355	chrIV	5945696	5949745	+	3.9914	NA	promoter-TSS (NM_068494)	promoter-TSS (NM_068494)	-129	NM_068494	177365	Cel.8400	NM_068494		rps-25	-	Ribosomal Protein, Small subunit
MA2C_peak_809	chrI	10189937	10194018	+	3.9901	NA	intron (NM_060284, intron 4 of 5)	intron (NM_060284, intron 4 of 5)	906	NM_060284	172888	Cel.19198	NM_060284		C25A1.12	-	hypothetical protein
MA2C_peak_4881	chrV	20772249	20776352	+	3.9809	NA	Intergenic	Intergenic	-1501	NM_075607	180359	Cel.17085	NM_001028720		hif-1	-	HIF (hypoxia inducible factor) homolog
MA2C_peak_751	chrI	9615967	9621817	+	3.9800	NA	promoter-TSS (NM_060150)	promoter-TSS (NM_060150)	-794	NM_060150	172801	Cel.138	NM_060150		rba-1	-	RbAp48 related
MA2C_peak_5742	chrX	15605439	15610539	+	3.9774	NA	promoter-TSS (NM_078172)	promoter-TSS (NM_078172)	98	NM_078172	181650	Cel.17300	NM_078172		nipi-3	-	No Induction of Peptide after Drechmeria Infection
MA2C_peak_4084	chrV	4824187	4828337	+	3.9608	NA	exon (NM_071890, exon 2 of 4)	exon (NM_071890, exon 2 of 4)	484	NM_071890	178873	Cel.22952	NM_071890		hsp-6	-	Heat Shock Protein
MA2C_peak_3722	chrIV	11116462	11123539	+	3.9602	NA	intron (NM_069679, intron 2 of 4)	intron (NM_069679, intron 2 of 4)	684	NM_069679	178014	Cel.16874	NM_069679		T05E11.3	-	hypothetical protein
MA2C_peak_3654	chrIV	10174243	10178792	+	3.9578	NA	promoter-TSS (NM_069458)	promoter-TSS (NM_069458)	-133	NM_069458	177895	Cel.4889	NM_069458		rack-1	-	RACK1 (mammalian Receptor of Activated C Kinase) homolog
MA2C_peak_2818	chrIII	9453799	9460304	+	3.9530	NA	promoter-TSS (NM_066679)	promoter-TSS (NM_066679)	-504	NM_066679	176328	Cel.18080	NM_001025962		spk-1	-	SR Protein Kinase
MA2C_peak_4146	chrV	6098032	6102031	+	3.9477	NA	exon (NM_072174, exon 2 of 3)	exon (NM_072174, exon 2 of 3)	505	NM_072174	178997	Cel.4918	NM_072174		crt-1	-	CalReTiculin
MA2C_peak_2626	chrIII	7856958	7862850	+	3.9375	NA	TTS (NM_066304)	TTS (NM_066304)	365	NM_066305	176101	Cel.18049	NM_066305		tomm-7	-	Translocase of Outer Mitochondrial Membrane
MA2C_peak_374	chrI	6218405	6222408	+	3.9277	NA	TTS (NM_170877)	TTS (NM_170877)	360	NM_059394	172313	Cel.18313	NM_059394		rps-17	-	Ribosomal Protein, Small subunit
MA2C_peak_3142	chrIV	1053843	1057908	+	3.9178	NA	exon (NM_067630, exon 2 of 4)	exon (NM_067630, exon 2 of 4)	438	NM_067630	176925	Cel.17765	NM_067630		Y55F3AM.13	-	hypothetical protein
MA2C_peak_3760	chrIV	11520092	11526544	+	3.9138	NA	Intergenic	Intergenic	-1295	NM_069772	178074	Cel.16881	NM_069772		mep-1	-	Mog interacting, Ectopic P granules
MA2C_peak_318	chrI	5617144	5621078	+	3.9122	NA	promoter-TSS (NM_059243)	promoter-TSS (NM_059243)	-459	NM_059244	172219	Cel.6639	NM_059244		cey-2	-	Y-box
MA2C_peak_2863	chrIII	9823750	9829357	+	3.9006	NA	exon (NM_066780, exon 3 of 3)	exon (NM_066780, exon 3 of 3)	496	NM_066780	176395	Cel.18050	NM_066780		ZK632.10	-	hypothetical protein
MA2C_peak_2339	chrIII	5014185	5019507	+	3.8957	NA	promoter-TSS (NM_001047402)	promoter-TSS (NM_001047402)	-358	NM_001047402	175680	Cel.23170	NM_001047402		larp-1	-	LARP (RNA binding La related protein) homolog
MA2C_peak_938	chrI	12917495	12921571	+	3.8904	NA	TTS (NM_001026551)	TTS (NM_001026551)	825	NM_001026551	173160	Cel.21846	NM_001026551		fkb-2	-	FK506-Binding protein family
MA2C_peak_2421	chrIII	5872674	5877122	+	3.8877	NA	TTS (NM_065869)	TTS (NM_065869)	1390	NM_171137	175827	Cel.18124	NM_001026069		F01F1.12	-	hypothetical protein
MA2C_peak_448	chrI	6834312	6839284	+	3.8752	NA	exon (NM_059554, exon 2 of 3)	exon (NM_059554, exon 2 of 3)	409	NM_059554	172408	Cel.7612	NM_059554		K02F2.2	-	hypothetical protein
MA2C_peak_923	chrI	12651136	12655053	+	3.8610	NA	exon (NM_001026355, exon 3 of 5)	exon (NM_001026355, exon 3 of 5)	766	NM_001026356	173134	Cel.22874	NM_001026355		H28O16.1	-	hypothetical protein
MA2C_peak_175	chrI	3822448	3826764	+	3.8403	NA	promoter-TSS (NM_058832)	promoter-TSS (NM_058832)	-343	NM_058832	171956	Cel.17433	NM_058832		unc-108	-	UNCoordinated
MA2C_peak_1724	chrII	9643567	9648541	+	3.8381	NA	Intergenic	Intergenic	-1666	NM_063674	174516	Cel.13686	NM_063674		fzr-1	-	FiZzy Related family
MA2C_peak_3377	chrIV	6321723	6328889	+	3.8318	NA	exon (NM_001028402, exon 4 of 4)	exon (NM_001028402, exon 4 of 4)	1141	NM_001028402	177392	Cel.17870	NM_001028402		sqd-1	-	homologous to Drosophila SQD (squid) protein
MA2C_peak_2292	chrIII	4560269	4564998	+	3.8302	NA	promoter-TSS (NM_065524)	promoter-TSS (NM_065524)	-72	NM_065523	175596	Cel.16921	NM_065523		pan-1	-	P-granule Associated Novel protein
MA2C_peak_5217	chrX	6088618	6094173	+	3.8175	NA	exon (NM_076618, exon 3 of 5)	exon (NM_076618, exon 3 of 5)	689	NM_076618	180880	Cel.33294	NM_076618		hsp-3	-	Heat Shock Protein
MA2C_peak_1694	chrII	9279212	9286641	+	3.8166	NA	Intergenic	Intergenic	-2906	NM_063576	174470	Cel.22764	NM_063576		C01G6.5	-	hypothetical protein
MA2C_peak_2831	chrIII	9520434	9524634	+	3.8153	NA	TTS (NM_066698)	TTS (NM_066698)	558	NM_066697	176343	Cel.34225	NM_066697		ZK1098.1	-	hypothetical protein
MA2C_peak_2887	chrIII	10092488	10096700	+	3.8110	NA	intron (NM_001027593, intron 1 of 6)	intron (NM_001027593, intron 1 of 6)	3350	NM_001027593	176422	Cel.16844	NM_001027593		bath-43	-	BTB and MATH domain containing
MA2C_peak_1739	chrII	9886497	9893747	+	3.7955	NA	exon (NM_001136335, exon 3 of 6)	exon (NM_001136335, exon 3 of 6)	881	NM_063735	174543	Cel.17294	NM_001136335		C08H9.2	-	hypothetical protein
MA2C_peak_3096	chrIV	125333	129289	+	3.7950	NA	intron (NM_067466, intron 1 of 1)	intron (NM_067466, intron 1 of 1)	582	NM_067466	176828	Cel.22887	NM_067466		F29C4.2	-	hypothetical protein
MA2C_peak_1639	chrII	8809738	8813642	+	3.7946	NA	exon (NM_063477, exon 3 of 6)	exon (NM_063477, exon 3 of 6)	411	NM_063477	174410	Cel.15070	NM_063477		rer-1	-	RER (Retention in Endoplasmic Reticulum) homolog
MA2C_peak_2469	chrIII	6338337	6343340	+	3.7931	NA	promoter-TSS (NM_065985)	promoter-TSS (NM_065985)	-924	NM_065985	175895	Cel.20046	NM_065985		let-767	-	LEThal
MA2C_peak_4428	chrV	10350206	10356469	+	3.7860	NA	promoter-TSS (NM_073259)	promoter-TSS (NM_073259)	-387	NM_073259	179442	Cel.7535	NM_073259		K07C5.4	-	hypothetical protein
MA2C_peak_1914	chrII	11746941	11751323	+	3.7821	NA	Intergenic	Intergenic	-1398	NM_064107	174803	Cel.6600	NM_064107		gpb-1	-	G Protein, Beta subunit
MA2C_peak_4661	chrV	13127688	13131737	+	3.7794	NA	intron (NM_073868, intron 1 of 4)	intron (NM_073868, intron 1 of 4)	265	NM_073868	179796	Cel.17890	NM_073868		eat-6	-	EATing: abnormal pharyngeal pumping
MA2C_peak_2387	chrIII	5590328	5594846	+	3.7746	NA	promoter-TSS (NM_171130)	promoter-TSS (NM_171130)	499	NM_065801	175772	Cel.5626	NM_065801		ucr-1	-	Ubiquinol-Cytochrome c oxidoReductase complex
MA2C_peak_2841	chrIII	9628684	9632694	+	3.7699	NA	promoter-TSS (NM_066731)	promoter-TSS (NM_066731)	381	NM_066732	176363	Cel.18114	NM_066732		ubc-7	-	UBiquitin Conjugating enzyme
MA2C_peak_822	chrI	10398769	10402862	+	3.7668	NA	promoter-TSS (NM_060320)	promoter-TSS (NM_060320)	-242	NM_060321	172916	Cel.17419	NM_060321		tag-353	-	Temporarily Assigned Gene name
MA2C_peak_1586	chrII	8323830	8329881	+	3.7627	NA	TTS (NM_001026814)	TTS (NM_001026814)	1457	NM_063353	182937	Cel.15784	NM_063353		oxidoreductase	-	hypothetical protein
MA2C_peak_1856	chrII	11234929	11240433	+	3.7607	NA	promoter-TSS (NM_064003)	promoter-TSS (NM_064003)	-441	NM_064003	174714	Cel.18240	NM_064003		T06D8.7	-	hypothetical protein
MA2C_peak_530	chrI	7491334	7496107	+	3.7536	NA	TTS (NM_059701)	TTS (NM_059701)	976	NM_059702	3565863	Cel.37545	NM_059702		T28F4.6	-	hypothetical protein
MA2C_peak_1446	chrII	7071098	7075053	+	3.7387	NA	promoter-TSS (NM_063052)	promoter-TSS (NM_063052)	-660	NM_063054	174161	Cel.32840	NM_063054		kat-1	-	3-Ketoacyl-coA Thiolase
MA2C_peak_5366	chrX	8473564	8477563	+	3.7378	NA	exon (NM_171743, exon 3 of 6)	exon (NM_171743, exon 3 of 6)	553	NM_171742	181102	Cel.630	NM_171742		nhr-14	-	Nuclear Hormone Receptor family
MA2C_peak_3798	chrIV	11951903	11955952	+	3.7364	NA	exon (NM_069866, exon 2 of 4)	exon (NM_069866, exon 2 of 4)	714	NM_069866	178130	Cel.17808	NM_069866		ZK829.4	-	hypothetical protein
MA2C_peak_823	chrI	10404613	10410980	+	3.7261	NA	Intergenic	Intergenic	-1553	NM_060322	172917	Cel.18891	NM_060322		blmp-1	-	Blimp1 (B Lymphocyte-induced Maturation Protein-1) homolog
MA2C_peak_2582	chrIII	7495608	7501008	+	3.7243	NA	promoter-TSS (NM_066245)	promoter-TSS (NM_066245)	-550	NM_066245	176061	Cel.17052	NM_066245		cgh-1	-	Conserved Germline Helicase
MA2C_peak_1802	chrII	10656625	10660682	+	3.7009	NA	promoter-TSS (NM_063898)	promoter-TSS (NM_063898)	-103	NM_063899	174645	Cel.14719	NM_063899		M28.5	-	hypothetical protein
MA2C_peak_4411	chrV	10201180	10206235	+	3.6977	NA	promoter-TSS (NM_073222)	promoter-TSS (NM_073222)	-250	NM_073222	179415	Cel.35602	NM_073222		ZK856.8	-	hypothetical protein
MA2C_peak_794	chrI	10033184	10037836	+	3.6892	NA	promoter-TSS (NM_060250)	promoter-TSS (NM_060250)	-706	NM_060250	172866	Cel.19737	NM_060250		ncs-2	-	Neuronal Calcium Sensor family
MA2C_peak_4656	chrV	13082861	13088666	+	3.6876	NA	promoter-TSS (NM_001047628)	promoter-TSS (NM_001047628)	-412	NM_001047628	179793	Cel.4977	NM_001047628		C34B4.2	-	hypothetical protein
MA2C_peak_4727	chrV	14349917	14356692	+	3.6867	NA	exon (NM_074158, exon 4 of 4)	exon (NM_074158, exon 4 of 4)	-1084	NM_074159	3565972	Cel.32982	NM_074159		Y49A3A.3	-	hypothetical protein
MA2C_peak_4450	chrV	10712921	10717482	+	3.6795	NA	5' UTR (NM_073334, exon 2 of 5)	5' UTR (NM_073334, exon 2 of 5)	12677	NM_073333	182242	Cel.7899	NM_073333		pph-1	-	Protein PHosphatase
MA2C_peak_2743	chrIII	8794162	8799162	+	3.6793	NA	intron (NM_066542, intron 2 of 11)	intron (NM_066542, intron 2 of 11)	3356	NM_066542	176237	Cel.22669	NM_001027439		zfp-1	-	Zinc Finger Protein
MA2C_peak_1657	chrII	8930934	8935583	+	3.6478	NA	intron (NM_063499, intron 2 of 2)	intron (NM_063499, intron 2 of 2)	-1044	NM_063500	174424	Cel.6937	NM_063500		T21B10.3	-	hypothetical protein
MA2C_peak_1111	chrII	1319644	1323770	+	3.6462	NA	intron (NM_170973, intron 3 of 4)	AT_rich|Low_complexity|Low_complexity	553	NM_170973	173512	Cel.17617	NM_170973		vig-1	-	VIG (Drosophila Vasa Intronic Gene) ortholog
MA2C_peak_1516	chrII	7679516	7684616	+	3.6360	NA	TTS (NM_001026924)	TTS (NM_001026924)	175	NM_001026921	3565051	Cel.7943	NM_001026921		lin-26	-	abnormal cell LINeage
MA2C_peak_5076	chrX	4142555	4147857	+	3.6352	NA	promoter-TSS (NM_076303)	promoter-TSS (NM_076303)	-185	NM_076303	180689	Cel.17565	NM_076303		ZK470.2	-	hypothetical protein
MA2C_peak_743	chrI	9514861	9518810	+	3.6326	NA	promoter-TSS (NM_001136287)	promoter-TSS (NM_001136287)	-985	NM_001136287	7040157	Cel.33696	NM_001136287		C41G7.9	-	hypothetical protein
MA2C_peak_3563	chrIV	8790816	8795128	+	3.6305	NA	promoter-TSS (NM_001027871)	promoter-TSS (NM_001027871)	-88	NM_001027871	177691	Cel.13405	NM_001027870		C33D9.3	-	hypothetical protein
MA2C_peak_5518	chrX	11478314	11482263	+	3.6180	NA	promoter-TSS (NM_077516)	promoter-TSS (NM_077516)	-15	NM_077516	181337	Cel.663	NM_077515		lin-14	-	abnormal cell LINeage
MA2C_peak_1563	chrII	8037938	8043187	+	3.6037	NA	exon (NM_063284, exon 3 of 5)	exon (NM_063284, exon 3 of 5)	622	NM_063284	182392	Cel.15950	NM_063284		C08B11.8	-	hypothetical protein
MA2C_peak_3231	chrIV	3382558	3387019	+	3.5969	NA	promoter-TSS (NM_182297)	promoter-TSS (NM_182297)	-644	NM_067934	177105	Cel.4966	NM_067934		B0546.4	-	hypothetical protein
MA2C_peak_4121	chrV	5683225	5688098	+	3.5967	NA	TTS (NM_072096)	TTS (NM_072096)	792	NM_072096	178957	Cel.3915	NM_072096		F25B4.4	-	hypothetical protein
MA2C_peak_4381	chrV	9728622	9732984	+	3.5918	NA	intron (NM_001028736, intron 1 of 3)	intron (NM_001028736, intron 1 of 3)	720	NM_001028736	179365	Cel.17779	NM_001028735		F40F9.7	-	hypothetical protein
MA2C_peak_864	chrI	10756542	10760453	+	3.5917	NA	intron (NM_001026427, intron 3 of 11)	intron (NM_001026427, intron 3 of 11)	-4262	NM_001026424	172981	Cel.18378	NM_001026422		daf-16	-	abnormal DAuer Formation
MA2C_peak_2499	chrIII	6603607	6608951	+	3.5905	NA	TTS (NM_066056)	TTS (NM_066056)	1774	NM_066056	175936	Cel.5076	NM_066056		mdh-1	-	Malate DeHydrogenase
MA2C_peak_2203	chrIII	3699956	3706912	+	3.5888	NA	promoter-TSS (NM_065347)	promoter-TSS (NM_065347)	-193	NM_065347	259498	Cel.10845	NM_065347		C14B1.3	-	hypothetical protein
MA2C_peak_3591	chrIV	9196389	9200738	+	3.5868	NA	Intergenic	Intergenic	-1531	NM_182275	177743	Cel.17683	NM_069202		wnk-1	-	mammalian WNK-type protein kinase homolog
MA2C_peak_3099	chrIV	254300	258499	+	3.5808	NA	promoter-TSS (NM_067485)	promoter-TSS (NM_067485)	790	NM_067486	176845	Cel.12526	NM_067486		R02D3.8	-	hypothetical protein
MA2C_peak_514	chrI	7312887	7318586	+	3.5554	NA	Intergenic	Intergenic	-1459	NM_001128980	3565846	Cel.32713	NM_001128979		F13G3.10	-	hypothetical protein
MA2C_peak_3009	chrIII	12367102	12371178	+	3.5503	NA	Intergenic	Intergenic	-1094	NM_067207	176660	Cel.17919	NM_067207		his-72	-	HIStone
MA2C_peak_533	chrI	7515868	7522638	+	3.5459	NA	Intergenic	Intergenic	-2859	NM_059707	172505	Cel.17339	NM_059707		goa-1	-	G protein,O, Alpha subunit
MA2C_peak_1561	chrII	8012180	8019641	+	3.5434	NA	TTS (NM_063275)	TTS (NM_063275)	-1701	NM_063276	174284	Cel.5766	NM_063276		zyg-11	-	ZYGote defective: embryonic lethal
MA2C_peak_182	chrI	3873546	3878053	+	3.5179	NA	TTS (NM_001026435)	TTS (NM_001026435)	907	NM_001026435	171969	Cel.32729	NM_001026435		T03F1.12	-	hypothetical protein
MA2C_peak_1282	chrII	5688207	5692315	+	3.5165	NA	3' UTR (NM_171002, exon 5 of 5)	3' UTR (NM_171002, exon 5 of 5)	1025	NM_171002	173963	Cel.18282	NM_171001		C25H3.9	-	hypothetical protein
MA2C_peak_4708	chrV	13786573	13791222	+	3.5130	NA	promoter-TSS (NM_001047656)	promoter-TSS (NM_001047656)	-861	NM_001047656	179874	Cel.17385	NM_001047655		F53C11.5	-	hypothetical protein
MA2C_peak_385	chrI	6314947	6319246	+	3.5095	NA	promoter-TSS (NM_059424)	promoter-TSS (NM_059424)	-607	NM_059424	172330	Cel.17404	NM_059424		F26B1.2	-	hypothetical protein
MA2C_peak_1722	chrII	9617548	9622297	+	3.5089	NA	intron (NM_171030, intron 6 of 7)	intron (NM_171030, intron 6 of 7)	-2877	NM_063670	188538	Cel.14360	NM_063670		coiled-coil	-	hypothetical protein
MA2C_peak_3445	chrIV	7389832	7394281	+	3.5079	NA	Intergenic	Intergenic	-1149	NM_068779	177512	Cel.17837	NM_068779		C48A7.2	-	hypothetical protein
MA2C_peak_776	chrI	9851203	9860449	+	3.5050	NA	Intergenic	Intergenic	-4043	NM_060208	172837	Cel.17284	NM_060208		K10C3.2	-	hypothetical protein
MA2C_peak_3712	chrIV	11018803	11023312	+	3.5046	NA	3' UTR (NM_001047470, exon 2 of 2)	3' UTR (NM_001047470, exon 2 of 2)	589	NM_001047470	4363079	Cel.33808	NM_001047470		F13H10.8	-	hypothetical protein
MA2C_peak_3438	chrIV	7233818	7238456	+	3.4932	NA	Intergenic	Intergenic	-1575	NM_068746	183948	Cel.13217	NM_068746		elo-3	-	fatty acid ELOngation
MA2C_peak_2574	chrIII	7356381	7360649	+	3.4868	NA	promoter-TSS (NM_066225)	promoter-TSS (NM_066225)	481	NM_066224	176046	Cel.5056	NM_066224		F08F8.4	-	hypothetical protein
MA2C_peak_1630	chrII	8742853	8747402	+	3.4867	NA	intron (NM_063459, intron 2 of 7)	intron (NM_063459, intron 2 of 7)	1120	NM_063459	174398	Cel.8693	NM_001027067		K08F8.1	-	hypothetical protein
MA2C_peak_4300	chrV	8662462	8668061	+	3.4767	NA	promoter-TSS (NM_072832)	promoter-TSS (NM_072832)	-781	NM_072832	179248	Cel.8994	NM_072832		ZC190.4	-	hypothetical protein
MA2C_peak_3771	chrIV	11591414	11597988	+	3.4692	NA	promoter-TSS (NM_001129307)	promoter-TSS (NM_001129307)	35	NM_001129307	178082	Cel.5312	NM_001129307		F40F11.2	-	hypothetical protein
MA2C_peak_3492	chrIV	7901275	7905577	+	3.4676	NA	promoter-TSS (NM_068914)	promoter-TSS (NM_068914)	-297	NM_068915	177577	Cel.7833	NM_068914		C49H3.6	-	hypothetical protein
MA2C_peak_1219	chrII	4901462	4906323	+	3.4640	NA	promoter-TSS (NM_062492)	promoter-TSS (NM_062492)	-109	NM_062492	173846	Cel.7260	NM_062492		sgt-1	-	Small Glutamine-rich Tetratrico repeat protein
MA2C_peak_2551	chrIII	7164105	7169611	+	3.4501	NA	promoter-TSS (NM_066167)	promoter-TSS (NM_066167)	-909	NM_066167	176005	Cel.5646	NM_066167		acs-16	-	fatty Acid CoA Synthetase family
MA2C_peak_2944	chrIII	10817072	10822323	+	3.4484	NA	Intergenic	Intergenic	-2970	NM_066985	176512	Cel.22455	NM_001129236		sca-1	-	SERCA (Sarco-Endoplasmic Reticulum Calcium ATPase)
MA2C_peak_806	chrI	10171784	10176767	+	3.4477	NA	Intergenic	Intergenic	-1071	NM_060276	172881	Cel.17474	NM_060276		C25A1.4	-	hypothetical protein
MA2C_peak_147	chrI	3264662	3268568	+	3.4410	NA	promoter-TSS (NM_058731)	promoter-TSS (NM_058731)	148	NM_058732	171900	Cel.16472	NM_001047238		zip-4	-	bZIP transcription factor family
MA2C_peak_1427	chrII	6888291	6894912	+	3.4399	NA	TTS (NM_182155)	TTS (NM_182155)	-1246	NM_063008	174128	Cel.17877	NM_063008		C44B7.10	-	hypothetical protein
MA2C_peak_2344	chrIII	5076535	5080794	+	3.4369	NA	intron (NM_181921, intron 2 of 5)	intron (NM_181921, intron 2 of 5)	938	NM_181921	175691	Cel.17685	NM_065680		alh-1	-	ALdehyde deHydrogenase
MA2C_peak_4448	chrV	10677661	10682921	+	3.4226	NA	Intergenic	Intergenic	-2105	NM_073332	179486	Cel.17676	NM_073332		gsp-1	-	yeast Glc Seven-like Phosphatases
MA2C_peak_5011	chrX	3089473	3094375	+	3.4215	NA	TTS (NM_076128)	TTS (NM_076128)	1664	NM_171648	180596	Cel.19780	NM_171647		pccb-1	-	Propionyl Coenzyme A Carboxylase Beta subunit
MA2C_peak_696	chrI	9112215	9117306	+	3.4120	NA	Intergenic	Intergenic	-3347	NM_060045	172735	Cel.16131	NM_060045		ZK858.1	-	hypothetical protein
MA2C_peak_3464	chrIV	7553237	7558064	+	3.4106	NA	exon (NM_001028041, exon 3 of 5)	exon (NM_001028041, exon 3 of 5)	760	NM_001028042	3564919	Cel.23412	NM_001028041		F49E8.7	-	hypothetical protein
MA2C_peak_1584	chrII	8281593	8285792	+	3.4106	NA	promoter-TSS (NM_063348)	promoter-TSS (NM_063348)	99	NM_063349	174330	Cel.22476	NM_063349		cct-4	-	Chaperonin Containing TCP-1
MA2C_peak_232	chrI	4650244	4655895	+	3.4069	NA	promoter-TSS (NM_001047162)	promoter-TSS (NM_001047162)	-162	NM_001047161	181823	Cel.23560	NM_001047161		ptps-1	-	Pyruvoyl TetrahydrobioPterin Synthase
MA2C_peak_4218	chrV	7243049	7248110	+	3.3842	NA	exon (NM_072442, exon 2 of 6)	exon (NM_072442, exon 2 of 6)	1700	NM_072442	179120	Cel.17708	NM_072442		C05C8.7	-	hypothetical protein
MA2C_peak_2375	chrIII	5446871	5450875	+	3.3826	NA	promoter-TSS (NM_171865)	promoter-TSS (NM_171865)	-497	NM_171865	175749	Cel.10453	NM_171121		skpt-1	-	SKP2 (S phase Kinase associated Protein Two) homolog
MA2C_peak_397	chrI	6457994	6461945	+	3.3789	NA	promoter-TSS (NM_059457)	promoter-TSS (NM_059457)	-466	NM_059457	172350	Cel.7559	NM_059457		knl-2	-	Kinetochore NuLl
MA2C_peak_2489	chrIII	6440334	6444984	+	3.3609	NA	TTS (NM_066013)	TTS (NM_066013)	105	NM_171170	175915	Cel.17684	NM_171169		mel-32	-	Maternal Effect Lethal
MA2C_peak_2585	chrIII	7532189	7536682	+	3.3530	NA	exon (NM_001025993, exon 2 of 6)	exon (NM_001025993, exon 2 of 6)	2122	NM_001025993	176068	Cel.19645	NM_001025993		lin-39	-	abnormal cell LINeage
MA2C_peak_250	chrI	4913051	4919388	+	3.3442	NA	Intergenic	Intergenic	-2169	NM_059075	172109	Cel.8980	NM_059075		F21F3.6	-	hypothetical protein
MA2C_peak_2682	chrIII	8265247	8269838	+	3.3369	NA	TTS (NM_066415)	TTS (NM_066415)	732	NM_066415	184270	Cel.10621	NM_066415		F09G8.7	-	hypothetical protein
MA2C_peak_3354	chrIV	5938360	5942693	+	3.3333	NA	Intergenic	Intergenic	-1310	NM_068491	177362	Cel.12690	NM_068491		K02B2.3	-	hypothetical protein
MA2C_peak_2862	chrIII	9815884	9820047	+	3.3279	NA	promoter-TSS (NM_066775)	promoter-TSS (NM_066775)	-930	NM_066775	176390	Cel.17175	NM_066775		cnx-1	-	CalNeXin
MA2C_peak_656	chrI	8757010	8761085	+	3.3232	NA	promoter-TSS (NM_001025909)	promoter-TSS (NM_001025909)	-58	NM_001025909	259387	Cel.37034	NM_001025909		DY3.8	-	hypothetical protein
MA2C_peak_2432	chrIII	5947023	5953237	+	3.3162	NA	promoter-TSS (NM_065893)	promoter-TSS (NM_065893)	-246	NM_065893	175843	Cel.17714	NM_065892		F25B5.3	-	hypothetical protein
MA2C_peak_4193	chrV	6877072	6882755	+	3.3148	NA	Intergenic	Intergenic	-1413	NM_001028881	179077	Cel.18368	NM_001028881		unc-70	-	UNCoordinated
MA2C_peak_3705	chrIV	10932027	10937842	+	3.3123	NA	TTS (NM_069633)	TTS (NM_069633)	941	NM_069634	177989	Cel.18191	NM_069634		lgg-2	-	LC3, GABARAP and GATE-16 family
MA2C_peak_5010	chrX	3022934	3027067	+	3.3107	NA	promoter-TSS (NM_076114)	promoter-TSS (NM_076114)	-528	NM_076114	180589	Cel.6245	NM_076114		aqp-7	-	AQuaPorin or aquaglyceroporin related
MA2C_peak_4068	chrV	4499304	4503244	+	3.3099	NA	exon (NM_001028998, exon 2 of 10)	exon (NM_001028998, exon 2 of 10)	1812	NM_001028999	178845	Cel.8113	NM_001028998		unc-62	-	UNCoordinated
MA2C_peak_415	chrI	6576772	6581771	+	3.3016	NA	intron (NM_059496, intron 1 of 7)	intron (NM_059496, intron 1 of 7)	5266	NM_059496	266837	Cel.17486	NM_059496		let-607	-	LEThal
MA2C_peak_3815	chrIV	12120586	12124539	+	3.2973	NA	promoter-TSS (NM_001083228)	promoter-TSS (NM_001083228)	-563	NM_001083228	178157	Cel.4924	NM_001083228		aly-3	-	Ref/ALY RNA export adaptor family
MA2C_peak_2126	chrIII	1617949	1621868	+	3.2929	NA	promoter-TSS (NM_065027)	promoter-TSS (NM_065027)	169	NM_001129251	175316	Cel.7829	NM_001129251		hsp-60	-	Heat Shock Protein
MA2C_peak_2820	chrIII	9463858	9468457	+	3.2917	NA	promoter-TSS (NM_066682)	promoter-TSS (NM_066682)	-291	NM_066682	176329	Cel.10931	NM_066682		B0464.6	-	hypothetical protein
MA2C_peak_1675	chrII	9059066	9062968	+	3.2750	NA	promoter-TSS (NM_001027187)	promoter-TSS (NM_001027187)	37	NM_001027187	174444	Cel.17491	NM_001027186		T24B8.3	-	hypothetical protein
MA2C_peak_2425	chrIII	5914896	5920337	+	3.2671	NA	TTS (NM_001047382)	TTS (NM_001047382)	2290	NM_001047382	175836	Cel.10783	NM_001047382		C28H8.11	-	hypothetical protein
MA2C_peak_3887	chrIV	13383167	13387693	+	3.2629	NA	promoter-TSS (NM_001083269)	promoter-TSS (NM_001083269)	633	NM_001047588	4363066	Cel.8938	NM_001047588		Y62E10A.20	-	hypothetical protein
MA2C_peak_3253	chrIV	4026570	4031986	+	3.2605	NA	Intergenic	Intergenic	-1155	NM_001028241	177157	Cel.6901	NM_001028240		hlh-30	-	Helix Loop Helix
MA2C_peak_1532	chrII	7808739	7812646	+	3.2512	NA	promoter-TSS (NM_063240)	promoter-TSS (NM_063240)	-479	NM_063240	174260	Cel.19541	NM_063240		cki-1	-	CKI family (Cyclin-dependent Kinase Inhibitor)
MA2C_peak_4618	chrV	12538099	12541998	+	3.2363	NA	promoter-TSS (NM_073740)	promoter-TSS (NM_073740)	-969	NM_073740	179716	Cel.7403	NM_073740		F45D3.2	-	hypothetical protein
MA2C_peak_553	chrI	7656804	7662446	+	3.2296	NA	Intergenic	Intergenic	-1337	NM_059732	172525	Cel.18879	NM_059732		F26A3.4	-	hypothetical protein
MA2C_peak_2293	chrIII	4565349	4570407	+	3.2276	NA	exon (NM_001027390, exon 2 of 9)	exon (NM_001027390, exon 2 of 9)	206	NR_002369	175597	Cel.7885	NM_001027390		mlcd-1	-	MaLonyl CoA Decarboxylase
MA2C_peak_2839	chrIII	9613171	9617392	+	3.2261	NA	TTS (NM_066726)	TTS (NM_066726)	889	NM_066726	186485	Cel.10382	NM_066726		F58A4.6	-	hypothetical protein
MA2C_peak_735	chrI	9442154	9448204	+	3.2197	NA	intron (NM_060107, intron 1 of 4)	intron (NM_060107, intron 1 of 4)	5544	NM_060107	172771	Cel.18412	NM_060107		mec-8	-	MEChanosensory abnormality
MA2C_peak_2847	chrIII	9694379	9705935	+	3.2147	NA	intron (NM_181913, intron 1 of 8)	intron (NM_181913, intron 1 of 8)	262	NM_181913	176369	Cel.17152	NM_001047379		tlk-1	-	Tousled-Like Kinase
MA2C_peak_560	chrI	7706705	7712794	+	3.2121	NA	Intergenic	Intergenic	-2698	NM_059746	172536	Cel.17221	NM_001128989		F27D4.2	-	hypothetical protein
MA2C_peak_811	chrI	10231041	10235715	+	3.2093	NA	Intergenic	Intergenic	-2173	NM_060293	172891	Cel.7247	NM_060293		csnk-1	-	CaSeiN Kinase
MA2C_peak_2331	chrIII	4929094	4936472	+	3.2079	NA	promoter-TSS (NM_065641)	promoter-TSS (NM_065641)	196	NM_065642	175665	Cel.10802	NM_065642		C26E6.7	-	hypothetical protein
MA2C_peak_2415	chrIII	5833428	5845513	+	3.2043	NA	Intergenic	Intergenic	2592	NM_065858	189187	Cel.27937	NM_065858		W04D12.1	-	hypothetical protein
MA2C_peak_4671	chrV	13370223	13376726	+	3.1799	NA	promoter-TSS (NM_001129508)	promoter-TSS (NM_001129508)	-545	NM_001129508	179817	Cel.6790	NM_001129508		tag-260	-	Temporarily Assigned Gene name
MA2C_peak_5245	chrX	6518249	6522248	+	3.1765	NA	intron (NM_076698, intron 2 of 8)	intron (NM_076698, intron 2 of 8)	472	NM_076698	180927	Cel.23187	NM_001129665		ets-4	-	ETS class transcription factor
MA2C_peak_529	chrI	7475747	7479868	+	3.1716	NA	promoter-TSS (NM_059697)	promoter-TSS (NM_059697)	-865	NM_059697	172501	Cel.16662	NM_059697		T28F4.1	-	hypothetical protein
MA2C_peak_1250	chrII	5277627	5283056	+	3.1504	NA	intron (NM_062589, intron 1 of 4)	intron (NM_062589, intron 1 of 4)	1957	NM_062590	173901	Cel.17797	NM_062589		pmt-1	-	Phosphoethanolamine MethyTransferase
MA2C_peak_356	chrI	6107317	6111373	+	3.1485	NA	promoter-TSS (NM_059364)	promoter-TSS (NM_059364)	312	NM_059363	172295	Cel.7336	NM_059363		T27A3.7	-	hypothetical protein
MA2C_peak_761	chrI	9719983	9725049	+	3.1403	NA	promoter-TSS (NM_170911)	promoter-TSS (NM_170911)	-24	NM_170911	172823	Cel.20772	NM_170911		eat-16	-	EATing: abnormal pharyngeal pumping
MA2C_peak_2358	chrIII	5205182	5209517	+	3.1307	NA	promoter-TSS (NM_065703)	promoter-TSS (NM_065703)	-479	NM_065703	175711	Cel.5348	NM_065703		morc-1	-	MORC (mouse microrchidia) family CW-type zinc finger protein
MA2C_peak_1671	chrII	9026316	9031995	+	3.1261	NA	promoter-TSS (NM_063525)	promoter-TSS (NM_063525)	22	NM_063525	185416	Cel.15195	NM_063525		F37B12.1	-	hypothetical protein
MA2C_peak_3198	chrIV	2663875	2667818	+	3.0869	NA	Intergenic	Intergenic	-1201	NM_171293	177051	Cel.23071	NM_171292		Y69A2AR.1	-	hypothetical protein
MA2C_peak_2208	chrIII	3733718	3737874	+	3.0861	NA	promoter-TSS (NM_065355)	promoter-TSS (NM_065355)	-775	NM_065355	175481	Cel.10539	NM_065355		F34D10.2	-	hypothetical protein
MA2C_peak_2278	chrIII	4447792	4456453	+	3.0705	NA	TTS (NM_065504)	TTS (NM_065504)	1217	NM_065504	182972	Cel.25937	NM_065504		C28A5.5	-	hypothetical protein
MA2C_peak_5517	chrX	11473312	11477763	+	3.0696	NA	intron (NM_077515, intron 1 of 9)	intron (NM_077515, intron 1 of 9)	-4766	NM_077516	181337	Cel.663	NM_077515		lin-14	-	abnormal cell LINeage
MA2C_peak_3615	chrIV	9523806	9528762	+	3.0587	NA	promoter-TSS (NM_069288)	promoter-TSS (NM_069288)	-59	NM_069288	177787	Cel.19507	NM_069288		elo-1	-	fatty acid ELOngation
MA2C_peak_5146	chrX	5115721	5119871	+	3.0546	NA	promoter-TSS (NM_076469)	promoter-TSS (NM_076469)	-957	NM_076470	180783	Cel.6164	NM_076469		apl-1	-	Amyloid Precursor-Like
MA2C_peak_733	chrI	9424750	9430381	+	3.0493	NA	intron (NM_060104, intron 5 of 6)	intron (NM_060104, intron 5 of 6)	-3676	NM_060105	182726	Cel.19226	NM_060105		C17E4.9	-	hypothetical protein
MA2C_peak_5080	chrX	4218403	4222869	+	3.0244	NA	Intergenic	Intergenic	-2202	NM_076319	189094	Cel.29395	NM_076319		W01H2.2	-	hypothetical protein
MA2C_peak_2284	chrIII	4491754	4496354	+	2.9986	NA	exon (NM_065513, exon 3 of 7)	exon (NM_065513, exon 3 of 7)	364	NM_001025990	175587	Cel.17887	NM_001025990		atf-7	-	ATF (cAMP-dependent transciption factor) family
MA2C_peak_5058	chrX	3819580	3823653	+	2.9769	NA	intron (NM_001029590, intron 1 of 4)	intron (NM_001029590, intron 1 of 4)	-1065	NM_001047800	180670	Cel.17888	NM_001029589		fkh-9	-	ForKHead transcription factor family
MA2C_peak_677	chrI	8975509	8987329	+	2.9627	NA	exon (NM_060016, exon 7 of 11)	exon (NM_060016, exon 7 of 11)	5095	NM_060016	172715	Cel.18801	NM_060016		fasn-1	-	Fatty Acid SyNthase
MA2C_peak_4556	chrV	11818189	11823244	+	2.9589	NA	intron (NM_073576, intron 5 of 9)	intron (NM_073576, intron 5 of 9)	1790	NM_073576	179616	Cel.22714	NM_073576		pyc-1	-	PYruvate Carboxylase
MA2C_peak_1824	chrII	10924692	10929483	+	2.9302	NA	exon (NM_063952, exon 3 of 9)	exon (NM_063952, exon 3 of 9)	604	NM_063952	174681	Cel.16853	NM_063952		R03D7.1	-	hypothetical protein
MA2C_peak_4700	chrV	13652928	13656927	+	2.9217	NA	promoter-TSS (NM_073979)	promoter-TSS (NM_073979)	-816	NM_073979	179853	Cel.8828	NM_073979		H37A05.1	-	hypothetical protein
MA2C_peak_2391	chrIII	5620199	5624799	+	2.9003	NA	Intergenic	Intergenic	-2469	NM_065810	175781	Cel.6349	NM_001025977		daf-4	-	abnormal DAuer Formation
MA2C_peak_2288	chrIII	4502087	4509161	+	2.8693	NA	intron (NM_171104, intron 2 of 7)	intron (NM_171104, intron 2 of 7)	2457	NM_171104	175588	Cel.18128	NM_065514		cct-5	-	Chaperonin Containing TCP-1
MA2C_peak_2451	chrIII	6137608	6141723	+	2.8491	NA	Intergenic	Intergenic	-3444	NM_001027695	175863	Cel.6499	NM_001027695		Y42G9A.4	-	hypothetical protein
MA2C_peak_787	chrI	9960593	9965093	+	2.8192	NA	promoter-TSS (NM_060233)	promoter-TSS (NM_060233)	-883	NM_060233	172855	Cel.16693	NM_060233		tag-179	-	Temporarily Assigned Gene name
MA2C_peak_549	chrI	7608379	7614436	+	2.7552	NA	Intergenic	Intergenic	-2764	NM_059726	172520	Cel.18450	NM_059726		lrp-1	-	Low-density lipoprotein Receptor Related
MA2C_peak_455	chrI	6882656	6886697	+	2.7529	NA	Intergenic	Intergenic	-1565	NM_001026454	188703	Cel.16725	NM_001026454		asd-2	-	Alternative Splicing Defective
MA2C_peak_2849	chrIII	9744915	9748937	+	2.7436	NA	promoter-TSS (NM_001027576)	promoter-TSS (NM_001027576)	167	NM_066751	176373	Cel.10082	NM_066751		iff-1	-	Initiation Factor Five (eIF-5A) homologs
MA2C_peak_2943	chrIII	10811964	10817021	+	2.7418	NA	exon (NM_066984, exon 5 of 8)	exon (NM_066984, exon 5 of 8)	2234	NM_001129236	176512	Cel.22455	NM_001129236		sca-1	-	SERCA (Sarco-Endoplasmic Reticulum Calcium ATPase)
MA2C_peak_85	chrI	1836959	1842277	+	2.6962	NA	intron (NM_001026403, intron 4 of 6)	intron (NM_001026403, intron 4 of 6)	1846	NM_001026403	171751	Cel.20779	NM_001026403		egl-30	-	EGg Laying defective
MA2C_peak_3666	chrIV	10341278	10346362	+	2.6724	NA	intron (NM_001028123, intron 1 of 5)	intron (NM_001028123, intron 1 of 5)	-3292	NM_001136391	177921	Cel.22903	NM_001028122		unc-43	-	UNCoordinated
MA2C_peak_337	chrI	5875013	5879913	+	2.6666	NA	exon (NM_170870, exon 5 of 9)	exon (NM_170870, exon 5 of 9)	1494	NM_171838	172261	Cel.20504	NM_170870		noah-1	-	NOmpA Homolog (Drosophila nompA: no mechanoreceptor potential A)
MA2C_peak_4865	chrV	20660914	20665013	+	2.6363	NA	exon (NM_075592, exon 3 of 15)	exon (NM_075592, exon 3 of 15)	364	NM_075592	180352	Cel.20885	NM_075592		mlt-11	-	MoLTing defective
MA2C_peak_1558	chrII	7982432	7986881	+	2.5319	NA	promoter-TSS (NM_182173)	promoter-TSS (NM_182173)	-511	NM_182173	3565199	Cel.30904	NM_063271		DH11.5	-	hypothetical protein
MA2C_peak_3499	chrIV	7957635	7961835	+	2.4654	NA	exon (NM_001047473, exon 6 of 12)	exon (NM_001047473, exon 6 of 12)	1139	NM_001047474	177591	Cel.6224	NM_001047473		csr-1	-	Chromosome-Segregation and RNAi deficient
MA2C_peak_5453	chrX	10392894	10398147	+	2.4309	NA	Intergenic	Intergenic	-1655	NM_077341	181244	Cel.5225	NM_077341		F46F6.2	-	hypothetical protein
